Time,Time Reference,fc1HighImuValuesAccelX.value,fc1HighImuValuesAccelY.distinct,fc1HighImuValuesAccelZ.distinct,fc1LowImuValuesAccelX.distinct,fc1LowImuValuesAccelY.distinct,fc1LowImuValuesAccelZ.distinct
1.76514E+12,-1.781,undefined,-0.163312137,0.025227189,1.016991973,0.028304001,0.043920003
1.76514E+12,-1.692,0.993380547,undefined,undefined,undefined,undefined,undefined
1.76514E+12,-1.681,undefined,-0.04997557,-0.072476745,1.01504004,0.027328001,0.040991999
1.76514E+12,-1.672,1.050048828,undefined,undefined,undefined,undefined,undefined
1.76514E+12,-1.643,1.10671711,undefined,undefined,undefined,undefined,undefined
1.76514E+12,-1.608,0.936712265,undefined,undefined,undefined,undefined,undefined
1.76514E+12,-1.581,undefined,-0.04997557,0.122931123,1.017968059,0.031232001,0.040015999
1.76514E+12,-1.577,0.993380547,undefined,undefined,undefined,undefined,undefined
1.76514E+12,-1.543,1.050048828,undefined,undefined,undefined,undefined,undefined
1.76514E+12,-1.509,0.993380547,undefined,undefined,undefined,undefined,undefined
1.76514E+12,-1.481,undefined,-0.04997557,0.074079156,1.018944025,0.026352001,0.041968003
1.76514E+12,-1.477,1.276721954,undefined,undefined,undefined,undefined,undefined
1.76514E+12,-1.443,1.163385391,undefined,undefined,undefined,undefined,undefined
1.76514E+12,-1.409,0.823375702,undefined,undefined,undefined,undefined,undefined
1.76514E+12,-1.381,undefined,-0.106643848,-0.072476745,1.019919991,0.032207999,0.040015999
1.76514E+12,-1.374,1.050048828,undefined,undefined,undefined,undefined,undefined
1.76514E+12,-1.344,1.10671711,undefined,undefined,undefined,undefined,undefined
1.76514E+12,-1.324,0.936712265,undefined,undefined,undefined,undefined,undefined
1.76514E+12,-1.304,1.050048828,undefined,undefined,undefined,undefined,undefined
1.76514E+12,-1.281,undefined,-0.163312137,0.025227189,1.014064074,0.031232001,0.040015999
1.76514E+12,-1.273,1.10671711,undefined,undefined,undefined,undefined,undefined
1.76514E+12,-1.242,0.936712265,undefined,undefined,undefined,undefined,undefined
1.76514E+12,-1.217,1.10671711,undefined,undefined,undefined,undefined,undefined
1.76514E+12,-1.197,0.936712265,undefined,undefined,undefined,undefined,undefined
1.76514E+12,-1.181,undefined,-0.04997557,0.074079156,1.016016006,0.026352001,0.042943999
1.76514E+12,-1.164,0.993380547,undefined,undefined,undefined,undefined,undefined
1.76514E+12,-1.134,0.993380547,undefined,undefined,undefined,undefined,undefined
1.76514E+12,-1.101,1.276721954,undefined,undefined,undefined,undefined,undefined
1.76514E+12,-1.081,undefined,0.176697612,0.220635056,1.013087988,0.030256001,0.040015999
1.76514E+12,-1.066,1.10671711,undefined,undefined,undefined,undefined,undefined
1.76514E+12,-1.034,0.993380547,undefined,undefined,undefined,undefined,undefined
1.76514E+12,-0.999,0.993380547,undefined,undefined,undefined,undefined,undefined
1.76514E+12,-0.981,undefined,0.00669271,0.122931123,1.018944025,0.028304001,0.040991999
1.76514E+12,-0.966,0.993380547,undefined,undefined,undefined,undefined,undefined
1.76514E+12,-0.914,1.10671711,undefined,undefined,undefined,undefined,undefined
1.76514E+12,-0.892,1.10671711,undefined,undefined,undefined,undefined,undefined
1.76514E+12,-0.881,undefined,-0.163312137,0.025227189,1.013087988,0.033184003,0.040015999
1.76514E+12,-0.861,0.993380547,undefined,undefined,undefined,undefined,undefined
1.76514E+12,-0.828,1.390058637,undefined,undefined,undefined,undefined,undefined
1.76514E+12,-0.793,0.993380547,undefined,undefined,undefined,undefined,undefined
1.76514E+12,-0.781,undefined,0.00669271,0.122931123,1.017968059,0.027328001,0.041968003
1.76514E+12,-0.761,0.993380547,undefined,undefined,undefined,undefined,undefined
1.76514E+12,-0.693,0.993380547,undefined,undefined,undefined,undefined,undefined
1.76514E+12,-0.681,undefined,0.00669271,-0.023624778,1.014064074,0.027328001,0.040991999
1.76514E+12,-0.673,1.050048828,undefined,undefined,undefined,undefined,undefined
1.76514E+12,-0.643,1.050048828,undefined,undefined,undefined,undefined,undefined
1.76514E+12,-0.61,1.10671711,undefined,undefined,undefined,undefined,undefined
1.76514E+12,-0.581,undefined,-0.163312137,0.122931123,1.014064074,0.026352001,0.045872003
1.76514E+12,-0.578,1.050048828,undefined,undefined,undefined,undefined,undefined
1.76514E+12,-0.542,0.993380547,undefined,undefined,undefined,undefined,undefined
1.76514E+12,-0.51,0.993380547,undefined,undefined,undefined,undefined,undefined
1.76514E+12,-0.481,undefined,-0.04997557,0.122931123,1.017968059,0.027328001,0.044895999
1.76514E+12,-0.478,1.050048828,undefined,undefined,undefined,undefined,undefined
1.76514E+12,-0.443,1.10671711,undefined,undefined,undefined,undefined,undefined
1.76514E+12,-0.41,0.993380547,undefined,undefined,undefined,undefined,undefined
1.76514E+12,-0.381,undefined,0.00669271,-0.023624778,1.016016006,0.026352001,0.040015999
1.76514E+12,-0.378,0.880043983,undefined,undefined,undefined,undefined,undefined
1.76514E+12,-0.343,0.993380547,undefined,undefined,undefined,undefined,undefined
1.76514E+12,-0.31,0.823375702,undefined,undefined,undefined,undefined,undefined
1.76514E+12,-0.281,undefined,-0.163312137,0.122931123,1.013087988,0.030256001,0.042943999
1.76514E+12,-0.277,0.880043983,undefined,undefined,undefined,undefined,undefined
1.76514E+12,-0.23,0.880043983,undefined,undefined,undefined,undefined,undefined
1.76514E+12,-0.21,0.880043983,undefined,undefined,undefined,undefined,undefined
1.76514E+12,-0.181,undefined,-0.219980478,0.269487023,1.016991973,0.031232001,0.034159999
1.76514E+12,-0.177,1.220053673,undefined,undefined,undefined,undefined,undefined
1.76514E+12,-0.143,0.880043983,undefined,undefined,undefined,undefined,undefined
1.76514E+12,-0.109,1.050048828,undefined,undefined,undefined,undefined,undefined
1.76514E+12,-0.081,undefined,-0.106643848,0.17178309,1.456192017,0.050751999,0.100528002
1.76514E+12,-0.06,1.050048828,undefined,undefined,undefined,undefined,undefined
1.76514E+12,-0.04,1.10671711,undefined,undefined,undefined,undefined,undefined
1.76514E+12,-0.019,1.276721954,undefined,undefined,undefined,undefined,undefined
1.76514E+12,0,0.993380547,undefined,undefined,undefined,undefined,undefined
1.76514E+12,0.019,undefined,-0.27664876,0.464894891,6.90617609,-0.082960002,0.128831998
1.76514E+12,0.023,3.146775723,undefined,undefined,undefined,undefined,undefined
1.76514E+12,0.078,8.303590775,undefined,undefined,undefined,undefined,undefined
1.76514E+12,0.099,7.906912327,undefined,undefined,undefined,undefined,undefined
1.76514E+12,0.119,undefined,-0.163312137,-0.170180798,6.632895947,-0.010736,0.013664001
1.76514E+12,0.132,7.680239201,undefined,undefined,undefined,undefined,undefined
1.76514E+12,0.164,7.396897316,undefined,undefined,undefined,undefined,undefined
1.76514E+12,0.184,7.566902637,undefined,undefined,undefined,undefined,undefined
1.76514E+12,0.204,7.566902637,undefined,undefined,undefined,undefined,undefined
1.76514E+12,0.219,undefined,0.970053673,-0.854108453,6.635824203,0.934031963,-0.650991976
1.76514E+12,0.251,7.623570919,undefined,undefined,undefined,undefined,undefined
1.76514E+12,0.293,7.340229034,undefined,undefined,undefined,undefined,undefined
1.76514E+12,0.313,7.566902637,undefined,undefined,undefined,undefined,undefined
1.76514E+12,0.319,undefined,-0.389985323,0.220635056,6.879824162,0.406992018,-0.419679999
1.76514E+12,0.367,7.623570919,undefined,undefined,undefined,undefined,undefined
1.76514E+12,0.387,7.623570919,undefined,undefined,undefined,undefined,undefined
1.76514E+12,0.419,7.736907482,-1.296678066,2.174714088,6.595808029,-1.339071989,2.677167892
1.76514E+12,0.45,7.680239201,undefined,undefined,undefined,undefined,undefined
1.76514E+12,0.484,7.340229034,undefined,undefined,undefined,undefined,undefined
1.76514E+12,0.519,undefined,0.120029338,0.367190957,6.68950367,0.369903982,1.088240027
1.76514E+12,0.52,7.850244045,undefined,undefined,undefined,undefined,undefined
1.76514E+12,0.552,8.020249367,undefined,undefined,undefined,undefined,undefined
1.76514E+12,0.587,7.680239201,undefined,undefined,undefined,undefined,undefined
1.76514E+12,0.619,7.056887627,-0.04997557,-1.342628241,7.073072433,0.127856001,-1.521584034
1.76514E+12,0.653,8.303590775,undefined,undefined,undefined,undefined,undefined
1.76514E+12,0.687,7.906912327,undefined,undefined,undefined,undefined,undefined
1.76514E+12,0.719,undefined,0.346702456,-0.316736698,7.459568024,0.073200002,-0.13078399
1.76514E+12,0.72,8.190254211,undefined,undefined,undefined,undefined,undefined
1.76514E+12,0.766,8.643600464,undefined,undefined,undefined,undefined,undefined
1.76514E+12,0.786,8.530263901,undefined,undefined,undefined,undefined,undefined
1.76514E+12,0.806,8.586932182,undefined,undefined,undefined,undefined,undefined
1.76514E+12,0.819,undefined,0.46003902,-0.072476745,7.502511978,0.091744006,-0.040015999
1.76514E+12,0.826,8.360259056,undefined,undefined,undefined,undefined,undefined
1.76514E+12,0.853,8.473595619,undefined,undefined,undefined,undefined,undefined
1.76514E+12,0.885,8.360259056,undefined,undefined,undefined,undefined,undefined
1.76514E+12,0.919,8.530263901,0.120029338,-0.023624778,7.562047958,0.086864002,-0.00488
1.76514E+12,0.953,8.530263901,undefined,undefined,undefined,undefined,undefined
1.76514E+12,0.987,8.530263901,undefined,undefined,undefined,undefined,undefined
1.76514E+12,1.019,8.416927338,0.00669271,-0.023624778,7.606944084,0.084912002,0.026352001
1.76514E+12,1.054,8.473595619,undefined,undefined,undefined,undefined,undefined
1.76514E+12,1.104,8.643600464,undefined,undefined,undefined,undefined,undefined
1.76514E+12,1.119,undefined,0.120029338,0.074079156,7.668432236,0.021472,0.041968003
1.76514E+12,1.124,8.643600464,undefined,undefined,undefined,undefined,undefined
1.76514E+12,1.157,8.700268745,undefined,undefined,undefined,undefined,undefined
1.76514E+12,1.192,8.700268745,undefined,undefined,undefined,undefined,undefined
1.76514E+12,1.219,undefined,0.00669271,0.025227189,7.65476799,0.089791998,0.050751999
1.76514E+12,1.222,8.700268745,undefined,undefined,undefined,undefined,undefined
1.76514E+12,1.242,8.700268745,undefined,undefined,undefined,undefined,undefined
1.76514E+12,1.262,8.700268745,undefined,undefined,undefined,undefined,undefined
1.76514E+12,1.319,undefined,0.346702456,-0.023624778,7.722112179,0.165920004,-0.007808
1.76514E+12,1.324,8.926941872,undefined,undefined,undefined,undefined,undefined
1.76514E+12,1.344,8.586932182,undefined,undefined,undefined,undefined,undefined
1.76514E+12,1.379,8.926941872,undefined,undefined,undefined,undefined,undefined
1.76514E+12,1.411,8.756937027,undefined,undefined,undefined,undefined,undefined
1.76514E+12,1.419,undefined,0.290034175,0.074079156,7.733824253,0.192272007,-0.041968003
1.76514E+12,1.461,8.87027359,undefined,undefined,undefined,undefined,undefined
1.76514E+12,1.483,8.756937027,undefined,undefined,undefined,undefined,undefined
1.76514E+12,1.519,undefined,0.403370738,-0.072476745,7.724063873,0.224480003,-0.082960002
1.76514E+12,1.532,8.643600464,undefined,undefined,undefined,undefined,undefined
1.76514E+12,1.552,8.813605309,undefined,undefined,undefined,undefined,undefined
1.76514E+12,1.572,8.813605309,undefined,undefined,undefined,undefined,undefined
1.76514E+12,1.592,8.813605309,undefined,undefined,undefined,undefined,undefined
1.76514E+12,1.614,8.87027359,undefined,undefined,undefined,undefined,undefined
1.76514E+12,1.619,undefined,0.120029338,0.122931123,7.710400105,0.135664001,-0.129807994
1.76514E+12,1.663,8.813605309,undefined,undefined,undefined,undefined,undefined
1.76514E+12,1.683,8.983610153,undefined,undefined,undefined,undefined,undefined
1.76514E+12,1.714,8.87027359,undefined,undefined,undefined,undefined,undefined
1.76514E+12,1.719,undefined,0.063360989,-0.170180798,7.70844841,0.081008002,-0.052704003
1.76514E+12,1.749,8.87027359,undefined,undefined,undefined,undefined,undefined
1.76514E+12,1.769,8.756937027,undefined,undefined,undefined,undefined,undefined
1.76514E+12,1.789,8.87027359,undefined,undefined,undefined,undefined,undefined
1.76514E+12,1.819,undefined,0.346702456,0.074079156,7.69868803,0.104432002,-0.045872003
1.76514E+12,1.828,8.87027359,undefined,undefined,undefined,undefined,undefined
1.76514E+12,1.848,8.700268745,undefined,undefined,undefined,undefined,undefined
1.76514E+12,1.894,8.756937027,undefined,undefined,undefined,undefined,undefined
1.76514E+12,1.914,8.87027359,undefined,undefined,undefined,undefined,undefined
1.76514E+12,1.919,undefined,-0.04997557,0.074079156,7.68307209,0.120048001,0.025376
1.76514E+12,1.948,8.813605309,undefined,undefined,undefined,undefined,undefined
1.76514E+12,1.981,8.87027359,undefined,undefined,undefined,undefined,undefined
1.76514E+12,2.013,8.756937027,undefined,undefined,undefined,undefined,undefined
1.76514E+12,2.019,undefined,0.233365893,0.074079156,7.63915205,0.159088001,-0.027328001
1.76514E+12,2.049,8.87027359,undefined,undefined,undefined,undefined,undefined
1.76514E+12,2.086,8.813605309,undefined,undefined,undefined,undefined,undefined
1.76514E+12,2.115,8.813605309,undefined,undefined,undefined,undefined,undefined
1.76514E+12,2.119,undefined,0.120029338,-0.023624778,7.645008087,0.063440003,-0.091744006
1.76514E+12,2.151,8.756937027,undefined,undefined,undefined,undefined,undefined
1.76514E+12,2.184,8.813605309,undefined,undefined,undefined,undefined,undefined
1.76514E+12,2.216,8.87027359,undefined,undefined,undefined,undefined,undefined
1.76514E+12,2.219,undefined,0.233365893,-0.267884731,7.584496021,0.101503998,-0.113216005
1.76514E+12,2.251,8.700268745,undefined,undefined,undefined,undefined,undefined
1.76514E+12,2.304,8.473595619,undefined,undefined,undefined,undefined,undefined
1.76514E+12,2.319,undefined,-0.04997557,-0.023624778,7.537647724,0.081983998,-0.016592002
1.76514E+12,2.324,8.473595619,undefined,undefined,undefined,undefined,undefined
1.76514E+12,2.354,8.586932182,undefined,undefined,undefined,undefined,undefined
1.76514E+12,2.388,8.360259056,undefined,undefined,undefined,undefined,undefined
1.76514E+12,2.419,undefined,0.063360989,0.025227189,7.461520195,0.071248002,-0.013664001
1.76514E+12,2.42,8.643600464,undefined,undefined,undefined,undefined,undefined
1.76514E+12,2.456,8.473595619,undefined,undefined,undefined,undefined,undefined
1.76514E+12,2.488,8.473595619,undefined,undefined,undefined,undefined,undefined
1.76514E+12,2.519,undefined,0.290034175,-0.170180798,7.281936169,0.120048001,-0.079056002
1.76514E+12,2.52,8.586932182,undefined,undefined,undefined,undefined,undefined
1.76514E+12,2.553,8.530263901,undefined,undefined,undefined,undefined,undefined
1.76514E+12,2.587,8.530263901,undefined,undefined,undefined,undefined,undefined
1.76514E+12,2.619,8.246922493,0.00669271,-0.121328712,7.276080132,0.090767995,-0.098576002
1.76514E+12,2.655,8.303590775,undefined,undefined,undefined,undefined,undefined
1.76514E+12,2.687,8.190254211,undefined,undefined,undefined,undefined,undefined
1.76514E+12,2.719,undefined,-0.106643848,-0.072476745,7.119919777,0.081983998,-0.090767995
1.76514E+12,2.72,8.020249367,undefined,undefined,undefined,undefined,undefined
1.76514E+12,2.755,8.416927338,undefined,undefined,undefined,undefined,undefined
1.76514E+12,2.787,8.076917648,undefined,undefined,undefined,undefined,undefined
1.76514E+12,2.819,undefined,0.063360989,0.220635056,7.008656025,0.116144001,-0.147376001
1.76514E+12,2.842,7.963580608,undefined,undefined,undefined,undefined,undefined
1.76514E+12,2.862,8.020249367,undefined,undefined,undefined,undefined,undefined
1.76514E+12,2.893,7.906912327,undefined,undefined,undefined,undefined,undefined
1.76514E+12,2.919,undefined,0.00669271,0.074079156,6.76172781,0.081008002,-0.109312005
1.76514E+12,2.926,7.963580608,undefined,undefined,undefined,undefined,undefined
1.76514E+12,2.959,7.680239201,undefined,undefined,undefined,undefined,undefined
1.76514E+12,2.992,7.793575764,undefined,undefined,undefined,undefined,undefined
1.76514E+12,3.019,undefined,0.00669271,0.17178309,6.597760201,0.01952,-0.148352012
1.76514E+12,3.027,7.736907482,undefined,undefined,undefined,undefined,undefined
1.76514E+12,3.06,7.680239201,undefined,undefined,undefined,undefined,undefined
1.76514E+12,3.113,7.340229034,undefined,undefined,undefined,undefined,undefined
1.76514E+12,3.119,undefined,-0.04997557,-0.267884731,6.687552452,0.033184003,-0.062464003
1.76514E+12,3.135,7.453565598,undefined,undefined,undefined,undefined,undefined
1.76514E+12,3.155,7.453565598,undefined,undefined,undefined,undefined,undefined
1.76514E+12,3.175,8.076917648,undefined,undefined,undefined,undefined,undefined
1.76514E+12,3.215,7.623570919,undefined,undefined,undefined,undefined,undefined
1.76514E+12,3.219,undefined,0.00669271,-0.463292599,6.368400097,0.023424,-0.066368006
1.76514E+12,3.236,7.396897316,undefined,undefined,undefined,undefined,undefined
1.76514E+12,3.268,7.340229034,undefined,undefined,undefined,undefined,undefined
1.76514E+12,3.303,7.17022419,undefined,undefined,undefined,undefined,undefined
1.76514E+12,3.319,undefined,-0.163312137,-0.072476745,6.105855942,0.085887998,-0.086864002
1.76514E+12,3.338,7.283560753,undefined,undefined,undefined,undefined,undefined
1.76514E+12,3.367,7.566902637,undefined,undefined,undefined,undefined,undefined
1.76514E+12,3.404,7.000219345,undefined,undefined,undefined,undefined,undefined
1.76514E+12,3.419,undefined,0.176697612,-0.414440632,6.00728035,0.017568002,-0.072223999
1.76514E+12,3.45,7.056887627,undefined,undefined,undefined,undefined,undefined
1.76514E+12,3.475,6.943551064,undefined,undefined,undefined,undefined,undefined
1.76514E+12,3.501,6.773546219,undefined,undefined,undefined,undefined,undefined
1.76514E+12,3.519,undefined,0.233365893,0.220635056,5.930176258,0.099552006,-0.076127999
1.76514E+12,3.521,7.056887627,undefined,undefined,undefined,undefined,undefined
1.76514E+12,3.541,6.773546219,undefined,undefined,undefined,undefined,undefined
1.76514E+12,3.583,6.716877937,undefined,undefined,undefined,undefined,undefined
1.76514E+12,3.603,6.716877937,undefined,undefined,undefined,undefined,undefined
1.76514E+12,3.619,undefined,-0.04997557,-0.170180798,5.656896114,0.01952,-0.074176006
1.76514E+12,3.639,6.8302145,undefined,undefined,undefined,undefined,undefined
1.76514E+12,3.667,6.660209656,undefined,undefined,undefined,undefined,undefined
1.76514E+12,3.687,6.660209656,undefined,undefined,undefined,undefined,undefined
1.76514E+12,3.707,6.490204811,undefined,undefined,undefined,undefined,undefined
1.76514E+12,3.719,undefined,0.063360989,-0.267884731,5.468527794,0.016592002,0.011712
1.76514E+12,3.746,6.263531685,undefined,undefined,undefined,undefined,undefined
1.76514E+12,3.767,6.320199966,undefined,undefined,undefined,undefined,undefined
1.76514E+12,3.8,6.263531685,undefined,undefined,undefined,undefined,undefined
1.76514E+12,3.819,undefined,0.120029338,-0.023624778,5.327008247,0.060512003,-0.083936006
1.76514E+12,3.833,5.866853714,undefined,undefined,undefined,undefined,undefined
1.76514E+12,3.853,6.206863403,undefined,undefined,undefined,undefined,undefined
1.76514E+12,3.873,6.036858559,undefined,undefined,undefined,undefined,undefined
1.76514E+12,3.901,6.206863403,undefined,undefined,undefined,undefined,undefined
1.76514E+12,3.919,undefined,-0.04997557,-0.267884731,5.100576401,0.050751999,-0.343551993
1.76514E+12,3.933,6.036858559,undefined,undefined,undefined,undefined,undefined
1.76514E+12,3.967,5.923521996,undefined,undefined,undefined,undefined,undefined
1.76514E+12,4.001,5.866853714,undefined,undefined,undefined,undefined,undefined
1.76514E+12,4.019,undefined,0.120029338,-0.267884731,4.991264343,0.040015999,-0.1708
1.76514E+12,4.036,5.753517151,undefined,undefined,undefined,undefined,undefined
1.76514E+12,4.073,5.753517151,undefined,undefined,undefined,undefined,undefined
1.76514E+12,4.107,5.583512306,undefined,undefined,undefined,undefined,undefined
1.76514E+12,4.119,undefined,-0.219980478,0.074079156,4.584271908,0.00976,-0.216672003
1.76514E+12,4.139,5.470175743,undefined,undefined,undefined,undefined,undefined
1.76514E+12,4.171,5.413507462,undefined,undefined,undefined,undefined,undefined
1.76514E+12,4.204,5.35683918,undefined,undefined,undefined,undefined,undefined
1.76514E+12,4.219,undefined,-0.04997557,-0.121328712,4.085536003,-0.069295995,-0.192272007
1.76514E+12,4.239,5.243502617,undefined,undefined,undefined,undefined,undefined
1.76514E+12,4.27,4.790155888,undefined,undefined,undefined,undefined,undefined
1.76514E+12,4.306,4.336809635,undefined,undefined,undefined,undefined,undefined
1.76514E+12,4.319,undefined,-0.04997557,-0.121328712,3.095872164,-0.064415999,-0.205936
1.76514E+12,4.357,4.053468227,undefined,undefined,undefined,undefined,undefined
1.76514E+12,4.377,4.280141354,undefined,undefined,undefined,undefined,undefined
1.76514E+12,4.411,3.430117369,undefined,undefined,undefined,undefined,undefined
1.76514E+12,4.419,undefined,-0.219980478,-0.316736698,2.219424009,-0.099552006,-0.131760001
1.76514E+12,4.445,3.203444004,undefined,undefined,undefined,undefined,undefined
1.76514E+12,4.478,2.750097752,undefined,undefined,undefined,undefined,undefined
1.76514E+12,4.509,2.863434315,undefined,undefined,undefined,undefined,undefined
1.76514E+12,4.519,undefined,-0.106643848,-0.512144566,1.34395206,-0.080031998,-0.165920004
1.76514E+12,4.564,2.126746178,undefined,undefined,undefined,undefined,undefined
1.76514E+12,4.594,1.560063481,undefined,undefined,undefined,undefined,undefined
1.76514E+12,4.614,1.446726918,undefined,undefined,undefined,undefined,undefined
1.76514E+12,4.619,undefined,-0.163312137,-0.316736698,0.502640009,-0.092720002,-0.217648
1.76514E+12,4.634,0.993380547,undefined,undefined,undefined,undefined,undefined
1.76514E+12,4.655,1.10671711,undefined,undefined,undefined,undefined,undefined
1.76514E+12,4.683,0.880043983,undefined,undefined,undefined,undefined,undefined
1.76514E+12,4.716,0.540034175,undefined,undefined,undefined,undefined,undefined
1.76514E+12,4.719,undefined,-0.106643848,0.562598825,-0.265472025,-0.078079998,-0.173728004
1.76514E+12,4.761,0.200024426,undefined,undefined,undefined,undefined,undefined
1.76514E+12,4.783,-0.139985323,undefined,undefined,undefined,undefined,undefined
1.76514E+12,4.803,-0.026648758,undefined,undefined,undefined,undefined,undefined
1.76514E+12,4.819,undefined,-0.389985323,-0.121328712,-0.790560007,-0.064415999,-0.238143995
1.76514E+12,4.823,-0.309990227,undefined,undefined,undefined,undefined,undefined
1.76514E+12,4.867,-0.706668258,undefined,undefined,undefined,undefined,undefined
1.76514E+12,4.887,-0.990009725,undefined,undefined,undefined,undefined,undefined
1.76514E+12,4.918,-1.103346348,undefined,undefined,undefined,undefined,undefined
1.76514E+12,4.919,undefined,-0.333317041,0.025227189,-1.064815998,-0.092720002,-0.171775997
1.76514E+12,4.964,-1.160014629,undefined,undefined,undefined,undefined,undefined
1.76514E+12,4.984,-1.216682911,undefined,undefined,undefined,undefined,undefined
1.76514E+12,5.017,-1.386687875,undefined,undefined,undefined,undefined,undefined
1.76514E+12,5.019,undefined,-0.04997557,-0.463292599,-1.170223951,-0.035136003,-0.256687999
1.76514E+12,5.037,-1.330019474,undefined,undefined,undefined,undefined,undefined
1.76514E+12,5.057,-1.330019474,undefined,undefined,undefined,undefined,undefined
1.76514E+12,5.103,-1.500024438,undefined,undefined,undefined,undefined,undefined
1.76514E+12,5.119,undefined,-0.04997557,-0.463292599,-1.208287954,-0.037088003,-0.090767995
1.76514E+12,5.123,-1.613361001,undefined,undefined,undefined,undefined,undefined
1.76514E+12,5.155,-1.556692719,undefined,undefined,undefined,undefined,undefined
1.76514E+12,5.191,-1.443356156,undefined,undefined,undefined,undefined,undefined
1.76514E+12,5.219,undefined,-0.106643848,-0.219032764,-1.208287954,0.0244,-0.205936
1.76514E+12,5.224,-1.500024438,undefined,undefined,undefined,undefined,undefined
1.76514E+12,5.258,-1.273351192,undefined,undefined,undefined,undefined,undefined
1.76514E+12,5.289,-1.670029283,undefined,undefined,undefined,undefined,undefined
1.76514E+12,5.319,undefined,-0.333317041,-0.267884731,-1.220976114,-0.045872003,-0.211792007
1.76514E+12,5.325,-1.386687875,undefined,undefined,undefined,undefined,undefined
1.76514E+12,5.376,-1.500024438,undefined,undefined,undefined,undefined,undefined
1.76514E+12,5.396,-1.386687875,undefined,undefined,undefined,undefined,undefined
1.76514E+12,5.419,undefined,-0.106643848,-0.219032764,-1.222927928,-0.018544002,-0.122975998
1.76514E+12,5.429,-1.386687875,undefined,undefined,undefined,undefined,undefined
1.76514E+12,5.465,-1.386687875,undefined,undefined,undefined,undefined,undefined
1.76514E+12,5.495,-1.443356156,undefined,undefined,undefined,undefined,undefined
1.76514E+12,5.519,undefined,-0.163312137,-0.414440632,-1.223904014,0.013664001,-0.244000003
1.76514E+12,5.531,-1.443356156,undefined,undefined,undefined,undefined,undefined
1.76514E+12,5.564,-1.443356156,undefined,undefined,undefined,undefined,undefined
1.76514E+12,5.597,-1.443356156,undefined,undefined,undefined,undefined,undefined
1.76514E+12,5.619,undefined,-0.106643848,0.220635056,-1.24049592,-0.058560003,-0.172751993
1.76514E+12,5.63,-1.443356156,undefined,undefined,undefined,undefined,undefined
1.76514E+12,5.664,-1.386687875,undefined,undefined,undefined,undefined,undefined
1.76514E+12,5.697,-1.386687875,undefined,undefined,undefined,undefined,undefined
1.76514E+12,5.719,undefined,-0.333317041,-0.414440632,-1.344928026,-0.050751999,0.000976
1.76514E+12,5.73,-1.500024438,undefined,undefined,undefined,undefined,undefined
1.76514E+12,5.766,-1.670029283,undefined,undefined,undefined,undefined,undefined
1.76514E+12,5.796,-1.670029283,undefined,undefined,undefined,undefined,undefined
1.76514E+12,5.819,undefined,-0.163312137,0.025227189,-1.324432015,-0.081983998,-0.118096001
1.76514E+12,5.831,-1.613361001,undefined,undefined,undefined,undefined,undefined
1.76514E+12,5.902,-1.443356156,undefined,undefined,undefined,undefined,undefined
1.76514E+12,5.919,undefined,-0.163312137,-0.072476745,-1.252207994,0.041968003,-0.187391996
1.76514E+12,5.922,-1.670029283,undefined,undefined,undefined,undefined,undefined
1.76514E+12,5.959,-1.443356156,undefined,undefined,undefined,undefined,undefined
1.76514E+12,5.992,-1.556692719,undefined,undefined,undefined,undefined,undefined
1.76514E+12,6.019,undefined,-0.163312137,-0.121328712,-1.237568021,0.016592002,-0.059535999
1.76514E+12,6.021,-1.613361001,undefined,undefined,undefined,undefined,undefined
1.76514E+12,6.058,-1.443356156,undefined,undefined,undefined,undefined,undefined
1.76514E+12,6.09,-1.386687875,undefined,undefined,undefined,undefined,undefined
1.76514E+12,6.119,undefined,-0.163312137,-0.267884731,-1.245375991,-0.040015999,-0.335744023
1.76514E+12,6.125,-1.500024438,undefined,undefined,undefined,undefined,undefined
1.76514E+12,6.158,-1.613361001,undefined,undefined,undefined,undefined,undefined
1.76514E+12,6.19,-1.613361001,undefined,undefined,undefined,undefined,undefined
1.76514E+12,6.219,undefined,0.063360989,-0.560996532,-1.26099205,0.125903994,-0.214719996
1.76514E+12,6.225,-1.556692719,undefined,undefined,undefined,undefined,undefined
1.76514E+12,6.256,-1.330019474,undefined,undefined,undefined,undefined,undefined
1.76514E+12,6.293,-1.386687875,undefined,undefined,undefined,undefined,undefined
1.76514E+12,6.319,undefined,-0.219980478,-0.121328712,-1.167296052,-0.011712,-0.340624005
1.76514E+12,6.324,-1.386687875,undefined,undefined,undefined,undefined,undefined
1.76514E+12,6.358,-1.500024438,undefined,undefined,undefined,undefined,undefined
1.76514E+12,6.402,-1.443356156,undefined,undefined,undefined,undefined,undefined
1.76514E+12,6.419,undefined,-0.333317041,-0.170180798,-1.18095994,-0.002928,-0.074176006
1.76514E+12,6.422,-1.386687875,undefined,undefined,undefined,undefined,undefined
1.76514E+12,6.476,-1.273351192,undefined,undefined,undefined,undefined,undefined
1.76514E+12,6.511,-1.500024438,undefined,undefined,undefined,undefined,undefined
1.76514E+12,6.519,undefined,-0.04997557,-0.560996532,-1.139968038,-0.069295995,-0.264495999
1.76514E+12,6.531,-1.613361001,undefined,undefined,undefined,undefined,undefined
1.76514E+12,6.551,-1.443356156,undefined,undefined,undefined,undefined,undefined
1.76514E+12,6.571,-1.500024438,undefined,undefined,undefined,undefined,undefined
1.76514E+12,6.598,-1.330019474,undefined,undefined,undefined,undefined,undefined
1.76514E+12,6.619,undefined,-0.106643848,-0.609848499,-1.114592075,0.014640001,-0.302560002
1.76514E+12,6.628,-1.386687875,undefined,undefined,undefined,undefined,undefined
1.76514E+12,6.677,-1.330019474,undefined,undefined,undefined,undefined,undefined
1.76514E+12,6.697,-1.273351192,undefined,undefined,undefined,undefined,undefined
1.76514E+12,6.719,undefined,-0.333317041,0.025227189,-1.087264061,-0.046847999,-0.240096003
1.76514E+12,6.729,-1.330019474,undefined,undefined,undefined,undefined,undefined
1.76514E+12,6.749,-1.273351192,undefined,undefined,undefined,undefined,undefined
1.76514E+12,6.769,-1.386687875,undefined,undefined,undefined,undefined,undefined
1.76514E+12,6.81,-1.330019474,undefined,undefined,undefined,undefined,undefined
1.76514E+12,6.819,undefined,-0.163312137,0.074079156,-1.055055976,-0.030256001,-0.194224
1.76514E+12,6.83,-1.216682911,undefined,undefined,undefined,undefined,undefined
1.76514E+12,6.863,-1.330019474,undefined,undefined,undefined,undefined,undefined
1.76514E+12,6.883,-1.273351192,undefined,undefined,undefined,undefined,undefined
1.76514E+12,6.903,-1.330019474,undefined,undefined,undefined,undefined,undefined
1.76514E+12,6.919,undefined,-0.163312137,-0.219032764,-1.025776029,-0.106384002,-0.224480003
1.76514E+12,6.943,-1.103346348,undefined,undefined,undefined,undefined,undefined
1.76514E+12,6.963,-1.273351192,undefined,undefined,undefined,undefined,undefined
1.76514E+12,6.983,-1.330019474,undefined,undefined,undefined,undefined,undefined
1.76514E+12,7.003,-1.273351192,undefined,undefined,undefined,undefined,undefined
1.76514E+12,7.019,undefined,-0.106643848,0.122931123,-1.041391969,0,-0.28987202
1.76514E+12,7.031,-1.330019474,undefined,undefined,undefined,undefined,undefined
1.76514E+12,7.084,-1.273351192,undefined,undefined,undefined,undefined,undefined
1.76514E+12,7.108,-1.386687875,undefined,undefined,undefined,undefined,undefined
1.76514E+12,7.119,undefined,-0.27664876,-0.170180798,-1.029680014,0.029280001,-0.124928005
1.76514E+12,7.139,-1.160014629,undefined,undefined,undefined,undefined,undefined
1.76514E+12,7.175,-1.386687875,undefined,undefined,undefined,undefined,undefined
1.76514E+12,7.207,-1.386687875,undefined,undefined,undefined,undefined,undefined
1.76514E+12,7.219,undefined,-0.163312137,-0.170180798,-0.980880022,-0.118096001,-0.197152004
1.76514E+12,7.239,-1.386687875,undefined,undefined,undefined,undefined,undefined
1.76514E+12,7.273,-1.273351192,undefined,undefined,undefined,undefined,undefined
1.76514E+12,7.308,-1.386687875,undefined,undefined,undefined,undefined,undefined
1.76514E+12,7.319,undefined,-0.04997557,-0.121328712,-0.937936008,0.044895999,-0.017568002
1.76514E+12,7.339,-1.330019474,undefined,undefined,undefined,undefined,undefined
1.76514E+12,7.396,-1.103346348,undefined,undefined,undefined,undefined,undefined
1.76514E+12,7.416,-1.046678066,undefined,undefined,undefined,undefined,undefined
1.76514E+12,7.419,undefined,-0.04997557,-0.023624778,-0.931104004,-0.084912002,-0.001952
1.76514E+12,7.454,-1.330019474,undefined,undefined,undefined,undefined,undefined
1.76514E+12,7.486,-1.046678066,undefined,undefined,undefined,undefined,undefined
1.76514E+12,7.518,-1.046678066,undefined,undefined,undefined,undefined,undefined
1.76514E+12,7.519,undefined,-0.163312137,-0.219032764,-0.880351961,0.014640001,0.020496
1.76514E+12,7.553,-1.103346348,undefined,undefined,undefined,undefined,undefined
1.76514E+12,7.586,-1.216682911,undefined,undefined,undefined,undefined,undefined
1.76514E+12,7.618,-1.160014629,undefined,undefined,undefined,undefined,undefined
1.76514E+12,7.619,undefined,-0.219980478,-0.023624778,-0.891088009,-0.078079998,-0.088816002
1.76514E+12,7.655,-1.046678066,undefined,undefined,undefined,undefined,undefined
1.76514E+12,7.703,-0.933341444,undefined,undefined,undefined,undefined,undefined
1.76514E+12,7.719,undefined,-0.27664876,-0.072476745,-0.890111983,-0.069295995,-0.066368006
1.76514E+12,7.724,-1.046678066,undefined,undefined,undefined,undefined,undefined
1.76514E+12,7.759,-1.160014629,undefined,undefined,undefined,undefined,undefined
1.76514E+12,7.792,-0.990009725,undefined,undefined,undefined,undefined,undefined
1.76514E+12,7.819,undefined,0.00669271,0.025227189,-0.851072013,0.099552006,-0.121024005
1.76514E+12,7.827,-1.216682911,undefined,undefined,undefined,undefined,undefined
1.76514E+12,7.862,-0.990009725,undefined,undefined,undefined,undefined,undefined
1.76514E+12,7.894,-0.876673162,undefined,undefined,undefined,undefined,undefined
1.76514E+12,7.919,undefined,0.063360989,-0.219032764,-0.857904017,0.102480002,-0.062464003
1.76514E+12,7.928,-1.103346348,undefined,undefined,undefined,undefined,undefined
1.76514E+12,7.963,-0.990009725,undefined,undefined,undefined,undefined,undefined
1.76514E+12,7.992,-1.046678066,undefined,undefined,undefined,undefined,undefined
1.76514E+12,8.019,undefined,-0.27664876,0.025227189,-0.811056018,-0.096624002,-0.011712
1.76514E+12,8.024,-1.046678066,undefined,undefined,undefined,undefined,undefined
1.76514E+12,8.06,-0.876673162,undefined,undefined,undefined,undefined,undefined
1.76514E+12,8.093,-1.046678066,undefined,undefined,undefined,undefined,undefined
1.76514E+12,8.119,undefined,0.00669271,-0.072476745,-0.813984036,-0.00976,-0.061487999
1.76514E+12,8.127,-0.933341444,undefined,undefined,undefined,undefined,undefined
1.76514E+12,8.159,-0.820004821,undefined,undefined,undefined,undefined,undefined
1.76514E+12,8.195,-1.046678066,undefined,undefined,undefined,undefined,undefined
1.76514E+12,8.219,undefined,0.00669271,-0.170180798,-0.791536033,-0.053679999,-0.163967997
1.76514E+12,8.226,-0.820004821,undefined,undefined,undefined,undefined,undefined
1.76514E+12,8.281,-0.990009725,undefined,undefined,undefined,undefined,undefined
1.76514E+12,8.301,-0.990009725,undefined,undefined,undefined,undefined,undefined
1.76514E+12,8.319,undefined,-0.333317041,-0.072476745,-0.779824018,-0.029280001,-0.112240002
1.76514E+12,8.334,-1.046678066,undefined,undefined,undefined,undefined,undefined
1.76514E+12,8.367,-0.990009725,undefined,undefined,undefined,undefined,undefined
1.76514E+12,8.402,-0.933341444,undefined,undefined,undefined,undefined,undefined
1.76514E+12,8.419,undefined,-0.106643848,-0.121328712,-0.735903978,0.045872003,-0.110288002
1.76514E+12,8.434,-1.046678066,undefined,undefined,undefined,undefined,undefined
1.76514E+12,8.465,-0.933341444,undefined,undefined,undefined,undefined,undefined
1.76514E+12,8.5,-1.046678066,undefined,undefined,undefined,undefined,undefined
1.76514E+12,8.519,undefined,0.063360989,-0.267884731,-0.719312012,0.029280001,-0.216672003
1.76514E+12,8.535,-0.933341444,undefined,undefined,undefined,undefined,undefined
1.76514E+12,8.566,-0.990009725,undefined,undefined,undefined,undefined,undefined
1.76514E+12,8.599,-0.933341444,undefined,undefined,undefined,undefined,undefined
1.76514E+12,8.619,undefined,-0.333317041,-0.072476745,-0.71735996,0.017568002,-0.175680012
1.76514E+12,8.634,-0.876673162,undefined,undefined,undefined,undefined,undefined
1.76514E+12,8.668,-0.933341444,undefined,undefined,undefined,undefined,undefined
1.76514E+12,8.701,-0.933341444,undefined,undefined,undefined,undefined,undefined
1.76514E+12,8.719,undefined,-0.04997557,0.074079156,-0.727119982,-0.067344002,-0.033184003
1.76514E+12,8.733,-0.820004821,undefined,undefined,undefined,undefined,undefined
1.76514E+12,8.766,-1.046678066,undefined,undefined,undefined,undefined,undefined
1.76514E+12,8.803,-0.933341444,undefined,undefined,undefined,undefined,undefined
1.76514E+12,8.819,undefined,-0.163312137,-0.170180798,-0.679296017,0.00488,-0.081983998
1.76514E+12,8.834,-0.876673162,undefined,undefined,undefined,undefined,undefined
1.76514E+12,8.866,-0.820004821,undefined,undefined,undefined,undefined,undefined
1.76514E+12,8.917,-0.990009725,undefined,undefined,undefined,undefined,undefined
1.76514E+12,8.919,undefined,-0.106643848,0.122931123,-0.674416006,-0.052704003,-0.185440004
1.76514E+12,8.937,-0.933341444,undefined,undefined,undefined,undefined,undefined
1.76514E+12,8.969,-0.820004821,undefined,undefined,undefined,undefined,undefined
1.76514E+12,9.004,-0.820004821,undefined,undefined,undefined,undefined,undefined
1.76514E+12,9.019,undefined,0.00669271,-0.121328712,-0.678319991,0.075152002,-0.026352001
1.76514E+12,9.035,-0.990009725,undefined,undefined,undefined,undefined,undefined
1.76514E+12,9.088,-0.933341444,undefined,undefined,undefined,undefined,undefined
1.76514E+12,9.112,-0.763336539,undefined,undefined,undefined,undefined,undefined
1.76514E+12,9.119,undefined,-0.27664876,-0.267884731,-0.62659198,-0.117120005,-0.050751999
1.76514E+12,9.146,-0.933341444,undefined,undefined,undefined,undefined,undefined
1.76514E+12,9.18,-0.820004821,undefined,undefined,undefined,undefined,undefined
1.76514E+12,9.211,-0.763336539,undefined,undefined,undefined,undefined,undefined
1.76514E+12,9.219,undefined,-0.04997557,-0.170180798,-0.628544033,-0.086864002,-0.111263998
1.76514E+12,9.243,-0.536663413,undefined,undefined,undefined,undefined,undefined
1.76514E+12,9.279,-0.706668258,undefined,undefined,undefined,undefined,undefined
1.76514E+12,9.312,-0.876673162,undefined,undefined,undefined,undefined,undefined
1.76514E+12,9.319,undefined,-0.219980478,-0.023624778,-0.63440001,-0.023424,-0.017568002
1.76514E+12,9.344,-0.763336539,undefined,undefined,undefined,undefined,undefined
1.76514E+12,9.379,-0.763336539,undefined,undefined,undefined,undefined,undefined
1.76514E+12,9.412,-0.933341444,undefined,undefined,undefined,undefined,undefined
1.76514E+12,9.419,undefined,-0.04997557,-0.316736698,-0.589504004,0.01952,-0.182512015
1.76514E+12,9.444,-0.706668258,undefined,undefined,undefined,undefined,undefined
1.76514E+12,9.48,-0.763336539,undefined,undefined,undefined,undefined,undefined
1.76514E+12,9.513,-0.763336539,undefined,undefined,undefined,undefined,undefined
1.76514E+12,9.519,undefined,-0.219980478,0.074079156,-0.593408048,-0.050751999,0.037088003
1.76514E+12,9.544,-0.763336539,undefined,undefined,undefined,undefined,undefined
1.76514E+12,9.579,-0.820004821,undefined,undefined,undefined,undefined,undefined
1.76514E+12,9.612,-0.763336539,undefined,undefined,undefined,undefined,undefined
1.76514E+12,9.619,undefined,0.063360989,-0.121328712,-0.575840056,0.038063999,-0.094672002
1.76514E+12,9.644,-0.876673162,undefined,undefined,undefined,undefined,undefined
1.76514E+12,9.682,-0.706668258,undefined,undefined,undefined,undefined,undefined
1.76514E+12,9.713,-0.706668258,undefined,undefined,undefined,undefined,undefined
1.76514E+12,9.719,undefined,-0.04997557,-0.170180798,-0.560223997,-0.052704003,-0.071248002
1.76514E+12,9.743,-0.763336539,undefined,undefined,undefined,undefined,undefined
1.76514E+12,9.781,-0.706668258,undefined,undefined,undefined,undefined,undefined
1.76514E+12,9.811,-0.706668258,undefined,undefined,undefined,undefined,undefined
1.76514E+12,9.819,undefined,-0.04997557,-0.023624778,-0.569984019,0.0244,-0.085887998
1.76514E+12,9.845,-0.706668258,undefined,undefined,undefined,undefined,undefined
1.76514E+12,9.879,-0.706668258,undefined,undefined,undefined,undefined,undefined
1.76514E+12,9.919,undefined,-0.27664876,-0.121328712,-0.561200023,-0.008784001,-0.097599998
1.76514E+12,9.933,-0.706668258,undefined,undefined,undefined,undefined,undefined
1.76514E+12,9.953,-0.820004821,undefined,undefined,undefined,undefined,undefined
1.76514E+12,9.99,-0.649999976,undefined,undefined,undefined,undefined,undefined
1.76514E+12,10.017,-0.763336539,undefined,undefined,undefined,undefined,undefined
1.76514E+12,10.019,undefined,-0.27664876,0.074079156,-0.522160053,-0.016592002,0.023424
1.76514E+12,10.054,-0.706668258,undefined,undefined,undefined,undefined,undefined
1.76514E+12,10.089,-0.933341444,undefined,undefined,undefined,undefined,undefined
1.76514E+12,10.119,undefined,-0.04997557,-0.219032764,-0.528015971,-0.00488,0.012688
1.76514E+12,10.12,-0.706668258,undefined,undefined,undefined,undefined,undefined
1.76514E+12,10.154,-0.763336539,undefined,undefined,undefined,undefined,undefined
1.76514E+12,10.19,-0.820004821,undefined,undefined,undefined,undefined,undefined
1.76514E+12,10.219,undefined,-0.106643848,-0.023624778,-0.506543994,0.00488,-0.117120005
1.76514E+12,10.222,-0.706668258,undefined,undefined,undefined,undefined,undefined
1.76514E+12,10.254,-0.706668258,undefined,undefined,undefined,undefined,undefined
1.76514E+12,10.289,-0.820004821,undefined,undefined,undefined,undefined,undefined
1.76514E+12,10.318,-0.706668258,undefined,undefined,undefined,undefined,undefined
1.76514E+12,10.319,undefined,-0.04997557,-0.121328712,-0.491903991,-0.036111999,0.00488
1.76514E+12,10.353,-0.706668258,undefined,undefined,undefined,undefined,undefined
1.76514E+12,10.387,-0.706668258,undefined,undefined,undefined,undefined,undefined
1.76514E+12,10.419,undefined,-0.163312137,-0.121328712,-0.472384006,-0.001952,-0.003904
1.76514E+12,10.469,-0.763336539,undefined,undefined,undefined,undefined,undefined
1.76514E+12,10.49,-0.763336539,undefined,undefined,undefined,undefined,undefined
1.76514E+12,10.51,-0.649999976,undefined,undefined,undefined,undefined,undefined
1.76514E+12,10.519,undefined,-0.333317041,-0.316736698,-0.466528028,-0.070272006,0.061487999
1.76514E+12,10.531,-0.536663413,undefined,undefined,undefined,undefined,undefined
1.76514E+12,10.555,-0.933341444,undefined,undefined,undefined,undefined,undefined
1.76514E+12,10.587,-0.593331695,undefined,undefined,undefined,undefined,undefined
1.76514E+12,10.618,-0.479995102,undefined,undefined,undefined,undefined,undefined
1.76514E+12,10.619,undefined,-0.27664876,-0.170180798,-0.453839988,-0.056608003,0.066368006
1.76514E+12,10.669,-0.706668258,undefined,undefined,undefined,undefined,undefined
1.76514E+12,10.689,-0.763336539,undefined,undefined,undefined,undefined,undefined
1.76514E+12,10.709,-0.706668258,undefined,undefined,undefined,undefined,undefined
1.76514E+12,10.719,undefined,-0.163312137,-0.072476745,-0.44798401,-0.015616001,-0.039039999
1.76514E+12,10.729,-0.706668258,undefined,undefined,undefined,undefined,undefined
1.76514E+12,10.754,-0.706668258,undefined,undefined,undefined,undefined,undefined
1.76514E+12,10.787,-0.536663413,undefined,undefined,undefined,undefined,undefined
1.76514E+12,10.818,-0.706668258,undefined,undefined,undefined,undefined,undefined
1.76514E+12,10.819,undefined,-0.163312137,-0.121328712,-0.451887995,0.069295995,-0.098576002
1.76514E+12,10.866,-0.706668258,undefined,undefined,undefined,undefined,undefined
1.76514E+12,10.887,-0.536663413,undefined,undefined,undefined,undefined,undefined
1.76514E+12,10.919,undefined,-0.219980478,-0.170180798,-0.435295999,-0.026352001,-0.062464003
1.76514E+12,10.92,-0.593331695,undefined,undefined,undefined,undefined,undefined
1.76514E+12,10.94,-0.706668258,undefined,undefined,undefined,undefined,undefined
1.76514E+12,10.96,-0.706668258,undefined,undefined,undefined,undefined,undefined
1.76514E+12,11,-0.706668258,undefined,undefined,undefined,undefined,undefined
1.76514E+12,11.019,undefined,-0.333317041,-0.072476745,-0.426512003,0.0244,-0.114192002
1.76514E+12,11.02,-0.706668258,undefined,undefined,undefined,undefined,undefined
1.76514E+12,11.04,-0.593331695,undefined,undefined,undefined,undefined,undefined
1.76514E+12,11.06,-0.706668258,undefined,undefined,undefined,undefined,undefined
1.76514E+12,11.107,-0.706668258,undefined,undefined,undefined,undefined,undefined
1.76514E+12,11.119,undefined,-0.219980478,0.025227189,-0.420655996,0.076127999,-0.006832
1.76514E+12,11.127,-0.706668258,undefined,undefined,undefined,undefined,undefined
1.76514E+12,11.158,-0.706668258,undefined,undefined,undefined,undefined,undefined
1.76514E+12,11.195,-0.536663413,undefined,undefined,undefined,undefined,undefined
1.76514E+12,11.219,undefined,-0.106643848,-0.023624778,-0.404064,0.043920003,-0.023424
1.76514E+12,11.227,-0.706668258,undefined,undefined,undefined,undefined,undefined
1.76514E+12,11.26,-0.536663413,undefined,undefined,undefined,undefined,undefined
1.76514E+12,11.295,-0.42332679,undefined,undefined,undefined,undefined,undefined
1.76514E+12,11.319,undefined,-0.27664876,-0.121328712,-0.397231996,0.000976,-0.108336002
1.76514E+12,11.328,-0.706668258,undefined,undefined,undefined,undefined,undefined
1.76514E+12,11.361,-0.706668258,undefined,undefined,undefined,undefined,undefined
1.76514E+12,11.392,-0.593331695,undefined,undefined,undefined,undefined,undefined
1.76514E+12,11.419,undefined,-0.27664876,0.122931123,-0.408944011,-0.057583999,-0.016592002
1.76514E+12,11.428,-0.536663413,undefined,undefined,undefined,undefined,undefined
1.76514E+12,11.458,-0.593331695,undefined,undefined,undefined,undefined,undefined
1.76514E+12,11.477,-0.42332679,undefined,undefined,undefined,undefined,undefined
1.76514E+12,11.519,undefined,-0.27664876,-0.170180798,-0.388448,0.013664001,-0.0244
1.76514E+12,11.529,-0.706668258,undefined,undefined,undefined,undefined,undefined
1.76514E+12,11.55,-0.820004821,undefined,undefined,undefined,undefined,undefined
1.76514E+12,11.582,-0.706668258,undefined,undefined,undefined,undefined,undefined
1.76514E+12,11.614,-0.536663413,undefined,undefined,undefined,undefined,undefined
1.76514E+12,11.619,undefined,0.063360989,-0.121328712,-0.374783993,-0.005856,-0.000976
1.76514E+12,11.649,-0.536663413,undefined,undefined,undefined,undefined,undefined
1.76514E+12,11.681,-0.366658509,undefined,undefined,undefined,undefined,undefined
1.76514E+12,11.717,-0.479995102,undefined,undefined,undefined,undefined,undefined
1.76514E+12,11.719,undefined,-0.04997557,0.074079156,-0.360144019,0.021472,-0.020496
1.76514E+12,11.751,-0.479995102,undefined,undefined,undefined,undefined,undefined
1.76514E+12,11.784,-0.42332679,undefined,undefined,undefined,undefined,undefined
1.76514E+12,11.819,undefined,-0.106643848,-0.121328712,-0.365999997,0.023424,-0.068319999
1.76514E+12,11.824,-0.706668258,undefined,undefined,undefined,undefined,undefined
1.76514E+12,11.858,-0.479995102,undefined,undefined,undefined,undefined,undefined
1.76514E+12,11.879,-0.479995102,undefined,undefined,undefined,undefined,undefined
1.76514E+12,11.913,-0.706668258,undefined,undefined,undefined,undefined,undefined
1.76514E+12,11.919,undefined,-0.04997557,-0.170180798,-0.342575997,0.007808,-0.008784001
1.76514E+12,11.951,-0.42332679,undefined,undefined,undefined,undefined,undefined
1.76514E+12,11.979,-0.536663413,undefined,undefined,undefined,undefined,undefined
1.76514E+12,12.015,-0.536663413,undefined,undefined,undefined,undefined,undefined
1.76514E+12,12.019,undefined,-0.163312137,-0.170180798,-0.340624005,-0.00488,0.025376
1.76514E+12,12.047,-0.309990227,undefined,undefined,undefined,undefined,undefined
1.76514E+12,12.085,-0.706668258,undefined,undefined,undefined,undefined,undefined
1.76514E+12,12.117,-0.593331695,undefined,undefined,undefined,undefined,undefined
1.76514E+12,12.119,undefined,-0.04997557,-0.072476745,-0.337696016,0.037088003,-0.005856
1.76514E+12,12.149,-0.706668258,undefined,undefined,undefined,undefined,undefined
1.76514E+12,12.169,-0.706668258,undefined,undefined,undefined,undefined,undefined
1.76514E+12,12.189,-0.42332679,undefined,undefined,undefined,undefined,undefined
1.76514E+12,12.219,undefined,-0.163312137,-0.072476745,-0.329887986,0.038063999,0.016592002
1.76514E+12,12.235,-0.479995102,undefined,undefined,undefined,undefined,undefined
1.76514E+12,12.255,-0.536663413,undefined,undefined,undefined,undefined,undefined
1.76514E+12,12.29,-0.479995102,undefined,undefined,undefined,undefined,undefined
1.76514E+12,12.319,undefined,-0.106643848,-0.023624778,-0.32110399,0.027328001,-0.064415999
1.76514E+12,12.32,-0.479995102,undefined,undefined,undefined,undefined,undefined
1.76514E+12,12.357,-0.706668258,undefined,undefined,undefined,undefined,undefined
1.76514E+12,12.389,-0.536663413,undefined,undefined,undefined,undefined,undefined
1.76514E+12,12.419,undefined,-0.106643848,-0.121328712,-0.312319994,0.030256001,-0.000976
1.76514E+12,12.422,-0.309990227,undefined,undefined,undefined,undefined,undefined
1.76514E+12,12.476,-0.536663413,undefined,undefined,undefined,undefined,undefined
1.76514E+12,12.496,-0.479995102,undefined,undefined,undefined,undefined,undefined
1.76514E+12,12.519,undefined,-0.219980478,-0.121328712,-0.296704024,0.000976,-0.075152002
1.76514E+12,12.531,-0.479995102,undefined,undefined,undefined,undefined,undefined
1.76514E+12,12.561,-0.366658509,undefined,undefined,undefined,undefined,undefined
1.76514E+12,12.597,-0.366658509,undefined,undefined,undefined,undefined,undefined
1.76514E+12,12.619,undefined,-0.04997557,-0.072476745,-0.306463987,-0.011712,-0.011712
1.76514E+12,12.628,-0.536663413,undefined,undefined,undefined,undefined,undefined
1.76514E+12,12.663,-0.536663413,undefined,undefined,undefined,undefined,undefined
1.76514E+12,12.7,-0.706668258,undefined,undefined,undefined,undefined,undefined
1.76514E+12,12.719,undefined,0.00669271,-0.170180798,-0.287920028,0.017568002,-0.025376
1.76514E+12,12.73,-0.366658509,undefined,undefined,undefined,undefined,undefined
1.76514E+12,12.763,-0.479995102,undefined,undefined,undefined,undefined,undefined
1.76514E+12,12.796,-0.42332679,undefined,undefined,undefined,undefined,undefined
1.76514E+12,12.819,undefined,-0.106643848,-0.121328712,-0.28987202,-0.008784001,-0.072223999
1.76514E+12,12.83,-0.536663413,undefined,undefined,undefined,undefined,undefined
1.76514E+12,12.861,-0.536663413,undefined,undefined,undefined,undefined,undefined
1.76514E+12,12.912,-0.366658509,undefined,undefined,undefined,undefined,undefined
1.76514E+12,12.919,undefined,-0.219980478,-0.170180798,-0.276208013,0.007808,-0.007808
1.76514E+12,12.932,-0.479995102,undefined,undefined,undefined,undefined,undefined
1.76514E+12,12.986,-0.706668258,undefined,undefined,undefined,undefined,undefined
1.76514E+12,13.005,-0.536663413,undefined,undefined,undefined,undefined,undefined
1.76514E+12,13.019,undefined,-0.106643848,0.025227189,-0.260592014,0.001952,-0.061487999
1.76514E+12,13.054,-0.479995102,undefined,undefined,undefined,undefined,undefined
1.76514E+12,13.076,-0.42332679,undefined,undefined,undefined,undefined,undefined
1.76514E+12,13.108,-0.536663413,undefined,undefined,undefined,undefined,undefined
1.76514E+12,13.119,undefined,-0.106643848,-0.072476745,-0.258640021,0.021472,-0.006832
1.76514E+12,13.143,-0.479995102,undefined,undefined,undefined,undefined,undefined
1.76514E+12,13.175,-0.42332679,undefined,undefined,undefined,undefined,undefined
1.76514E+12,13.209,-0.479995102,undefined,undefined,undefined,undefined,undefined
1.76514E+12,13.219,undefined,-0.27664876,0.122931123,-0.268399984,-0.003904,0.035136003
1.76514E+12,13.242,-0.366658509,undefined,undefined,undefined,undefined,undefined
1.76514E+12,13.274,-0.196653634,undefined,undefined,undefined,undefined,undefined
1.76514E+12,13.308,-0.536663413,undefined,undefined,undefined,undefined,undefined
1.76514E+12,13.319,undefined,-0.106643848,-0.072476745,-0.258640021,0.00488,-0.011712
1.76514E+12,13.34,-0.479995102,undefined,undefined,undefined,undefined,undefined
1.76514E+12,13.373,-0.309990227,undefined,undefined,undefined,undefined,undefined
1.76514E+12,13.408,-0.366658509,undefined,undefined,undefined,undefined,undefined
1.76514E+12,13.419,undefined,-0.163312137,-0.219032764,-0.248879999,0.060512003,-0.011712
1.76514E+12,13.441,-0.309990227,undefined,undefined,undefined,undefined,undefined
1.76514E+12,13.493,-0.366658509,undefined,undefined,undefined,undefined,undefined
1.76514E+12,13.513,-0.366658509,undefined,undefined,undefined,undefined,undefined
1.76514E+12,13.519,undefined,-0.219980478,-0.267884731,-0.243024006,0.007808,0.002928
1.76514E+12,13.565,-0.536663413,undefined,undefined,undefined,undefined,undefined
1.76514E+12,13.585,-0.366658509,undefined,undefined,undefined,undefined,undefined
1.76514E+12,13.615,-0.42332679,undefined,undefined,undefined,undefined,undefined
1.76514E+12,13.619,undefined,-0.163312137,-0.170180798,-0.230335996,0.025376,-0.016592002
1.76514E+12,13.648,-0.196653634,undefined,undefined,undefined,undefined,undefined
1.76514E+12,13.683,-0.366658509,undefined,undefined,undefined,undefined,undefined
1.76514E+12,13.714,-0.309990227,undefined,undefined,undefined,undefined,undefined
1.76514E+12,13.719,undefined,-0.219980478,-0.072476745,-0.219600007,-0.011712,0.011712
1.76514E+12,13.747,-0.366658509,undefined,undefined,undefined,undefined,undefined
1.76514E+12,13.783,-0.42332679,undefined,undefined,undefined,undefined,undefined
1.76514E+12,13.813,-0.366658509,undefined,undefined,undefined,undefined,undefined
1.76514E+12,13.819,undefined,0.00669271,-0.023624778,-0.216672003,0.041968003,0.032207999
1.76514E+12,13.833,-0.309990227,undefined,undefined,undefined,undefined,undefined
1.76514E+12,13.862,-0.42332679,undefined,undefined,undefined,undefined,undefined
1.76514E+12,13.882,-0.309990227,undefined,undefined,undefined,undefined,undefined
1.76514E+12,13.915,-0.253321916,undefined,undefined,undefined,undefined,undefined
1.76514E+12,13.919,undefined,-0.106643848,-0.121328712,-0.221551999,0.01952,-0.032207999
1.76514E+12,13.965,-0.196653634,undefined,undefined,undefined,undefined,undefined
1.76514E+12,13.985,-0.42332679,undefined,undefined,undefined,undefined,undefined
1.76514E+12,14.019,undefined,-0.163312137,-0.267884731,-0.211792007,0.017568002,0
1.76514E+12,14.029,-0.309990227,undefined,undefined,undefined,undefined,undefined
1.76514E+12,14.053,-0.42332679,undefined,undefined,undefined,undefined,undefined
1.76514E+12,14.087,-0.253321916,undefined,undefined,undefined,undefined,undefined
1.76514E+12,14.119,-0.253321916,-0.106643848,-0.121328712,-0.200080007,0.038063999,0.001952
1.76514E+12,14.139,-0.479995102,undefined,undefined,undefined,undefined,undefined
1.76514E+12,14.159,-0.309990227,undefined,undefined,undefined,undefined,undefined
1.76514E+12,14.2,-0.479995102,undefined,undefined,undefined,undefined,undefined
1.76514E+12,14.219,undefined,-0.106643848,-0.072476745,-0.196175992,-0.00488,0.030256001
1.76514E+12,14.22,-0.253321916,undefined,undefined,undefined,undefined,undefined
1.76514E+12,14.24,-0.139985323,undefined,undefined,undefined,undefined,undefined
1.76514E+12,14.261,-0.253321916,undefined,undefined,undefined,undefined,undefined
1.76514E+12,14.287,-0.366658509,undefined,undefined,undefined,undefined,undefined
1.76514E+12,14.319,undefined,-0.219980478,-0.072476745,-0.199104011,-0.000976,-0.017568002
1.76514E+12,14.337,-0.309990227,undefined,undefined,undefined,undefined,undefined
1.76514E+12,14.357,-0.479995102,undefined,undefined,undefined,undefined,undefined
1.76514E+12,14.415,-0.196653634,undefined,undefined,undefined,undefined,undefined
1.76514E+12,14.419,undefined,-0.163312137,-0.121328712,-0.183488011,0.027328001,-0.048799999
1.76514E+12,14.435,-0.366658509,undefined,undefined,undefined,undefined,undefined
1.76514E+12,14.466,-0.309990227,undefined,undefined,undefined,undefined,undefined
1.76514E+12,14.489,-0.366658509,undefined,undefined,undefined,undefined,undefined
1.76514E+12,14.509,-0.309990227,undefined,undefined,undefined,undefined,undefined
1.76514E+12,14.519,undefined,-0.163312137,-0.121328712,-0.175680012,0.016592002,0.055631999
1.76514E+12,14.537,-0.309990227,undefined,undefined,undefined,undefined,undefined
1.76514E+12,14.573,-0.366658509,undefined,undefined,undefined,undefined,undefined
1.76514E+12,14.606,-0.479995102,undefined,undefined,undefined,undefined,undefined
1.76514E+12,14.619,undefined,-0.04997557,-0.121328712,-0.179583997,0.003904,0.040991999
1.76514E+12,14.637,-0.309990227,undefined,undefined,undefined,undefined,undefined
1.76514E+12,14.674,-0.309990227,undefined,undefined,undefined,undefined,undefined
1.76514E+12,14.709,-0.42332679,undefined,undefined,undefined,undefined,undefined
1.76514E+12,14.719,undefined,-0.106643848,-0.023624778,-0.172751993,0.012688,0.006832
1.76514E+12,14.736,-0.026648758,undefined,undefined,undefined,undefined,undefined
1.76514E+12,14.786,-0.366658509,undefined,undefined,undefined,undefined,undefined
1.76514E+12,14.806,-0.309990227,undefined,undefined,undefined,undefined,undefined
1.76514E+12,14.819,undefined,-0.04997557,-0.170180798,-0.167872012,0.010736,0.017568002
1.76514E+12,14.838,-0.366658509,undefined,undefined,undefined,undefined,undefined
1.76514E+12,14.873,-0.253321916,undefined,undefined,undefined,undefined,undefined
1.76514E+12,14.907,-0.309990227,undefined,undefined,undefined,undefined,undefined
1.76514E+12,14.919,undefined,-0.163312137,-0.072476745,-0.155184001,0.036111999,-0.038063999
1.76514E+12,14.938,-0.366658509,undefined,undefined,undefined,undefined,undefined
1.76514E+12,14.973,-0.309990227,undefined,undefined,undefined,undefined,undefined
1.76514E+12,14.993,-0.253321916,undefined,undefined,undefined,undefined,undefined
1.76514E+12,15.013,-0.196653634,undefined,undefined,undefined,undefined,undefined
1.76514E+12,15.019,undefined,-0.04997557,-0.121328712,-0.164943993,0.027328001,0.00488
1.76514E+12,15.054,-0.479995102,undefined,undefined,undefined,undefined,undefined
1.76514E+12,15.077,-0.42332679,undefined,undefined,undefined,undefined,undefined
1.76514E+12,15.111,-0.309990227,undefined,undefined,undefined,undefined,undefined
1.76514E+12,15.119,undefined,-0.04997557,-0.170180798,-0.154208004,0.008784001,0.013664001
1.76514E+12,15.131,-0.366658509,undefined,undefined,undefined,undefined,undefined
1.76514E+12,15.151,-0.253321916,undefined,undefined,undefined,undefined,undefined
1.76514E+12,15.192,-0.196653634,undefined,undefined,undefined,undefined,undefined
1.76514E+12,15.213,-0.479995102,undefined,undefined,undefined,undefined,undefined
1.76514E+12,15.219,undefined,-0.27664876,0.074079156,-0.154208004,-0.013664001,0.007808
1.76514E+12,15.247,-0.366658509,undefined,undefined,undefined,undefined,undefined
1.76514E+12,15.297,-0.309990227,undefined,undefined,undefined,undefined,undefined
1.76514E+12,15.317,-0.083317041,undefined,undefined,undefined,undefined,undefined
1.76514E+12,15.319,undefined,-0.04997557,-0.072476745,-0.156159997,0.005856,-0.000976
1.76514E+12,15.348,-0.196653634,undefined,undefined,undefined,undefined,undefined
1.76514E+12,15.368,-0.309990227,undefined,undefined,undefined,undefined,undefined
1.76514E+12,15.388,-0.083317041,undefined,undefined,undefined,undefined,undefined
1.76514E+12,15.419,undefined,-0.219980478,-0.121328712,-0.141520008,0.006832,-0.007808
1.76514E+12,15.428,-0.253321916,undefined,undefined,undefined,undefined,undefined
1.76514E+12,15.448,-0.309990227,undefined,undefined,undefined,undefined,undefined
1.76514E+12,15.468,-0.253321916,undefined,undefined,undefined,undefined,undefined
1.76514E+12,15.491,-0.366658509,undefined,undefined,undefined,undefined,undefined
1.76514E+12,15.513,-0.42332679,undefined,undefined,undefined,undefined,undefined
1.76514E+12,15.519,undefined,-0.106643848,-0.170180798,-0.144447997,0.00976,0.010736
1.76514E+12,15.534,-0.309990227,undefined,undefined,undefined,undefined,undefined
1.76514E+12,15.554,-0.196653634,undefined,undefined,undefined,undefined,undefined
1.76514E+12,15.596,-0.42332679,undefined,undefined,undefined,undefined,undefined
1.76514E+12,15.615,-0.083317041,undefined,undefined,undefined,undefined,undefined
1.76514E+12,15.619,undefined,-0.163312137,0.025227189,-0.132736012,0.035136003,0.007808
1.76514E+12,15.636,-0.083317041,undefined,undefined,undefined,undefined,undefined
1.76514E+12,15.656,-0.253321916,undefined,undefined,undefined,undefined,undefined
1.76514E+12,15.695,-0.366658509,undefined,undefined,undefined,undefined,undefined
1.76514E+12,15.717,-0.253321916,undefined,undefined,undefined,undefined,undefined
1.76514E+12,15.719,undefined,0.00669271,-0.121328712,-0.131760001,0.017568002,0.026352001
1.76514E+12,15.747,-0.366658509,undefined,undefined,undefined,undefined,undefined
1.76514E+12,15.767,-0.196653634,undefined,undefined,undefined,undefined,undefined
1.76514E+12,15.787,-0.366658509,undefined,undefined,undefined,undefined,undefined
1.76514E+12,15.819,undefined,0.063360989,-0.121328712,-0.123952001,0.033184003,0.00976
1.76514E+12,15.829,-0.479995102,undefined,undefined,undefined,undefined,undefined
1.76514E+12,15.849,-0.42332679,undefined,undefined,undefined,undefined,undefined
1.76514E+12,15.879,-0.309990227,undefined,undefined,undefined,undefined,undefined
1.76514E+12,15.901,-0.139985323,undefined,undefined,undefined,undefined,undefined
1.76514E+12,15.919,undefined,-0.106643848,-0.023624778,-0.124928005,0.020496,0.016592002
1.76514E+12,15.922,-0.196653634,undefined,undefined,undefined,undefined,undefined
1.76514E+12,15.963,-0.309990227,undefined,undefined,undefined,undefined,undefined
1.76514E+12,15.983,-0.366658509,undefined,undefined,undefined,undefined,undefined
1.76514E+12,16.014,-0.083317041,undefined,undefined,undefined,undefined,undefined
1.76514E+12,16.019,undefined,-0.219980478,-0.023624778,-0.121024005,0.00976,-0.011712
1.76514E+12,16.05,-0.366658509,undefined,undefined,undefined,undefined,undefined
1.76514E+12,16.086,-0.139985323,undefined,undefined,undefined,undefined,undefined
1.76514E+12,16.119,-0.139985323,0.00669271,-0.072476745,-0.115167998,0.002928,-0.00976
1.76514E+12,16.152,-0.083317041,undefined,undefined,undefined,undefined,undefined
1.76514E+12,16.183,-0.196653634,undefined,undefined,undefined,undefined,undefined
1.76514E+12,16.219,-0.026648758,-0.04997557,-0.170180798,-0.111263998,0.033184003,-0.01952
1.76514E+12,16.251,-0.196653634,undefined,undefined,undefined,undefined,undefined
1.76514E+12,16.286,-0.42332679,undefined,undefined,undefined,undefined,undefined
1.76514E+12,16.316,-0.253321916,undefined,undefined,undefined,undefined,undefined
1.76514E+12,16.319,undefined,0.00669271,-0.072476745,-0.102480002,0.020496,0.008784001
1.76514E+12,16.352,-0.253321916,undefined,undefined,undefined,undefined,undefined
1.76514E+12,16.386,-0.366658509,undefined,undefined,undefined,undefined,undefined
1.76514E+12,16.418,-0.196653634,undefined,undefined,undefined,undefined,undefined
1.76514E+12,16.419,undefined,-0.106643848,-0.170180798,-0.104432002,0.0244,-0.020496
1.76514E+12,16.47,-0.196653634,undefined,undefined,undefined,undefined,undefined
1.76514E+12,16.502,-0.196653634,undefined,undefined,undefined,undefined,undefined
1.76514E+12,16.519,undefined,-0.219980478,-0.072476745,-0.098576002,0.008784001,0.025376
1.76514E+12,16.522,-0.309990227,undefined,undefined,undefined,undefined,undefined
1.76514E+12,16.554,-0.309990227,undefined,undefined,undefined,undefined,undefined
1.76514E+12,16.587,-0.366658509,undefined,undefined,undefined,undefined,undefined
1.76514E+12,16.619,-0.083317041,0.063360989,-0.023624778,-0.099552006,-0.010736,0.020496
1.76514E+12,16.668,-0.196653634,undefined,undefined,undefined,undefined,undefined
1.76514E+12,16.688,-0.309990227,undefined,undefined,undefined,undefined,undefined
1.76514E+12,16.719,undefined,-0.106643848,0.025227189,-0.093695998,0.027328001,-0.007808
1.76514E+12,16.72,-0.196653634,undefined,undefined,undefined,undefined,undefined
1.76514E+12,16.754,-0.026648758,undefined,undefined,undefined,undefined,undefined
1.76514E+12,16.787,-0.309990227,undefined,undefined,undefined,undefined,undefined
1.76514E+12,16.819,undefined,-0.04997557,0.025227189,-0.085887998,0.033184003,-0.006832
1.76514E+12,16.829,-0.309990227,undefined,undefined,undefined,undefined,undefined
1.76514E+12,16.849,-0.196653634,undefined,undefined,undefined,undefined,undefined
1.76514E+12,16.869,-0.309990227,undefined,undefined,undefined,undefined,undefined
1.76514E+12,16.889,-0.253321916,undefined,undefined,undefined,undefined,undefined
1.76514E+12,16.919,-0.253321916,0.00669271,-0.072476745,-0.084912002,0.003904,0.017568002
1.76514E+12,16.967,-0.309990227,undefined,undefined,undefined,undefined,undefined
1.76514E+12,17.001,-0.253321916,undefined,undefined,undefined,undefined,undefined
1.76514E+12,17.019,undefined,-0.219980478,-0.023624778,-0.081008002,0.027328001,-0.012688
1.76514E+12,17.021,-0.026648758,undefined,undefined,undefined,undefined,undefined
1.76514E+12,17.057,-0.253321916,undefined,undefined,undefined,undefined,undefined
1.76514E+12,17.107,-0.253321916,undefined,undefined,undefined,undefined,undefined
1.76514E+12,17.119,undefined,-0.163312137,-0.170180798,-0.075152002,0.010736,0.003904
1.76514E+12,17.127,-0.253321916,undefined,undefined,undefined,undefined,undefined
1.76514E+12,17.147,-0.253321916,undefined,undefined,undefined,undefined,undefined
1.76514E+12,17.167,-0.42332679,undefined,undefined,undefined,undefined,undefined
1.76514E+12,17.21,-0.196653634,undefined,undefined,undefined,undefined,undefined
1.76514E+12,17.219,undefined,0.120029338,-0.023624778,-0.079056002,0.01952,0.002928
1.76514E+12,17.23,-0.196653634,undefined,undefined,undefined,undefined,undefined
1.76514E+12,17.264,-0.253321916,undefined,undefined,undefined,undefined,undefined
1.76514E+12,17.297,-0.196653634,undefined,undefined,undefined,undefined,undefined
1.76514E+12,17.319,undefined,-0.219980478,-0.023624778,-0.073200002,0.020496,0.017568002
1.76514E+12,17.332,-0.366658509,undefined,undefined,undefined,undefined,undefined
1.76514E+12,17.366,-0.253321916,undefined,undefined,undefined,undefined,undefined
1.76514E+12,17.418,-0.139985323,undefined,undefined,undefined,undefined,undefined
1.76514E+12,17.419,undefined,-0.106643848,0.074079156,-0.073200002,0.020496,-0.003904
1.76514E+12,17.438,-0.196653634,undefined,undefined,undefined,undefined,undefined
1.76514E+12,17.469,0.030019522,undefined,undefined,undefined,undefined,undefined
1.76514E+12,17.501,-0.253321916,undefined,undefined,undefined,undefined,undefined
1.76514E+12,17.519,undefined,-0.27664876,0.074079156,-0.071248002,0.020496,0.000976
1.76514E+12,17.522,-0.196653634,undefined,undefined,undefined,undefined,undefined
1.76514E+12,17.554,-0.139985323,undefined,undefined,undefined,undefined,undefined
1.76514E+12,17.586,-0.309990227,undefined,undefined,undefined,undefined,undefined
1.76514E+12,17.619,undefined,-0.163312137,-0.072476745,-0.066368006,-0.001952,0.022448
1.76514E+12,17.621,-0.139985323,undefined,undefined,undefined,undefined,undefined
1.76514E+12,17.653,-0.083317041,undefined,undefined,undefined,undefined,undefined
1.76514E+12,17.687,-0.139985323,undefined,undefined,undefined,undefined,undefined
1.76514E+12,17.719,undefined,-0.163312137,-0.023624778,-0.062464003,0.014640001,-0.000976
1.76514E+12,17.722,-0.196653634,undefined,undefined,undefined,undefined,undefined
1.76514E+12,17.755,-0.139985323,undefined,undefined,undefined,undefined,undefined
1.76514E+12,17.786,-0.196653634,undefined,undefined,undefined,undefined,undefined
1.76514E+12,17.818,-0.196653634,undefined,undefined,undefined,undefined,undefined
1.76514E+12,17.819,undefined,-0.106643848,-0.170180798,-0.061487999,0.010736,-0.000976
1.76514E+12,17.869,-0.309990227,undefined,undefined,undefined,undefined,undefined
1.76514E+12,17.889,-0.253321916,undefined,undefined,undefined,undefined,undefined
1.76514E+12,17.909,-0.196653634,undefined,undefined,undefined,undefined,undefined
1.76514E+12,17.919,undefined,-0.106643848,-0.121328712,-0.062464003,0.022448,-0.003904
1.76514E+12,17.929,-0.196653634,undefined,undefined,undefined,undefined,undefined
1.76514E+12,17.969,-0.196653634,undefined,undefined,undefined,undefined,undefined
1.76514E+12,17.989,-0.196653634,undefined,undefined,undefined,undefined,undefined
1.76514E+12,18.019,undefined,-0.106643848,-0.023624778,-0.052704003,0.018544002,0.020496
1.76514E+12,18.02,-0.026648758,undefined,undefined,undefined,undefined,undefined
1.76514E+12,18.04,-0.253321916,undefined,undefined,undefined,undefined,undefined
1.76514E+12,18.06,-0.253321916,undefined,undefined,undefined,undefined,undefined
1.76514E+12,18.107,-0.253321916,undefined,undefined,undefined,undefined,undefined
1.76514E+12,18.119,undefined,-0.163312137,-0.072476745,-0.054656003,0.033184003,0.00488
1.76514E+12,18.13,-0.309990227,undefined,undefined,undefined,undefined,undefined
1.76514E+12,18.16,-0.083317041,undefined,undefined,undefined,undefined,undefined
1.76514E+12,18.196,-0.253321916,undefined,undefined,undefined,undefined,undefined
1.76514E+12,18.219,undefined,-0.106643848,-0.267884731,-0.049776003,0.027328001,0.012688
1.76514E+12,18.229,-0.309990227,undefined,undefined,undefined,undefined,undefined
1.76514E+12,18.263,-0.196653634,undefined,undefined,undefined,undefined,undefined
1.76514E+12,18.296,-0.196653634,undefined,undefined,undefined,undefined,undefined
1.76514E+12,18.319,undefined,-0.106643848,-0.121328712,-0.050751999,0.012688,0.011712
1.76514E+12,18.348,-0.139985323,undefined,undefined,undefined,undefined,undefined
1.76514E+12,18.368,-0.083317041,undefined,undefined,undefined,undefined,undefined
1.76514E+12,18.397,-0.253321916,undefined,undefined,undefined,undefined,undefined
1.76514E+12,18.419,undefined,-0.163312137,-0.219032764,-0.048799999,0.021472,0.030256001
1.76514E+12,18.432,-0.253321916,undefined,undefined,undefined,undefined,undefined
1.76514E+12,18.467,-0.196653634,undefined,undefined,undefined,undefined,undefined
1.76514E+12,18.513,-0.083317041,undefined,undefined,undefined,undefined,undefined
1.76514E+12,18.519,undefined,-0.106643848,-0.121328712,-0.043920003,0.006832,0.006832
1.76514E+12,18.534,-0.139985323,undefined,undefined,undefined,undefined,undefined
1.76514E+12,18.567,-0.083317041,undefined,undefined,undefined,undefined,undefined
1.76514E+12,18.598,-0.139985323,undefined,undefined,undefined,undefined,undefined
1.76514E+12,18.619,undefined,-0.163312137,-0.121328712,-0.040991999,0.00488,0.015616001
1.76514E+12,18.635,-0.139985323,undefined,undefined,undefined,undefined,undefined
1.76514E+12,18.667,-0.139985323,undefined,undefined,undefined,undefined,undefined
1.76514E+12,18.697,-0.083317041,undefined,undefined,undefined,undefined,undefined
1.76514E+12,18.719,undefined,0.00669271,-0.072476745,-0.045872003,0.012688,0.01952
1.76514E+12,18.737,-0.309990227,undefined,undefined,undefined,undefined,undefined
1.76514E+12,18.767,-0.083317041,undefined,undefined,undefined,undefined,undefined
1.76514E+12,18.799,0.030019522,undefined,undefined,undefined,undefined,undefined
1.76514E+12,18.819,undefined,-0.389985323,-0.072476745,-0.037088003,0.005856,0.008784001
1.76514E+12,18.834,-0.253321916,undefined,undefined,undefined,undefined,undefined
1.76514E+12,18.867,-0.139985323,undefined,undefined,undefined,undefined,undefined
1.76514E+12,18.9,-0.139985323,undefined,undefined,undefined,undefined,undefined
1.76514E+12,18.919,undefined,-0.27664876,-0.072476745,-0.040015999,0.01952,0.00976
1.76514E+12,18.935,-0.083317041,undefined,undefined,undefined,undefined,undefined
1.76514E+12,18.967,-0.139985323,undefined,undefined,undefined,undefined,undefined
1.76514E+12,19.016,-0.196653634,undefined,undefined,undefined,undefined,undefined
1.76514E+12,19.019,undefined,0.063360989,-0.121328712,-0.033184003,0.016592002,0.022448
1.76514E+12,19.036,-0.139985323,undefined,undefined,undefined,undefined,undefined
1.76514E+12,19.087,-0.139985323,undefined,undefined,undefined,undefined,undefined
1.76514E+12,19.11,-0.026648758,undefined,undefined,undefined,undefined,undefined
1.76514E+12,19.119,undefined,-0.04997557,-0.121328712,-0.031232001,0.013664001,0.013664001
1.76514E+12,19.143,-0.309990227,undefined,undefined,undefined,undefined,undefined
1.76514E+12,19.175,-0.139985323,undefined,undefined,undefined,undefined,undefined
1.76514E+12,19.208,-0.196653634,undefined,undefined,undefined,undefined,undefined
1.76514E+12,19.219,undefined,-0.333317041,-0.170180798,-0.031232001,0.023424,0.013664001
1.76514E+12,19.243,-0.083317041,undefined,undefined,undefined,undefined,undefined
1.76514E+12,19.276,-0.083317041,undefined,undefined,undefined,undefined,undefined
1.76514E+12,19.309,-0.196653634,undefined,undefined,undefined,undefined,undefined
1.76514E+12,19.319,undefined,-0.04997557,-0.121328712,-0.035136003,0.011712,0.010736
1.76514E+12,19.349,-0.083317041,undefined,undefined,undefined,undefined,undefined
1.76514E+12,19.387,-0.139985323,undefined,undefined,undefined,undefined,undefined
1.76514E+12,19.407,-0.083317041,undefined,undefined,undefined,undefined,undefined
1.76514E+12,19.419,undefined,0.00669271,-0.023624778,-0.026352001,0.022448,0.010736
1.76514E+12,19.437,-0.196653634,undefined,undefined,undefined,undefined,undefined
1.76514E+12,19.47,-0.026648758,undefined,undefined,undefined,undefined,undefined
1.76514E+12,19.492,0.030019522,undefined,undefined,undefined,undefined,undefined
1.76514E+12,19.515,-0.196653634,undefined,undefined,undefined,undefined,undefined
1.76514E+12,19.519,undefined,-0.163312137,-0.072476745,-0.030256001,0.020496,0.025376
1.76514E+12,19.537,-0.139985323,undefined,undefined,undefined,undefined,undefined
1.76514E+12,19.558,-0.139985323,undefined,undefined,undefined,undefined,undefined
1.76514E+12,19.578,-0.083317041,undefined,undefined,undefined,undefined,undefined
1.76514E+12,19.616,-0.083317041,undefined,undefined,undefined,undefined,undefined
1.76514E+12,19.619,undefined,-0.163312137,-0.219032764,-0.026352001,0.017568002,0.028304001
1.76514E+12,19.637,-0.083317041,undefined,undefined,undefined,undefined,undefined
1.76514E+12,19.672,-0.196653634,undefined,undefined,undefined,undefined,undefined
1.76514E+12,19.692,-0.083317041,undefined,undefined,undefined,undefined,undefined
1.76514E+12,19.712,-0.309990227,undefined,undefined,undefined,undefined,undefined
1.76514E+12,19.719,undefined,-0.27664876,-0.267884731,-0.026352001,0.018544002,0.021472
1.76514E+12,19.752,-0.196653634,undefined,undefined,undefined,undefined,undefined
1.76514E+12,19.772,-0.139985323,undefined,undefined,undefined,undefined,undefined
1.76514E+12,19.804,-0.026648758,undefined,undefined,undefined,undefined,undefined
1.76514E+12,19.819,undefined,-0.333317041,-0.072476745,-0.01952,0.012688,0.021472
1.76514E+12,19.838,-0.026648758,undefined,undefined,undefined,undefined,undefined
1.76514E+12,19.858,-0.196653634,undefined,undefined,undefined,undefined,undefined
1.76514E+12,19.878,-0.196653634,undefined,undefined,undefined,undefined,undefined
1.76514E+12,19.918,-0.139985323,undefined,undefined,undefined,undefined,undefined
1.76514E+12,19.919,undefined,-0.219980478,-0.023624778,-0.016592002,0.008784001,0.01952
1.76514E+12,19.939,-0.026648758,undefined,undefined,undefined,undefined,undefined
1.76514E+12,19.972,-0.139985323,undefined,undefined,undefined,undefined,undefined
1.76514E+12,20.019,undefined,-0.219980478,-0.219032764,-0.021472,0.00976,0.018544002
1.76514E+12,20.023,-0.196653634,undefined,undefined,undefined,undefined,undefined
1.76514E+12,20.043,-0.026648758,undefined,undefined,undefined,undefined,undefined
1.76514E+12,20.078,-0.139985323,undefined,undefined,undefined,undefined,undefined
1.76514E+12,20.111,-0.139985323,undefined,undefined,undefined,undefined,undefined
1.76514E+12,20.119,undefined,-0.106643848,0.074079156,-0.021472,0.013664001,0.016592002
1.76514E+12,20.144,-0.026648758,undefined,undefined,undefined,undefined,undefined
1.76514E+12,20.177,-0.139985323,undefined,undefined,undefined,undefined,undefined
1.76514E+12,20.21,-0.196653634,undefined,undefined,undefined,undefined,undefined
1.76514E+12,20.219,undefined,-0.219980478,-0.023624778,-0.01952,0.016592002,0.031232001
1.76514E+12,20.243,-0.139985323,undefined,undefined,undefined,undefined,undefined
1.76514E+12,20.278,-0.083317041,undefined,undefined,undefined,undefined,undefined
1.76514E+12,20.319,undefined,-0.106643848,-0.170180798,-0.015616001,0.015616001,0.014640001
1.76514E+12,20.327,-0.253321916,undefined,undefined,undefined,undefined,undefined
1.76514E+12,20.347,-0.196653634,undefined,undefined,undefined,undefined,undefined
1.76514E+12,20.377,-0.253321916,undefined,undefined,undefined,undefined,undefined
1.76514E+12,20.412,-0.083317041,undefined,undefined,undefined,undefined,undefined
1.76514E+12,20.419,undefined,-0.106643848,-0.170180798,-0.013664001,0.011712,0.021472
1.76514E+12,20.443,-0.139985323,undefined,undefined,undefined,undefined,undefined
1.76514E+12,20.476,-0.026648758,undefined,undefined,undefined,undefined,undefined
1.76514E+12,20.519,undefined,-0.219980478,-0.170180798,-0.014640001,0.017568002,0.020496
1.76514E+12,20.526,-0.196653634,undefined,undefined,undefined,undefined,undefined
1.76514E+12,20.546,-0.139985323,undefined,undefined,undefined,undefined,undefined
1.76514E+12,20.576,-0.196653634,undefined,undefined,undefined,undefined,undefined
1.76514E+12,20.61,-0.139985323,undefined,undefined,undefined,undefined,undefined
1.76514E+12,20.619,undefined,-0.106643848,-0.170180798,-0.007808,0.018544002,0.026352001
1.76514E+12,20.647,-0.083317041,undefined,undefined,undefined,undefined,undefined
1.76514E+12,20.677,-0.196653634,undefined,undefined,undefined,undefined,undefined
1.76514E+12,20.709,-0.253321916,undefined,undefined,undefined,undefined,undefined
1.76514E+12,20.719,undefined,-0.163312137,-0.121328712,-0.011712,0.013664001,0.01952
1.76514E+12,20.744,-0.083317041,undefined,undefined,undefined,undefined,undefined
1.76514E+12,20.775,-0.139985323,undefined,undefined,undefined,undefined,undefined
1.76514E+12,20.811,-0.026648758,undefined,undefined,undefined,undefined,undefined
1.76514E+12,20.819,undefined,-0.219980478,-0.219032764,-0.010736,0.017568002,0.021472
1.76514E+12,20.847,-0.139985323,undefined,undefined,undefined,undefined,undefined
1.76514E+12,20.877,0.030019522,undefined,undefined,undefined,undefined,undefined
1.76514E+12,20.913,-0.196653634,undefined,undefined,undefined,undefined,undefined
1.76514E+12,20.919,undefined,-0.163312137,-0.219032764,-0.012688,0.018544002,0.025376
1.76514E+12,20.945,-0.196653634,undefined,undefined,undefined,undefined,undefined
1.76514E+12,20.977,-0.083317041,undefined,undefined,undefined,undefined,undefined
1.76514E+12,21.019,undefined,-0.219980478,-0.170180798,-0.015616001,0.012688,0.01952
1.76514E+12,21.031,-0.196653634,undefined,undefined,undefined,undefined,undefined
1.76514E+12,21.051,-0.196653634,undefined,undefined,undefined,undefined,undefined
1.76514E+12,21.102,-0.196653634,undefined,undefined,undefined,undefined,undefined
1.76514E+12,21.119,undefined,-0.106643848,-0.023624778,-0.008784001,0.011712,0.016592002
1.76514E+12,21.123,-0.083317041,undefined,undefined,undefined,undefined,undefined
1.76514E+12,21.158,-0.196653634,undefined,undefined,undefined,undefined,undefined
1.76514E+12,21.19,-0.253321916,undefined,undefined,undefined,undefined,undefined
1.76514E+12,21.219,undefined,-0.163312137,-0.121328712,-0.00976,0.018544002,0.022448
1.76514E+12,21.223,-0.196653634,undefined,undefined,undefined,undefined,undefined
1.76514E+12,21.256,-0.196653634,undefined,undefined,undefined,undefined,undefined
1.76514E+12,21.287,-0.309990227,undefined,undefined,undefined,undefined,undefined
1.76514E+12,21.319,undefined,-0.163312137,-0.121328712,-0.010736,0.014640001,0.014640001
1.76514E+12,21.323,-0.196653634,undefined,undefined,undefined,undefined,undefined
1.76514E+12,21.357,0.030019522,undefined,undefined,undefined,undefined,undefined
1.76514E+12,21.377,-0.139985323,undefined,undefined,undefined,undefined,undefined
1.76514E+12,21.397,-0.083317041,undefined,undefined,undefined,undefined,undefined
1.76514E+12,21.419,undefined,0.063360989,-0.023624778,-0.007808,0.014640001,0.020496
1.76514E+12,21.439,-0.083317041,undefined,undefined,undefined,undefined,undefined
1.76514E+12,21.459,-0.196653634,undefined,undefined,undefined,undefined,undefined
1.76514E+12,21.493,-0.026648758,undefined,undefined,undefined,undefined,undefined
1.76514E+12,21.519,undefined,-0.04997557,-0.170180798,-0.005856,0.014640001,0.015616001
1.76514E+12,21.547,-0.42332679,undefined,undefined,undefined,undefined,undefined
1.76514E+12,21.567,-0.139985323,undefined,undefined,undefined,undefined,undefined
1.76514E+12,21.617,-0.083317041,undefined,undefined,undefined,undefined,undefined
1.76514E+12,21.619,undefined,-0.27664876,-0.072476745,-0.010736,0.011712,0.018544002
1.76514E+12,21.637,-0.196653634,undefined,undefined,undefined,undefined,undefined
1.76514E+12,21.668,-0.309990227,undefined,undefined,undefined,undefined,undefined
1.76514E+12,21.703,-0.139985323,undefined,undefined,undefined,undefined,undefined
1.76514E+12,21.719,undefined,0.00669271,-0.023624778,-0.011712,0.013664001,0.017568002
1.76514E+12,21.734,-0.026648758,undefined,undefined,undefined,undefined,undefined
1.76514E+12,21.769,-0.253321916,undefined,undefined,undefined,undefined,undefined
1.76514E+12,21.8,-0.253321916,undefined,undefined,undefined,undefined,undefined
1.76514E+12,21.819,undefined,-0.04997557,0.025227189,-0.00488,0.016592002,0.01952
1.76514E+12,21.834,-0.083317041,undefined,undefined,undefined,undefined,undefined
1.76514E+12,21.869,-0.083317041,undefined,undefined,undefined,undefined,undefined
1.76514E+12,21.901,-0.083317041,undefined,undefined,undefined,undefined,undefined
1.76514E+12,21.919,undefined,0.00669271,-0.023624778,-0.008784001,0.016592002,0.017568002
1.76514E+12,21.937,-0.083317041,undefined,undefined,undefined,undefined,undefined
1.76514E+12,21.968,-0.083317041,undefined,undefined,undefined,undefined,undefined
1.76514E+12,22.001,-0.139985323,undefined,undefined,undefined,undefined,undefined
1.76514E+12,22.019,undefined,-0.106643848,-0.023624778,-0.006832,0.017568002,0.014640001
1.76514E+12,22.047,-0.083317041,undefined,undefined,undefined,undefined,undefined
1.76514E+12,22.067,-0.253321916,undefined,undefined,undefined,undefined,undefined
1.76514E+12,22.119,undefined,-0.163312137,-0.121328712,-0.006832,0.012688,0.015616001
1.76514E+12,22.123,0.030019522,undefined,undefined,undefined,undefined,undefined
1.76514E+12,22.143,-0.139985323,undefined,undefined,undefined,undefined,undefined
1.76514E+12,22.163,-0.083317041,undefined,undefined,undefined,undefined,undefined
1.76514E+12,22.183,-0.083317041,undefined,undefined,undefined,undefined,undefined
1.76514E+12,22.219,undefined,-0.106643848,0.025227189,-0.006832,0.012688,0.01952
1.76514E+12,22.227,-0.139985323,undefined,undefined,undefined,undefined,undefined
1.76514E+12,22.248,-0.309990227,undefined,undefined,undefined,undefined,undefined
1.76514E+12,22.283,-0.139985323,undefined,undefined,undefined,undefined,undefined
1.76514E+12,22.315,-0.253321916,undefined,undefined,undefined,undefined,undefined
1.76514E+12,22.319,undefined,-0.163312137,-0.170180798,-0.00976,0.012688,0.017568002
1.76514E+12,22.361,-0.139985323,undefined,undefined,undefined,undefined,undefined
1.76514E+12,22.384,-0.026648758,undefined,undefined,undefined,undefined,undefined
1.76514E+12,22.413,-0.083317041,undefined,undefined,undefined,undefined,undefined
1.76514E+12,22.419,undefined,-0.04997557,-0.170180798,-0.010736,0.012688,0.021472
1.76514E+12,22.432,-0.139985323,undefined,undefined,undefined,undefined,undefined
1.76514E+12,22.453,-0.083317041,undefined,undefined,undefined,undefined,undefined
1.76514E+12,22.492,-0.196653634,undefined,undefined,undefined,undefined,undefined
1.76514E+12,22.512,-0.139985323,undefined,undefined,undefined,undefined,undefined
1.76514E+12,22.519,undefined,-0.106643848,-0.072476745,-0.00976,0.015616001,0.017568002
1.76514E+12,22.546,-0.196653634,undefined,undefined,undefined,undefined,undefined
1.76514E+12,22.577,-0.139985323,undefined,undefined,undefined,undefined,undefined
1.76514E+12,22.612,-0.309990227,undefined,undefined,undefined,undefined,undefined
1.76514E+12,22.619,undefined,-0.163312137,-0.121328712,-0.093695998,0,0.098576002
1.76514E+12,22.644,0.143356144,undefined,undefined,undefined,undefined,undefined
1.76514E+12,22.678,-0.139985323,undefined,undefined,undefined,undefined,undefined
1.76514E+12,22.711,-0.139985323,undefined,undefined,undefined,undefined,undefined
1.76514E+12,22.719,undefined,-0.163312137,-0.023624778,-0.257663995,0.038063999,0.081983998
1.76514E+12,22.744,-0.253321916,undefined,undefined,undefined,undefined,undefined
1.76514E+12,22.777,-0.479995102,undefined,undefined,undefined,undefined,undefined
1.76514E+12,22.811,-0.309990227,undefined,undefined,undefined,undefined,undefined
1.76514E+12,22.819,undefined,-0.04997557,-0.121328712,-0.203007996,0.027328001,0.050751999
1.76514E+12,22.846,-0.139985323,undefined,undefined,undefined,undefined,undefined
1.76514E+12,22.877,-0.196653634,undefined,undefined,undefined,undefined,undefined
1.76514E+12,22.911,-0.42332679,undefined,undefined,undefined,undefined,undefined
1.76514E+12,22.919,undefined,-0.106643848,-0.023624778,-0.041968003,0.011712,-0.011712
1.76514E+12,22.946,-0.083317041,undefined,undefined,undefined,undefined,undefined
1.76514E+12,22.977,-0.083317041,undefined,undefined,undefined,undefined,undefined
1.76514E+12,23.011,-0.026648758,undefined,undefined,undefined,undefined,undefined
1.76514E+12,23.019,undefined,-0.106643848,-0.072476745,-0.114192002,0.00976,-0.200080007
1.76514E+12,23.046,-0.139985323,undefined,undefined,undefined,undefined,undefined
1.76514E+12,23.08,-0.196653634,undefined,undefined,undefined,undefined,undefined
1.76514E+12,23.114,-0.026648758,undefined,undefined,undefined,undefined,undefined
1.76514E+12,23.119,undefined,-0.219980478,-0.756404519,-0.292800009,0.017568002,-0.033184003
1.76514E+12,23.148,-0.196653634,undefined,undefined,undefined,undefined,undefined
1.76514E+12,23.183,-0.366658509,undefined,undefined,undefined,undefined,undefined
1.76514E+12,23.219,undefined,-0.04997557,-0.267884731,-0.745664001,0.210816011,-0.24985601
1.76514E+12,23.235,-0.933341444,undefined,undefined,undefined,undefined,undefined
1.76514E+12,23.255,-0.479995102,undefined,undefined,undefined,undefined,undefined
1.76514E+12,23.287,-0.990009725,undefined,undefined,undefined,undefined,undefined
1.76514E+12,23.319,-1.046678066,0.346702456,-0.414440632,-1.272704005,0.267424017,-0.448960006
1.76514E+12,23.35,-1.160014629,undefined,undefined,undefined,undefined,undefined
1.76514E+12,23.386,-1.613361001,undefined,undefined,undefined,undefined,undefined
1.76514E+12,23.419,-1.556692719,0.00669271,-0.463292599,-1.29222405,0.338671982,-0.28987202
1.76514E+12,23.452,-1.556692719,undefined,undefined,undefined,undefined,undefined
1.76514E+12,23.499,-1.613361001,undefined,undefined,undefined,undefined,undefined
1.76514E+12,23.519,5.300170898,0.743380547,-0.658700585,-1.126303911,0.286944002,0.010736
1.76514E+12,23.567,-1.896702409,undefined,undefined,undefined,undefined,undefined
1.76514E+12,23.587,-1.840034127,undefined,undefined,undefined,undefined,undefined
1.76514E+12,23.619,-1.046678066,0.290034175,-0.219032764,-1.205359936,0.278160006,-0.230335996
1.76514E+12,23.652,-1.160014629,undefined,undefined,undefined,undefined,undefined
1.76514E+12,23.688,-1.613361001,undefined,undefined,undefined,undefined,undefined
1.76514E+12,23.719,-1.273351192,0.290034175,-0.365588665,-1.137040019,0.250831991,-0.244975999
1.76514E+12,23.757,-1.273351192,undefined,undefined,undefined,undefined,undefined
1.76514E+12,23.787,-1.330019474,undefined,undefined,undefined,undefined,undefined
1.76514E+12,23.819,undefined,0.063360989,-0.463292599,-1.109712005,0.189344004,-0.282063991
1.76514E+12,23.82,-1.330019474,undefined,undefined,undefined,undefined,undefined
1.76514E+12,23.854,-1.500024438,undefined,undefined,undefined,undefined,undefined
1.76514E+12,23.9,-1.670029283,undefined,undefined,undefined,undefined,undefined
1.76514E+12,23.919,undefined,-0.219980478,-0.219032764,-1.039440036,0.169824004,-0.244000003
1.76514E+12,23.921,-1.103346348,undefined,undefined,undefined,undefined,undefined
1.76514E+12,23.953,-1.160014629,undefined,undefined,undefined,undefined,undefined
1.76514E+12,23.973,-1.046678066,undefined,undefined,undefined,undefined,undefined
1.76514E+12,23.993,-1.216682911,undefined,undefined,undefined,undefined,undefined
1.76514E+12,24.019,undefined,0.00669271,-0.023624778,-0.875472009,0.164943993,-0.194224
1.76514E+12,24.02,-1.216682911,undefined,undefined,undefined,undefined,undefined
1.76514E+12,24.09,-1.103346348,undefined,undefined,undefined,undefined,undefined
1.76514E+12,24.11,-1.273351192,undefined,undefined,undefined,undefined,undefined
1.76514E+12,24.119,undefined,-0.04997557,-0.121328712,-0.860832036,0.126880005,-0.1708
1.76514E+12,24.144,-0.990009725,undefined,undefined,undefined,undefined,undefined
1.76514E+12,24.176,-1.046678066,undefined,undefined,undefined,undefined,undefined
1.76514E+12,24.209,-0.933341444,undefined,undefined,undefined,undefined,undefined
1.76514E+12,24.219,undefined,0.063360989,-0.365588665,-0.76128,0.110288002,-0.160063997
1.76514E+12,24.243,-0.990009725,undefined,undefined,undefined,undefined,undefined
1.76514E+12,24.296,-1.103346348,undefined,undefined,undefined,undefined,undefined
1.76514E+12,24.319,undefined,0.063360989,-0.219032764,-0.767135978,0.094672002,-0.153231993
1.76514E+12,24.327,-1.046678066,undefined,undefined,undefined,undefined,undefined
1.76514E+12,24.347,-0.933341444,undefined,undefined,undefined,undefined,undefined
1.76514E+12,24.379,-0.876673162,undefined,undefined,undefined,undefined,undefined
1.76514E+12,24.419,undefined,0.00669271,-0.121328712,-0.674416006,0.058560003,-0.173728004
1.76514E+12,24.428,-1.046678066,undefined,undefined,undefined,undefined,undefined
1.76514E+12,24.448,-0.990009725,undefined,undefined,undefined,undefined,undefined
1.76514E+12,24.468,-1.103346348,undefined,undefined,undefined,undefined,undefined
1.76514E+12,24.488,-0.933341444,undefined,undefined,undefined,undefined,undefined
1.76514E+12,24.514,-0.876673162,undefined,undefined,undefined,undefined,undefined
1.76514E+12,24.519,undefined,-0.04997557,-0.072476745,-0.479216009,0.023424,-0.096624002
1.76514E+12,24.547,-0.706668258,undefined,undefined,undefined,undefined,undefined
1.76514E+12,24.572,-0.593331695,undefined,undefined,undefined,undefined,undefined
1.76514E+12,24.592,-0.479995102,undefined,undefined,undefined,undefined,undefined
1.76514E+12,24.619,undefined,-0.163312137,-0.170180798,-0.721264064,0.071248002,-0.1708
1.76514E+12,24.632,-0.876673162,undefined,undefined,undefined,undefined,undefined
1.76514E+12,24.653,-0.990009725,undefined,undefined,undefined,undefined,undefined
1.76514E+12,24.689,-1.046678066,undefined,undefined,undefined,undefined,undefined
1.76514E+12,24.709,-0.820004821,undefined,undefined,undefined,undefined,undefined
1.76514E+12,24.719,undefined,0.120029338,-0.170180798,-0.825695992,0.028304001,-0.098576002
1.76514E+12,24.729,-1.046678066,undefined,undefined,undefined,undefined,undefined
1.76514E+12,24.771,-0.990009725,undefined,undefined,undefined,undefined,undefined
1.76514E+12,24.791,-1.046678066,undefined,undefined,undefined,undefined,undefined
1.76514E+12,24.819,undefined,-0.27664876,-0.170180798,-0.919392049,0.027328001,-0.101503998
1.76514E+12,24.823,-0.706668258,undefined,undefined,undefined,undefined,undefined
1.76514E+12,24.855,-1.273351192,undefined,undefined,undefined,undefined,undefined
1.76514E+12,24.888,-1.216682911,undefined,undefined,undefined,undefined,undefined
1.76514E+12,24.919,undefined,-0.106643848,0.074079156,-0.070272006,0,-0.030256001
1.76514E+12,24.923,-1.160014629,undefined,undefined,undefined,undefined,undefined
1.76514E+12,24.955,-0.083317041,undefined,undefined,undefined,undefined,undefined
1.76514E+12,24.989,-0.196653634,undefined,undefined,undefined,undefined,undefined
1.76514E+12,25.019,undefined,0.063360989,-0.121328712,-0.107359998,0.046847999,-0.025376
1.76514E+12,25.022,-0.196653634,undefined,undefined,undefined,undefined,undefined
1.76514E+12,25.076,-0.083317041,undefined,undefined,undefined,undefined,undefined
1.76514E+12,25.096,-0.366658509,undefined,undefined,undefined,undefined,undefined
1.76514E+12,25.119,undefined,0.176697612,-0.023624778,-0.075152002,0.078079998,-0.072223999
1.76514E+12,25.128,-0.196653634,undefined,undefined,undefined,undefined,undefined
1.76514E+12,25.162,-0.309990227,undefined,undefined,undefined,undefined,undefined
1.76514E+12,25.219,undefined,-0.04997557,-0.267884731,-0.220576003,0.181535989,-0.086864002
1.76514E+12,25.22,-0.309990227,undefined,undefined,undefined,undefined,undefined
1.76514E+12,25.25,-0.309990227,undefined,undefined,undefined,undefined,undefined
1.76514E+12,25.27,-0.083317041,undefined,undefined,undefined,undefined,undefined
1.76514E+12,25.316,-0.366658509,undefined,undefined,undefined,undefined,undefined
1.76514E+12,25.319,undefined,0.403370738,-0.512144566,-1.429839969,0.783728004,-0.341600001
1.76514E+12,25.336,0.030019522,undefined,undefined,undefined,undefined,undefined
1.76514E+12,25.384,-0.706668258,undefined,undefined,undefined,undefined,undefined
1.76514E+12,25.403,-1.386687875,undefined,undefined,undefined,undefined,undefined
1.76514E+12,25.419,undefined,0.346702456,-0.170180798,-3.125152111,0.469455987,-0.157136008
1.76514E+12,25.454,-2.520053625,undefined,undefined,undefined,undefined,undefined
1.76514E+12,25.473,-3.086736679,undefined,undefined,undefined,undefined,undefined
1.76514E+12,25.494,-3.766756296,undefined,undefined,undefined,undefined,undefined
1.76514E+12,25.514,-3.993429422,undefined,undefined,undefined,undefined,undefined
1.76514E+12,25.519,undefined,0.063360989,-0.023624778,-1.372256041,0.13859199,0.060512003
1.76514E+12,25.553,-2.973400116,undefined,undefined,undefined,undefined,undefined
1.76514E+12,25.575,-2.576721907,undefined,undefined,undefined,undefined,undefined
1.76514E+12,25.595,-2.066707134,undefined,undefined,undefined,undefined,undefined
1.76514E+12,25.615,-1.500024438,undefined,undefined,undefined,undefined,undefined
1.76514E+12,25.619,undefined,-0.219980478,-0.170180798,-0.117120005,0.085887998,-0.068319999
1.76514E+12,25.656,-0.706668258,undefined,undefined,undefined,undefined,undefined
1.76514E+12,25.677,-0.309990227,undefined,undefined,undefined,undefined,undefined
1.76514E+12,25.697,-0.42332679,undefined,undefined,undefined,undefined,undefined
1.76514E+12,25.717,-0.479995102,undefined,undefined,undefined,undefined,undefined
1.76514E+12,25.719,undefined,-0.333317041,-0.072476745,0.098576002,0.080031998,0.105408005
1.76514E+12,25.738,-0.309990227,undefined,undefined,undefined,undefined,undefined
1.76514E+12,25.792,0.030019522,undefined,undefined,undefined,undefined,undefined
1.76514E+12,25.812,0.030019522,undefined,undefined,undefined,undefined,undefined
1.76514E+12,25.819,undefined,-0.559990227,0.220635056,-1.374207973,-0.236192003,0.388448
1.76514E+12,25.832,0.540034175,undefined,undefined,undefined,undefined,undefined
1.76514E+12,25.853,0.483365893,undefined,undefined,undefined,undefined,undefined
1.76514E+12,25.894,-0.820004821,undefined,undefined,undefined,undefined,undefined
1.76514E+12,25.914,-1.443356156,undefined,undefined,undefined,undefined,undefined
1.76514E+12,25.919,undefined,-0.446653634,0.17178309,-2.093519926,-0.238143995,0.28987202
1.76514E+12,25.944,-1.896702409,undefined,undefined,undefined,undefined,undefined
1.76514E+12,25.977,-2.293380499,undefined,undefined,undefined,undefined,undefined
1.76514E+12,26.014,-2.520053625,undefined,undefined,undefined,undefined,undefined
1.76514E+12,26.019,undefined,-0.333317041,0.074079156,-1.991039991,-0.150304005,0.329887986
1.76514E+12,26.048,-2.520053625,undefined,undefined,undefined,undefined,undefined
1.76514E+12,26.082,-2.406717062,undefined,undefined,undefined,undefined,undefined
1.76514E+12,26.117,-2.293380499,undefined,undefined,undefined,undefined,undefined
1.76514E+12,26.119,undefined,0.176697612,0.416042924,-0.674416006,0.255712003,0.451887995
1.76514E+12,26.15,-1.613361001,undefined,undefined,undefined,undefined,undefined
1.76514E+12,26.18,-1.103346348,undefined,undefined,undefined,undefined,undefined
1.76514E+12,26.214,-0.763336539,undefined,undefined,undefined,undefined,undefined
1.76514E+12,26.219,undefined,0.516707301,0.122931123,-0.487024009,0.600239992,0.134688005
1.76514E+12,26.25,-0.763336539,undefined,undefined,undefined,undefined,undefined
1.76514E+12,26.282,-0.706668258,undefined,undefined,undefined,undefined,undefined
1.76514E+12,26.316,-0.706668258,undefined,undefined,undefined,undefined,undefined
1.76514E+12,26.319,undefined,0.630043983,-0.267884731,-0.201056004,0.610000014,-0.074176006
1.76514E+12,26.348,-0.706668258,undefined,undefined,undefined,undefined,undefined
1.76514E+12,26.382,-0.309990227,undefined,undefined,undefined,undefined,undefined
1.76514E+12,26.419,undefined,0.573375702,-0.658700585,-1.887583971,0.563151956,-0.488976002
1.76514E+12,26.438,-0.479995102,undefined,undefined,undefined,undefined,undefined
1.76514E+12,26.458,-0.706668258,undefined,undefined,undefined,undefined,undefined
1.76514E+12,26.489,-1.670029283,undefined,undefined,undefined,undefined,undefined
1.76514E+12,26.519,undefined,0.290034175,-0.854108453,-2.80209589,0.25376001,-0.224480003
1.76514E+12,26.532,-2.916731834,undefined,undefined,undefined,undefined,undefined
1.76514E+12,26.552,-2.803395271,undefined,undefined,undefined,undefined,undefined
1.76514E+12,26.601,-3.256741524,undefined,undefined,undefined,undefined,undefined
1.76514E+12,26.619,undefined,0.573375702,-0.512144566,-1.49425602,0.741760015,-0.211792007
1.76514E+12,26.621,-3.313409567,undefined,undefined,undefined,undefined,undefined
1.76514E+12,26.654,-2.576721907,undefined,undefined,undefined,undefined,undefined
1.76514E+12,26.7,-2.010038853,undefined,undefined,undefined,undefined,undefined
1.76514E+12,26.719,undefined,0.573375702,-1.244924307,-0.786656022,0.464576006,-0.89596802
1.76514E+12,26.72,-1.840034127,undefined,undefined,undefined,undefined,undefined
1.76514E+12,26.753,-1.613361001,undefined,undefined,undefined,undefined,undefined
1.76514E+12,26.789,-0.990009725,undefined,undefined,undefined,undefined,undefined
1.76514E+12,26.819,-0.820004821,0.176697612,-0.463292599,-1.100927949,0.210816011,-0.474335998
1.76514E+12,26.855,-1.046678066,undefined,undefined,undefined,undefined,undefined
1.76514E+12,26.889,-0.990009725,undefined,undefined,undefined,undefined,undefined
1.76514E+12,26.919,undefined,-0.219980478,-0.756404519,-1.617232084,-0.139568001,-0.578768015
1.76514E+12,26.921,-1.330019474,undefined,undefined,undefined,undefined,undefined
1.76514E+12,26.954,-1.726697564,undefined,undefined,undefined,undefined,undefined
1.76514E+12,26.989,-1.840034127,undefined,undefined,undefined,undefined,undefined
1.76514E+12,27.019,undefined,0.00669271,-0.560996532,-1.584048033,0.097599998,-0.349408001
1.76514E+12,27.033,-2.066707134,undefined,undefined,undefined,undefined,undefined
1.76514E+12,27.053,-2.010038853,undefined,undefined,undefined,undefined,undefined
1.76514E+12,27.119,undefined,0.176697612,-0.023624778,-0.356240004,0.264495999,-0.115167998
1.76514E+12,27.128,-1.613361001,undefined,undefined,undefined,undefined,undefined
1.76514E+12,27.148,-1.273351192,undefined,undefined,undefined,undefined,undefined
1.76514E+12,27.183,-1.103346348,undefined,undefined,undefined,undefined,undefined
1.76514E+12,27.215,-0.536663413,undefined,undefined,undefined,undefined,undefined
1.76514E+12,27.219,undefined,0.176697612,-0.560996532,-0.262544006,0.36502403,-0.615855992
1.76514E+12,27.248,-0.366658509,undefined,undefined,undefined,undefined,undefined
1.76514E+12,27.279,-0.536663413,undefined,undefined,undefined,undefined,undefined
1.76514E+12,27.317,-0.536663413,undefined,undefined,undefined,undefined,undefined
1.76514E+12,27.319,undefined,0.290034175,-0.756404519,-0.297679991,0.160063997,-0.568031967
1.76514E+12,27.35,-0.309990227,undefined,undefined,undefined,undefined,undefined
1.76514E+12,27.383,-0.42332679,undefined,undefined,undefined,undefined,undefined
1.76514E+12,27.419,undefined,0.290034175,-0.316736698,-0.377712011,0.360144019,-0.445055991
1.76514E+12,27.434,-0.42332679,undefined,undefined,undefined,undefined,undefined
1.76514E+12,27.455,-0.706668258,undefined,undefined,undefined,undefined,undefined
1.76514E+12,27.488,-0.479995102,undefined,undefined,undefined,undefined,undefined
1.76514E+12,27.519,undefined,-0.04997557,-0.512144566,-0.566080034,0.218624011,-0.287920028
1.76514E+12,27.52,-0.536663413,undefined,undefined,undefined,undefined,undefined
1.76514E+12,27.557,-0.706668258,undefined,undefined,undefined,undefined,undefined
1.76514E+12,27.588,-0.763336539,undefined,undefined,undefined,undefined,undefined
1.76514E+12,27.608,-0.820004821,undefined,undefined,undefined,undefined,undefined
1.76514E+12,27.619,undefined,0.120029338,-0.414440632,-0.450912029,0.222527996,-0.258640021
1.76514E+12,27.628,-0.706668258,undefined,undefined,undefined,undefined,undefined
1.76514E+12,27.671,-0.706668258,undefined,undefined,undefined,undefined,undefined
1.76514E+12,27.691,-0.706668258,undefined,undefined,undefined,undefined,undefined
1.76514E+12,27.719,undefined,0.233365893,-0.316736698,-0.38064,0.198128,-0.316224009
1.76514E+12,27.728,-0.593331695,undefined,undefined,undefined,undefined,undefined
1.76514E+12,27.759,-0.649999976,undefined,undefined,undefined,undefined,undefined
1.76514E+12,27.796,-0.42332679,undefined,undefined,undefined,undefined,undefined
1.76514E+12,27.819,undefined,0.176697612,-0.365588665,-0.308416009,0.217648,-0.350383997
1.76514E+12,27.828,-0.593331695,undefined,undefined,undefined,undefined,undefined
1.76514E+12,27.858,-0.706668258,undefined,undefined,undefined,undefined,undefined
1.76514E+12,27.893,-0.479995102,undefined,undefined,undefined,undefined,undefined
1.76514E+12,27.919,undefined,0.120029338,-0.609848499,-0.340624005,0.237167999,-0.473360002
1.76514E+12,27.928,-0.366658509,undefined,undefined,undefined,undefined,undefined
1.76514E+12,27.96,-0.42332679,undefined,undefined,undefined,undefined,undefined
1.76514E+12,28.01,-0.366658509,undefined,undefined,undefined,undefined,undefined
1.76514E+12,28.019,undefined,0.120029338,-0.512144566,-0.121024005,0.132736012,-0.520208001
1.76514E+12,28.03,0.030019522,undefined,undefined,undefined,undefined,undefined
1.76514E+12,28.066,-0.309990227,undefined,undefined,undefined,undefined,undefined
1.76514E+12,28.098,-0.42332679,undefined,undefined,undefined,undefined,undefined
1.76514E+12,28.119,undefined,-0.163312137,-0.609848499,-0.134688005,0.001952,-0.47140801
1.76514E+12,28.147,-0.253321916,undefined,undefined,undefined,undefined,undefined
1.76514E+12,28.167,-0.253321916,undefined,undefined,undefined,undefined,undefined
1.76514E+12,28.2,-0.479995102,undefined,undefined,undefined,undefined,undefined
1.76514E+12,28.219,undefined,-1.013336539,-0.414440632,0.059535999,-0.706624031,-0.580720007
1.76514E+12,28.237,-0.366658509,undefined,undefined,undefined,undefined,undefined
1.76514E+12,28.269,-0.083317041,undefined,undefined,undefined,undefined,undefined
1.76514E+12,28.3,-0.026648758,undefined,undefined,undefined,undefined,undefined
1.76514E+12,28.319,undefined,-0.729995131,-0.316736698,0.284992009,-0.54363203,-0.291824013
1.76514E+12,28.336,0.256692708,undefined,undefined,undefined,undefined,undefined
1.76514E+12,28.367,0.08668787,undefined,undefined,undefined,undefined,undefined
1.76514E+12,28.402,0.200024426,undefined,undefined,undefined,undefined,undefined
1.76514E+12,28.419,undefined,-0.786663413,-0.512144566,0.023424,-0.577791989,-0.430416018
1.76514E+12,28.436,-0.026648758,undefined,undefined,undefined,undefined,undefined
1.76514E+12,28.468,0.030019522,undefined,undefined,undefined,undefined,undefined
1.76514E+12,28.501,-0.083317041,undefined,undefined,undefined,undefined,undefined
1.76514E+12,28.519,undefined,-0.956668258,-0.121328712,-0.042943999,-0.655871987,-0.0244
1.76514E+12,28.534,-0.196653634,undefined,undefined,undefined,undefined,undefined
1.76514E+12,28.567,-0.196653634,undefined,undefined,undefined,undefined,undefined
1.76514E+12,28.601,-0.366658509,undefined,undefined,undefined,undefined,undefined
1.76514E+12,28.619,undefined,-0.67332679,0.025227189,0.060512003,-0.526064038,0.252783984
1.76514E+12,28.646,-0.196653634,undefined,undefined,undefined,undefined,undefined
1.76514E+12,28.666,-0.083317041,undefined,undefined,undefined,undefined,undefined
1.76514E+12,28.7,-0.083317041,undefined,undefined,undefined,undefined,undefined
1.76514E+12,28.719,undefined,-0.616658509,0.269487023,-0.075152002,-0.487024009,0.165920004
1.76514E+12,28.734,0.030019522,undefined,undefined,undefined,undefined,undefined
1.76514E+12,28.768,-0.026648758,undefined,undefined,undefined,undefined,undefined
1.76514E+12,28.803,-0.196653634,undefined,undefined,undefined,undefined,undefined
1.76514E+12,28.819,undefined,-0.67332679,0.122931123,-0.029280001,-0.361119986,0.179583997
1.76514E+12,28.834,-0.196653634,undefined,undefined,undefined,undefined,undefined
1.76514E+12,28.867,-0.196653634,undefined,undefined,undefined,undefined,undefined
1.76514E+12,28.919,-0.196653634,-0.67332679,0.025227189,0.029280001,-0.333792001,0.169824004
1.76514E+12,28.941,-0.196653634,undefined,undefined,undefined,undefined,undefined
1.76514E+12,28.961,-0.196653634,undefined,undefined,undefined,undefined,undefined
1.76514E+12,28.981,-0.083317041,undefined,undefined,undefined,undefined,undefined
1.76514E+12,29.019,undefined,-0.956668258,-0.023624778,0.188367993,-0.391376019,0.118096001
1.76514E+12,29.021,-0.083317041,undefined,undefined,undefined,undefined,undefined
1.76514E+12,29.044,0.08668787,undefined,undefined,undefined,undefined,undefined
1.76514E+12,29.074,0.030019522,undefined,undefined,undefined,undefined,undefined
1.76514E+12,29.109,0.030019522,undefined,undefined,undefined,undefined,undefined
1.76514E+12,29.119,undefined,-0.446653634,-0.121328712,0.147376001,-0.243024006,-0.056608003
1.76514E+12,29.143,0.08668787,undefined,undefined,undefined,undefined,undefined
1.76514E+12,29.176,-0.083317041,undefined,undefined,undefined,undefined,undefined
1.76514E+12,29.209,0.143356144,undefined,undefined,undefined,undefined,undefined
1.76514E+12,29.219,undefined,-0.333317041,0.025227189,0.176656008,-0.28987202,-0.350383997
1.76514E+12,29.244,0.143356144,undefined,undefined,undefined,undefined,undefined
1.76514E+12,29.277,-0.026648758,undefined,undefined,undefined,undefined,undefined
1.76514E+12,29.311,-0.139985323,undefined,undefined,undefined,undefined,undefined
1.76514E+12,29.319,undefined,-0.333317041,-0.756404519,-0.039039999,-0.116144001,-0.50752002
1.76514E+12,29.343,-0.026648758,undefined,undefined,undefined,undefined,undefined
1.76514E+12,29.395,-0.139985323,undefined,undefined,undefined,undefined,undefined
1.76514E+12,29.415,-0.083317041,undefined,undefined,undefined,undefined,undefined
1.76514E+12,29.419,undefined,-0.106643848,-1.147220373,-0.292800009,0.012688,-0.990640044
1.76514E+12,29.446,-0.479995102,undefined,undefined,undefined,undefined,undefined
1.76514E+12,29.479,-0.42332679,undefined,undefined,undefined,undefined,undefined
1.76514E+12,29.513,-0.366658509,undefined,undefined,undefined,undefined,undefined
1.76514E+12,29.519,undefined,-0.04997557,-0.658700585,-0.861808002,0.030256001,-1.057983994
1.76514E+12,29.547,-0.706668258,undefined,undefined,undefined,undefined,undefined
1.76514E+12,29.579,-1.046678066,undefined,undefined,undefined,undefined,undefined
1.76514E+12,29.619,undefined,0.063360989,-0.805256486,-1.552816033,0.287920028,-0.516304016
1.76514E+12,29.628,-1.273351192,undefined,undefined,undefined,undefined,undefined
1.76514E+12,29.648,-1.613361001,undefined,undefined,undefined,undefined,undefined
1.76514E+12,29.679,-1.613361001,undefined,undefined,undefined,undefined,undefined
1.76514E+12,29.712,-1.726697564,undefined,undefined,undefined,undefined,undefined
1.76514E+12,29.719,undefined,0.176697612,-0.121328712,-2.098399878,0.1708,0.060512003
1.76514E+12,29.745,-2.236712217,undefined,undefined,undefined,undefined,undefined
1.76514E+12,29.778,-2.633390188,undefined,undefined,undefined,undefined,undefined
1.76514E+12,29.813,-2.520053625,undefined,undefined,undefined,undefined,undefined
1.76514E+12,29.819,undefined,-0.333317041,0.220635056,-1.006255984,-0.070272006,0.379664004
1.76514E+12,29.845,-2.293380499,undefined,undefined,undefined,undefined,undefined
1.76514E+12,29.878,-1.670029283,undefined,undefined,undefined,undefined,undefined
1.76514E+12,29.912,-1.330019474,undefined,undefined,undefined,undefined,undefined
1.76514E+12,29.919,undefined,0.630043983,-0.267884731,-1.231711984,0.652944028,-0.202032
1.76514E+12,29.946,-1.046678066,undefined,undefined,undefined,undefined,undefined
1.76514E+12,29.978,-1.160014629,undefined,undefined,undefined,undefined,undefined
1.76514E+12,30.013,-1.556692719,undefined,undefined,undefined,undefined,undefined
1.76514E+12,30.019,undefined,0.573375702,-0.316736698,-0.262544006,0.62659198,-0.457744032
1.76514E+12,30.044,-1.613361001,undefined,undefined,undefined,undefined,undefined
1.76514E+12,30.084,-0.706668258,undefined,undefined,undefined,undefined,undefined
1.76514E+12,30.119,undefined,-0.163312137,-0.512144566,-0.575840056,-0.00976,-0.375760019
1.76514E+12,30.157,-0.820004821,undefined,undefined,undefined,undefined,undefined
1.76514E+12,30.176,-0.706668258,undefined,undefined,undefined,undefined,undefined
1.76514E+12,30.213,-0.763336539,undefined,undefined,undefined,undefined,undefined
1.76514E+12,30.219,undefined,-0.333317041,-0.316736698,-0.544608057,-0.160063997,-0.392351985
1.76514E+12,30.243,-0.706668258,undefined,undefined,undefined,undefined,undefined
1.76514E+12,30.279,-0.820004821,undefined,undefined,undefined,undefined,undefined
1.76514E+12,30.311,-0.706668258,undefined,undefined,undefined,undefined,undefined
1.76514E+12,30.319,undefined,0.063360989,-0.219032764,-0.650991976,0.246928006,0.000976
1.76514E+12,30.343,-1.103346348,undefined,undefined,undefined,undefined,undefined
1.76514E+12,30.379,-0.990009725,undefined,undefined,undefined,undefined,undefined
1.76514E+12,30.409,-0.933341444,undefined,undefined,undefined,undefined,undefined
1.76514E+12,30.419,undefined,0.516707301,-0.023624778,-0.552416027,0.615855992,-0.116144001
1.76514E+12,30.446,-0.876673162,undefined,undefined,undefined,undefined,undefined
1.76514E+12,30.478,-0.706668258,undefined,undefined,undefined,undefined,undefined
1.76514E+12,30.51,-0.706668258,undefined,undefined,undefined,undefined,undefined
1.76514E+12,30.519,undefined,0.403370738,-1.147220373,-0.789583981,0.663680017,-0.976976037
1.76514E+12,30.544,-0.763336539,undefined,undefined,undefined,undefined,undefined
1.76514E+12,30.578,-0.763336539,undefined,undefined,undefined,undefined,undefined
1.76514E+12,30.611,-0.990009725,undefined,undefined,undefined,undefined,undefined
1.76514E+12,30.619,undefined,-0.956668258,-0.805256486,-0.747616053,-0.570960045,-0.676367998
1.76514E+12,30.656,-1.273351192,undefined,undefined,undefined,undefined,undefined
1.76514E+12,30.676,-1.273351192,undefined,undefined,undefined,undefined,undefined
1.76514E+12,30.712,-0.763336539,undefined,undefined,undefined,undefined,undefined
1.76514E+12,30.719,undefined,-0.559990227,-0.316736698,-0.592432022,-0.73004806,-0.184464008
1.76514E+12,30.743,-0.876673162,undefined,undefined,undefined,undefined,undefined
1.76514E+12,30.778,-0.763336539,undefined,undefined,undefined,undefined,undefined
1.76514E+12,30.814,-0.763336539,undefined,undefined,undefined,undefined,undefined
1.76514E+12,30.819,undefined,-0.616658509,0.562598825,-0.652944028,-0.298656017,0.817888021
1.76514E+12,30.844,-0.706668258,undefined,undefined,undefined,undefined,undefined
1.76514E+12,30.879,-0.593331695,undefined,undefined,undefined,undefined,undefined
1.76514E+12,30.91,-0.706668258,undefined,undefined,undefined,undefined,undefined
1.76514E+12,30.919,undefined,-0.956668258,0.562598825,-0.601216018,-0.578768015,0.675392032
1.76514E+12,30.943,-0.990009725,undefined,undefined,undefined,undefined,undefined
1.76514E+12,30.978,-1.160014629,undefined,undefined,undefined,undefined,undefined
1.76514E+12,31.011,-0.990009725,undefined,undefined,undefined,undefined,undefined
1.76514E+12,31.019,undefined,-0.729995131,0.464894891,-0.214719996,-0.50752002,0.66563201
1.76514E+12,31.044,-0.42332679,undefined,undefined,undefined,undefined,undefined
1.76514E+12,31.078,-0.309990227,undefined,undefined,undefined,undefined,undefined
1.76514E+12,31.109,-0.42332679,undefined,undefined,undefined,undefined,undefined
1.76514E+12,31.119,undefined,-0.786663413,0.31833899,-0.635376036,-0.546559989,0.398208022
1.76514E+12,31.153,-0.706668258,undefined,undefined,undefined,undefined,undefined
1.76514E+12,31.173,-0.536663413,undefined,undefined,undefined,undefined,undefined
1.76514E+12,31.207,-0.706668258,undefined,undefined,undefined,undefined,undefined
1.76514E+12,31.219,undefined,-0.899999976,-0.707552552,-0.32891202,-0.753471971,-0.292800009
1.76514E+12,31.24,-1.046678066,undefined,undefined,undefined,undefined,undefined
1.76514E+12,31.276,-0.933341444,undefined,undefined,undefined,undefined,undefined
1.76514E+12,31.308,-0.42332679,undefined,undefined,undefined,undefined,undefined
1.76514E+12,31.319,undefined,-0.899999976,-0.658700585,-0.279136002,-0.544608057,-0.682223976
1.76514E+12,31.343,-0.309990227,undefined,undefined,undefined,undefined,undefined
1.76514E+12,31.374,-0.42332679,undefined,undefined,undefined,undefined,undefined
1.76514E+12,31.408,-0.139985323,undefined,undefined,undefined,undefined,undefined
1.76514E+12,31.419,undefined,-0.163312137,-1.098368406,-0.772992015,-0.081983998,-0.987712026
1.76514E+12,31.457,-0.42332679,undefined,undefined,undefined,undefined,undefined
1.76514E+12,31.477,-0.763336539,undefined,undefined,undefined,undefined,undefined
1.76514E+12,31.517,-0.990009725,undefined,undefined,undefined,undefined,undefined
1.76514E+12,31.519,undefined,0.063360989,-0.90296042,-0.724192023,0.180559993,-0.702720046
1.76514E+12,31.54,-1.046678066,undefined,undefined,undefined,undefined,undefined
1.76514E+12,31.575,-0.933341444,undefined,undefined,undefined,undefined,undefined
1.76514E+12,31.619,undefined,0.290034175,-0.658700585,-0.617807984,0.438223988,-0.555343986
1.76514E+12,31.623,-0.876673162,undefined,undefined,undefined,undefined,undefined
1.76514E+12,31.643,-0.706668258,undefined,undefined,undefined,undefined,undefined
1.76514E+12,31.674,-0.820004821,undefined,undefined,undefined,undefined,undefined
1.76514E+12,31.719,-0.706668258,0.573375702,-0.609848499,-0.715408027,0.575840056,-0.731999993
1.76514E+12,31.739,-0.706668258,undefined,undefined,undefined,undefined,undefined
1.76514E+12,31.774,-0.593331695,undefined,undefined,undefined,undefined,undefined
1.76514E+12,31.807,-0.933341444,undefined,undefined,undefined,undefined,undefined
1.76514E+12,31.819,undefined,0.800048828,-0.463292599,-0.699791968,0.762255967,-0.320127994
1.76514E+12,31.827,-1.046678066,undefined,undefined,undefined,undefined,undefined
1.76514E+12,31.847,-0.990009725,undefined,undefined,undefined,undefined,undefined
1.76514E+12,31.886,-0.933341444,undefined,undefined,undefined,undefined,undefined
1.76514E+12,31.907,-0.876673162,undefined,undefined,undefined,undefined,undefined
1.76514E+12,31.919,undefined,0.686712265,-0.072476745,-0.692960024,0.799344003,-0.003904
1.76514E+12,31.927,-0.706668258,undefined,undefined,undefined,undefined,undefined
1.76514E+12,31.947,-0.876673162,undefined,undefined,undefined,undefined,undefined
1.76514E+12,31.985,-0.706668258,undefined,undefined,undefined,undefined,undefined
1.76514E+12,32.007,-0.763336539,undefined,undefined,undefined,undefined,undefined
1.76514E+12,32.019,undefined,0.686712265,0.122931123,-0.635376036,0.739807963,0.327935994
1.76514E+12,32.027,-0.933341444,undefined,undefined,undefined,undefined,undefined
1.76514E+12,32.047,-1.046678066,undefined,undefined,undefined,undefined,undefined
1.76514E+12,32.097,-0.706668258,undefined,undefined,undefined,undefined,undefined
1.76514E+12,32.119,-0.933341444,0.233365893,0.562598825,-0.257663995,0.330864012,0.684176028
1.76514E+12,32.142,-0.933341444,undefined,undefined,undefined,undefined,undefined
1.76514E+12,32.162,-0.820004821,undefined,undefined,undefined,undefined,undefined
1.76514E+12,32.198,-0.593331695,undefined,undefined,undefined,undefined,undefined
1.76514E+12,32.219,undefined,0.00669271,0.75800693,-0.676367998,-0.199104011,0.726143956
1.76514E+12,32.23,-0.366658509,undefined,undefined,undefined,undefined,undefined
1.76514E+12,32.264,-0.479995102,undefined,undefined,undefined,undefined,undefined
1.76514E+12,32.297,-0.706668258,undefined,undefined,undefined,undefined,undefined
1.76514E+12,32.319,undefined,-0.729995131,0.660302997,-0.664655983,-0.735903978,0.601216018
1.76514E+12,32.33,-0.876673162,undefined,undefined,undefined,undefined,undefined
1.76514E+12,32.363,-0.933341444,undefined,undefined,undefined,undefined,undefined
1.76514E+12,32.397,-0.990009725,undefined,undefined,undefined,undefined,undefined
1.76514E+12,32.419,undefined,-1.183341503,0.75800693,-0.566080034,-0.778848052,0.625616014
1.76514E+12,32.428,-0.706668258,undefined,undefined,undefined,undefined,undefined
1.76514E+12,32.462,-0.479995102,undefined,undefined,undefined,undefined,undefined
1.76514E+12,32.498,-0.593331695,undefined,undefined,undefined,undefined,undefined
1.76514E+12,32.519,undefined,-0.786663413,0.904562831,-0.986736,-0.409920007,0.702720046
1.76514E+12,32.53,-0.990009725,undefined,undefined,undefined,undefined,undefined
1.76514E+12,32.583,-1.330019474,undefined,undefined,undefined,undefined,undefined
1.76514E+12,32.612,-1.216682911,undefined,undefined,undefined,undefined,undefined
1.76514E+12,32.619,undefined,0.290034175,0.464894891,-0.894015968,0.453839988,0.558272004
1.76514E+12,32.635,-1.386687875,undefined,undefined,undefined,undefined,undefined
1.76514E+12,32.655,-0.933341444,undefined,undefined,undefined,undefined,undefined
1.76514E+12,32.675,-0.990009725,undefined,undefined,undefined,undefined,undefined
1.76514E+12,32.713,-1.160014629,undefined,undefined,undefined,undefined,undefined
1.76514E+12,32.719,undefined,1.310063481,-0.219032764,-0.821792006,1.048223972,-0.360144019
1.76514E+12,32.734,-1.216682911,undefined,undefined,undefined,undefined,undefined
1.76514E+12,32.754,-1.103346348,undefined,undefined,undefined,undefined,undefined
1.76514E+12,32.774,-0.820004821,undefined,undefined,undefined,undefined,undefined
1.76514E+12,32.816,-1.046678066,undefined,undefined,undefined,undefined,undefined
1.76514E+12,32.819,undefined,0.120029338,-1.538036108,-0.840336025,0.369903982,-1.057983994
1.76514E+12,32.836,-1.046678066,undefined,undefined,undefined,undefined,undefined
1.76514E+12,32.856,-1.273351192,undefined,undefined,undefined,undefined,undefined
1.76514E+12,32.876,-1.103346348,undefined,undefined,undefined,undefined,undefined
1.76514E+12,32.9,-1.103346348,undefined,undefined,undefined,undefined,undefined
1.76514E+12,32.919,undefined,-0.333317041,-0.609848499,-0.783728004,-0.338671982,-1.013087988
1.76514E+12,32.935,-1.046678066,undefined,undefined,undefined,undefined,undefined
1.76514E+12,32.978,-1.160014629,undefined,undefined,undefined,undefined,undefined
1.76514E+12,32.999,-1.103346348,undefined,undefined,undefined,undefined,undefined
1.76514E+12,33.019,undefined,-0.559990227,-0.072476745,-0.919392049,-0.418704003,0.042943999
1.76514E+12,33.033,-0.876673162,undefined,undefined,undefined,undefined,undefined
1.76514E+12,33.071,-1.160014629,undefined,undefined,undefined,undefined,undefined
1.76514E+12,33.104,-1.216682911,undefined,undefined,undefined,undefined,undefined
1.76514E+12,33.119,undefined,-0.219980478,0.367190957,-0.88816005,-0.053679999,0.346480012
1.76514E+12,33.141,-1.386687875,undefined,undefined,undefined,undefined,undefined
1.76514E+12,33.17,-1.160014629,undefined,undefined,undefined,undefined,undefined
1.76514E+12,33.19,-1.216682911,undefined,undefined,undefined,undefined,undefined
1.76514E+12,33.21,-0.876673162,undefined,undefined,undefined,undefined,undefined
1.76514E+12,33.219,undefined,0.063360989,0.122931123,-0.816911995,0.183488011,0.244000003
1.76514E+12,33.255,-0.990009725,undefined,undefined,undefined,undefined,undefined
1.76514E+12,33.278,-1.103346348,undefined,undefined,undefined,undefined,undefined
1.76514E+12,33.319,undefined,0.233365893,0.122931123,-1.163391948,0.420655996,-0.126880005
1.76514E+12,33.327,-1.330019474,undefined,undefined,undefined,undefined,undefined
1.76514E+12,33.347,-0.933341444,undefined,undefined,undefined,undefined,undefined
1.76514E+12,33.376,-1.103346348,undefined,undefined,undefined,undefined,undefined
1.76514E+12,33.41,-1.443356156,undefined,undefined,undefined,undefined,undefined
1.76514E+12,33.419,undefined,0.46003902,0.220635056,-0.878400028,0.473360002,0.049776003
1.76514E+12,33.445,-1.556692719,undefined,undefined,undefined,undefined,undefined
1.76514E+12,33.477,-1.443356156,undefined,undefined,undefined,undefined,undefined
1.76514E+12,33.511,-1.160014629,undefined,undefined,undefined,undefined,undefined
1.76514E+12,33.519,undefined,0.686712265,-0.609848499,-0.668559968,0.65001601,-0.608048022
1.76514E+12,33.544,-1.046678066,undefined,undefined,undefined,undefined,undefined
1.76514E+12,33.578,-0.763336539,undefined,undefined,undefined,undefined,undefined
1.76514E+12,33.611,-0.933341444,undefined,undefined,undefined,undefined,undefined
1.76514E+12,33.619,undefined,0.630043983,-0.90296042,-1.063839912,0.547536016,-0.869616032
1.76514E+12,33.661,-1.330019474,undefined,undefined,undefined,undefined,undefined
1.76514E+12,33.681,-1.330019474,undefined,undefined,undefined,undefined,undefined
1.76514E+12,33.709,-1.273351192,undefined,undefined,undefined,undefined,undefined
1.76514E+12,33.719,undefined,0.403370738,-0.90296042,-1.095072031,0.462623984,-0.819840014
1.76514E+12,33.743,-1.330019474,undefined,undefined,undefined,undefined,undefined
1.76514E+12,33.777,-1.273351192,undefined,undefined,undefined,undefined,undefined
1.76514E+12,33.816,-1.103346348,undefined,undefined,undefined,undefined,undefined
1.76514E+12,33.819,undefined,0.233365893,-1.000664353,-1.290271997,0.360144019,-0.946720004
1.76514E+12,33.848,-1.160014629,undefined,undefined,undefined,undefined,undefined
1.76514E+12,33.878,-1.443356156,undefined,undefined,undefined,undefined,undefined
1.76514E+12,33.919,undefined,0.573375702,-0.756404519,-0.935984015,0.650991976,-0.69393605
1.76514E+12,33.925,-1.386687875,undefined,undefined,undefined,undefined,undefined
1.76514E+12,33.945,-1.273351192,undefined,undefined,undefined,undefined,undefined
1.76514E+12,33.979,-1.330019474,undefined,undefined,undefined,undefined,undefined
1.76514E+12,34.019,undefined,-0.67332679,-0.707552552,-0.603168011,-0.445055991,-0.667584002
1.76514E+12,34.025,-0.876673162,undefined,undefined,undefined,undefined,undefined
1.76514E+12,34.045,-0.933341444,undefined,undefined,undefined,undefined,undefined
1.76514E+12,34.1,-0.706668258,undefined,undefined,undefined,undefined,undefined
1.76514E+12,34.119,undefined,-0.729995131,-0.512144566,-0.84424001,-0.394304007,-0.428464025
1.76514E+12,34.122,-1.216682911,undefined,undefined,undefined,undefined,undefined
1.76514E+12,34.156,-0.876673162,undefined,undefined,undefined,undefined,undefined
1.76514E+12,34.189,-0.876673162,undefined,undefined,undefined,undefined,undefined
1.76514E+12,34.219,undefined,-0.446653634,-0.658700585,-0.813984036,-0.127856001,-0.458719999
1.76514E+12,34.223,-0.990009725,undefined,undefined,undefined,undefined,undefined
1.76514E+12,34.255,-1.046678066,undefined,undefined,undefined,undefined,undefined
1.76514E+12,34.291,-0.933341444,undefined,undefined,undefined,undefined,undefined
1.76514E+12,34.319,-0.876673162,0.00669271,-0.316736698,-0.907679975,-0.030256001,-0.374783993
1.76514E+12,34.355,-0.763336539,undefined,undefined,undefined,undefined,undefined
1.76514E+12,34.387,-1.046678066,undefined,undefined,undefined,undefined,undefined
1.76514E+12,34.419,undefined,-0.389985323,-0.463292599,-0.827647984,-0.265472025,-0.213744
1.76514E+12,34.422,-1.046678066,undefined,undefined,undefined,undefined,undefined
1.76514E+12,34.476,-1.046678066,undefined,undefined,undefined,undefined,undefined
1.76514E+12,34.496,-1.046678066,undefined,undefined,undefined,undefined,undefined
1.76514E+12,34.519,undefined,0.063360989,0.17178309,-0.870591998,-0.061487999,0.329887986
1.76514E+12,34.528,-0.933341444,undefined,undefined,undefined,undefined,undefined
1.76514E+12,34.558,-1.216682911,undefined,undefined,undefined,undefined,undefined
1.76514E+12,34.593,-0.933341444,undefined,undefined,undefined,undefined,undefined
1.76514E+12,34.619,undefined,0.290034175,0.31833899,-0.687103987,0.61097604,0.38064
1.76514E+12,34.626,-1.103346348,undefined,undefined,undefined,undefined,undefined
1.76514E+12,34.661,-1.103346348,undefined,undefined,undefined,undefined,undefined
1.76514E+12,34.693,-0.763336539,undefined,undefined,undefined,undefined,undefined
1.76514E+12,34.719,undefined,0.743380547,0.464894891,-0.659775972,0.834479988,0.494832009
1.76514E+12,34.729,-0.876673162,undefined,undefined,undefined,undefined,undefined
1.76514E+12,34.759,-0.706668258,undefined,undefined,undefined,undefined,undefined
1.76514E+12,34.795,-0.706668258,undefined,undefined,undefined,undefined,undefined
1.76514E+12,34.819,undefined,0.743380547,-0.951812387,-0.620736003,0.497759998,-1.050176024
1.76514E+12,34.829,-0.876673162,undefined,undefined,undefined,undefined,undefined
1.76514E+12,34.859,-0.990009725,undefined,undefined,undefined,undefined,undefined
1.76514E+12,34.893,-0.876673162,undefined,undefined,undefined,undefined,undefined
1.76514E+12,34.919,undefined,-0.163312137,-1.000664353,-0.669535995,0.045872003,-0.842288017
1.76514E+12,34.927,-0.876673162,undefined,undefined,undefined,undefined,undefined
1.76514E+12,34.958,-0.763336539,undefined,undefined,undefined,undefined,undefined
1.76514E+12,34.993,-0.990009725,undefined,undefined,undefined,undefined,undefined
1.76514E+12,35.019,undefined,0.120029338,-0.756404519,-0.605120003,0.111263998,-0.810079992
1.76514E+12,35.025,-0.933341444,undefined,undefined,undefined,undefined,undefined
1.76514E+12,35.063,-0.763336539,undefined,undefined,undefined,undefined,undefined
1.76514E+12,35.098,-0.763336539,undefined,undefined,undefined,undefined,undefined
1.76514E+12,35.119,undefined,0.063360989,-0.90296042,-0.603168011,0.360144019,-0.889135957
1.76514E+12,35.132,-0.763336539,undefined,undefined,undefined,undefined,undefined
1.76514E+12,35.181,-0.763336539,undefined,undefined,undefined,undefined,undefined
1.76514E+12,35.201,-0.763336539,undefined,undefined,undefined,undefined,undefined
1.76514E+12,35.219,undefined,0.120029338,-0.90296042,-0.596336007,0.431391984,-0.901824057
1.76514E+12,35.238,-0.933341444,undefined,undefined,undefined,undefined,undefined
1.76514E+12,35.269,-0.933341444,undefined,undefined,undefined,undefined,undefined
1.76514E+12,35.319,undefined,0.800048828,-0.414440632,-0.458719999,0.845215976,-0.569007993
1.76514E+12,35.321,-0.820004821,undefined,undefined,undefined,undefined,undefined
1.76514E+12,35.349,-0.763336539,undefined,undefined,undefined,undefined,undefined
1.76514E+12,35.37,-0.42332679,undefined,undefined,undefined,undefined,undefined
1.76514E+12,35.391,-0.763336539,undefined,undefined,undefined,undefined,undefined
1.76514E+12,35.41,-0.536663413,undefined,undefined,undefined,undefined,undefined
1.76514E+12,35.419,undefined,0.85671711,0.17178309,-0.385520011,0.703696012,0.459696025
1.76514E+12,35.438,-0.706668258,undefined,undefined,undefined,undefined,undefined
1.76514E+12,35.472,-0.763336539,undefined,undefined,undefined,undefined,undefined
1.76514E+12,35.506,-0.42332679,undefined,undefined,undefined,undefined,undefined
1.76514E+12,35.519,undefined,0.403370738,0.513746858,-0.311343998,0.711504042,0.472384006
1.76514E+12,35.538,-0.820004821,undefined,undefined,undefined,undefined,undefined
1.76514E+12,35.583,-0.593331695,undefined,undefined,undefined,undefined,undefined
1.76514E+12,35.604,-0.706668258,undefined,undefined,undefined,undefined,undefined
1.76514E+12,35.619,undefined,0.686712265,0.416042924,-0.404064,0.637328029,0.441152006
1.76514E+12,35.639,-0.42332679,undefined,undefined,undefined,undefined,undefined
1.76514E+12,35.659,-0.593331695,undefined,undefined,undefined,undefined,undefined
1.76514E+12,35.679,-0.42332679,undefined,undefined,undefined,undefined,undefined
1.76514E+12,35.716,-0.706668258,undefined,undefined,undefined,undefined,undefined
1.76514E+12,35.719,undefined,0.573375702,0.464894891,-0.518256009,0.692960024,0.338671982
1.76514E+12,35.738,-0.706668258,undefined,undefined,undefined,undefined,undefined
1.76514E+12,35.758,-0.536663413,undefined,undefined,undefined,undefined,undefined
1.76514E+12,35.778,-0.479995102,undefined,undefined,undefined,undefined,undefined
1.76514E+12,35.804,-0.933341444,undefined,undefined,undefined,undefined,undefined
1.76514E+12,35.819,undefined,0.743380547,-0.023624778,-0.415776014,0.713455975,0.181535989
1.76514E+12,35.854,-0.479995102,undefined,undefined,undefined,undefined,undefined
1.76514E+12,35.874,-0.366658509,undefined,undefined,undefined,undefined,undefined
1.76514E+12,35.894,-0.706668258,undefined,undefined,undefined,undefined,undefined
1.76514E+12,35.914,-0.706668258,undefined,undefined,undefined,undefined,undefined
1.76514E+12,35.919,undefined,0.743380547,-0.023624778,-0.324032009,0.683200002,-0.026352001
1.76514E+12,35.954,-0.649999976,undefined,undefined,undefined,undefined,undefined
1.76514E+12,35.974,-0.706668258,undefined,undefined,undefined,undefined,undefined
1.76514E+12,35.994,-0.649999976,undefined,undefined,undefined,undefined,undefined
1.76514E+12,36.015,-0.536663413,undefined,undefined,undefined,undefined,undefined
1.76514E+12,36.019,undefined,0.46003902,-0.267884731,-0.341600001,0.614880025,-0.33671999
1.76514E+12,36.054,-0.536663413,undefined,undefined,undefined,undefined,undefined
1.76514E+12,36.075,-0.536663413,undefined,undefined,undefined,undefined,undefined
1.76514E+12,36.11,-0.196653634,undefined,undefined,undefined,undefined,undefined
1.76514E+12,36.119,undefined,0.403370738,-0.463292599,-0.419679999,0.529968023,-0.513375998
1.76514E+12,36.145,-0.706668258,undefined,undefined,undefined,undefined,undefined
1.76514E+12,36.196,-0.536663413,undefined,undefined,undefined,undefined,undefined
1.76514E+12,36.216,-0.536663413,undefined,undefined,undefined,undefined,undefined
1.76514E+12,36.219,undefined,0.290034175,-0.90296042,-0.431391984,0.365999997,-0.550463974
1.76514E+12,36.25,-0.593331695,undefined,undefined,undefined,undefined,undefined
1.76514E+12,36.284,-0.536663413,undefined,undefined,undefined,undefined,undefined
1.76514E+12,36.317,-0.706668258,undefined,undefined,undefined,undefined,undefined
1.76514E+12,36.319,undefined,0.346702456,-0.707552552,-0.330864012,0.139568001,-0.680272043
1.76514E+12,36.347,-0.42332679,undefined,undefined,undefined,undefined,undefined
1.76514E+12,36.384,-0.706668258,undefined,undefined,undefined,undefined,undefined
1.76514E+12,36.419,-0.536663413,0.00669271,-0.951812387,-0.345503986,0.011712,-0.718335986
1.76514E+12,36.45,-0.706668258,undefined,undefined,undefined,undefined,undefined
1.76514E+12,36.503,-0.706668258,undefined,undefined,undefined,undefined,undefined
1.76514E+12,36.519,undefined,-0.163312137,-0.707552552,-0.283040017,-0.129807994,-0.774944007
1.76514E+12,36.523,-0.42332679,undefined,undefined,undefined,undefined,undefined
1.76514E+12,36.553,-0.536663413,undefined,undefined,undefined,undefined,undefined
1.76514E+12,36.587,-0.366658509,undefined,undefined,undefined,undefined,undefined
1.76514E+12,36.619,-0.309990227,-0.446653634,-0.805256486,-0.191296011,-0.425536007,-0.827647984
1.76514E+12,36.654,-0.479995102,undefined,undefined,undefined,undefined,undefined
1.76514E+12,36.702,-0.366658509,undefined,undefined,undefined,undefined,undefined
1.76514E+12,36.719,undefined,-1.240009665,-0.756404519,-0.235216007,-0.78470397,-0.685151994
1.76514E+12,36.722,-0.366658509,undefined,undefined,undefined,undefined,undefined
1.76514E+12,36.764,-0.196653634,undefined,undefined,undefined,undefined,undefined
1.76514E+12,36.784,-0.083317041,undefined,undefined,undefined,undefined,undefined
1.76514E+12,36.819,-0.479995102,-1.070004821,-0.90296042,-0.258640021,-0.740783989,-0.778848052
1.76514E+12,36.857,-0.309990227,undefined,undefined,undefined,undefined,undefined
1.76514E+12,36.886,-0.479995102,undefined,undefined,undefined,undefined,undefined
1.76514E+12,36.919,-0.42332679,-0.729995131,-0.90296042,-0.350383997,-0.553392053,-0.945744038
1.76514E+12,36.967,-0.253321916,undefined,undefined,undefined,undefined,undefined
1.76514E+12,36.987,-0.479995102,undefined,undefined,undefined,undefined,undefined
1.76514E+12,37.007,-0.42332679,undefined,undefined,undefined,undefined,undefined
1.76514E+12,37.019,undefined,0.630043983,-1.000664353,-0.32891202,0.516304016,-1.003327966
1.76514E+12,37.027,-0.479995102,undefined,undefined,undefined,undefined,undefined
1.76514E+12,37.057,-0.706668258,undefined,undefined,undefined,undefined,undefined
1.76514E+12,37.109,-0.479995102,undefined,undefined,undefined,undefined,undefined
1.76514E+12,37.119,undefined,0.516707301,-0.609848499,-0.333792001,0.623664021,-0.68612802
1.76514E+12,37.129,-0.593331695,undefined,undefined,undefined,undefined,undefined
1.76514E+12,37.164,-0.593331695,undefined,undefined,undefined,undefined,undefined
1.76514E+12,37.196,-0.366658509,undefined,undefined,undefined,undefined,undefined
1.76514E+12,37.216,-0.706668258,undefined,undefined,undefined,undefined,undefined
1.76514E+12,37.219,undefined,0.686712265,-0.854108453,-0.345503986,0.747616053,-0.579744041
1.76514E+12,37.236,-0.196653634,undefined,undefined,undefined,undefined,undefined
1.76514E+12,37.28,-0.42332679,undefined,undefined,undefined,undefined,undefined
1.76514E+12,37.3,-0.253321916,undefined,undefined,undefined,undefined,undefined
1.76514E+12,37.319,undefined,0.85671711,-0.365588665,-0.323056012,0.834479988,-0.368928015
1.76514E+12,37.355,-0.593331695,undefined,undefined,undefined,undefined,undefined
1.76514E+12,37.375,-0.366658509,undefined,undefined,undefined,undefined,undefined
1.76514E+12,37.404,-0.593331695,undefined,undefined,undefined,undefined,undefined
1.76514E+12,37.419,undefined,0.800048828,-0.463292599,-0.322080016,0.812031984,-0.451887995
1.76514E+12,37.437,-0.536663413,undefined,undefined,undefined,undefined,undefined
1.76514E+12,37.472,-0.593331695,undefined,undefined,undefined,undefined,undefined
1.76514E+12,37.504,-0.593331695,undefined,undefined,undefined,undefined,undefined
1.76514E+12,37.519,undefined,0.686712265,-0.707552552,-0.284015983,0.773968041,-0.439200014
1.76514E+12,37.539,-0.309990227,undefined,undefined,undefined,undefined,undefined
1.76514E+12,37.572,-0.536663413,undefined,undefined,undefined,undefined,undefined
1.76514E+12,37.603,-0.42332679,undefined,undefined,undefined,undefined,undefined
1.76514E+12,37.619,undefined,1.026721954,-0.267884731,-0.339648008,0.930127978,-0.400160015
1.76514E+12,37.637,-0.42332679,undefined,undefined,undefined,undefined,undefined
1.76514E+12,37.67,-0.42332679,undefined,undefined,undefined,undefined,undefined
1.76514E+12,37.719,undefined,0.573375702,-1.098368406,-0.27718398,0.692960024,-0.572911978
1.76514E+12,37.72,-0.479995102,undefined,undefined,undefined,undefined,undefined
1.76514E+12,37.74,-0.706668258,undefined,undefined,undefined,undefined,undefined
1.76514E+12,37.773,-0.536663413,undefined,undefined,undefined,undefined,undefined
1.76514E+12,37.806,-0.706668258,undefined,undefined,undefined,undefined,undefined
1.76514E+12,37.819,undefined,1.083390236,-0.560996532,-0.446032017,1.098975897,-0.088816002
1.76514E+12,37.839,-0.593331695,undefined,undefined,undefined,undefined,undefined
1.76514E+12,37.873,-0.479995102,undefined,undefined,undefined,undefined,undefined
1.76514E+12,37.907,-0.593331695,undefined,undefined,undefined,undefined,undefined
1.76514E+12,37.919,undefined,0.743380547,-0.805256486,-0.438223988,0.757376015,-0.831552029
1.76514E+12,37.939,-0.706668258,undefined,undefined,undefined,undefined,undefined
1.76514E+12,37.987,-0.706668258,undefined,undefined,undefined,undefined,undefined
1.76514E+12,38.007,-0.706668258,undefined,undefined,undefined,undefined,undefined
1.76514E+12,38.019,undefined,0.403370738,-1.049516439,-0.395280004,0.450912029,-0.845215976
1.76514E+12,38.038,-0.479995102,undefined,undefined,undefined,undefined,undefined
1.76514E+12,38.094,-0.42332679,undefined,undefined,undefined,undefined,undefined
1.76514E+12,38.115,-0.706668258,undefined,undefined,undefined,undefined,undefined
1.76514E+12,38.119,undefined,0.120029338,-1.049516439,-0.251807988,0.230335996,-0.671488047
1.76514E+12,38.149,-0.706668258,undefined,undefined,undefined,undefined,undefined
1.76514E+12,38.183,-0.536663413,undefined,undefined,undefined,undefined,undefined
1.76514E+12,38.218,-0.706668258,undefined,undefined,undefined,undefined,undefined
1.76514E+12,38.219,undefined,0.00669271,-0.805256486,-0.213744,-0.010736,-0.703696012
1.76514E+12,38.251,-0.479995102,undefined,undefined,undefined,undefined,undefined
1.76514E+12,38.282,-0.42332679,undefined,undefined,undefined,undefined,undefined
1.76514E+12,38.317,-0.479995102,undefined,undefined,undefined,undefined,undefined
1.76514E+12,38.319,undefined,-0.106643848,-0.90296042,-0.284015983,0.042943999,-0.879376054
1.76514E+12,38.337,-0.479995102,undefined,undefined,undefined,undefined,undefined
1.76514E+12,38.357,-0.309990227,undefined,undefined,undefined,undefined,undefined
1.76514E+12,38.399,-0.536663413,undefined,undefined,undefined,undefined,undefined
1.76514E+12,38.419,undefined,0.46003902,-0.805256486,-0.421632022,0.500688016,-0.829600036
1.76514E+12,38.421,-0.536663413,undefined,undefined,undefined,undefined,undefined
1.76514E+12,38.454,-0.649999976,undefined,undefined,undefined,undefined,undefined
1.76514E+12,38.503,-0.593331695,undefined,undefined,undefined,undefined,undefined
1.76514E+12,38.519,undefined,-0.503321886,-0.951812387,-0.676367998,-0.099552006,-0.772992015
1.76514E+12,38.523,-0.479995102,undefined,undefined,undefined,undefined,undefined
1.76514E+12,38.553,-0.763336539,undefined,undefined,undefined,undefined,undefined
1.76514E+12,38.588,-0.706668258,undefined,undefined,undefined,undefined,undefined
1.76514E+12,38.619,undefined,0.290034175,-0.805256486,-0.774944007,-0.017568002,-1.025776029
1.76514E+12,38.62,-0.820004821,undefined,undefined,undefined,undefined,undefined
1.76514E+12,38.653,-0.933341444,undefined,undefined,undefined,undefined,undefined
1.76514E+12,38.687,-0.933341444,undefined,undefined,undefined,undefined,undefined
1.76514E+12,38.719,undefined,-0.67332679,-1.049516439,-0.61097604,0.707600057,-1.087264061
1.76514E+12,38.721,-0.763336539,undefined,undefined,undefined,undefined,undefined
1.76514E+12,38.753,-0.933341444,undefined,undefined,undefined,undefined,undefined
1.76514E+12,38.788,-0.820004821,undefined,undefined,undefined,undefined,undefined
1.76514E+12,38.819,-0.820004821,0.573375702,-1.244924307,-0.467503995,0.582672,-1.112640023
1.76514E+12,38.858,-0.820004821,undefined,undefined,undefined,undefined,undefined
1.76514E+12,38.887,-0.706668258,undefined,undefined,undefined,undefined,undefined
1.76514E+12,38.918,-0.706668258,undefined,undefined,undefined,undefined,undefined
1.76514E+12,38.919,undefined,0.630043983,-0.560996532,-0.438223988,0.821792006,-0.592432022
1.76514E+12,38.952,-0.763336539,undefined,undefined,undefined,undefined,undefined
1.76514E+12,38.988,-0.706668258,undefined,undefined,undefined,undefined,undefined
1.76514E+12,39.019,undefined,0.800048828,-0.170180798,-0.30548802,0.710528016,0.126880005
1.76514E+12,39.021,-0.649999976,undefined,undefined,undefined,undefined,undefined
1.76514E+12,39.057,-0.763336539,undefined,undefined,undefined,undefined,undefined
1.76514E+12,39.092,-0.706668258,undefined,undefined,undefined,undefined,undefined
1.76514E+12,39.119,undefined,0.970053673,-0.121328712,-0.315248013,0.807152033,-0.042943999
1.76514E+12,39.124,-0.366658509,undefined,undefined,undefined,undefined,undefined
1.76514E+12,39.157,-0.479995102,undefined,undefined,undefined,undefined,undefined
1.76514E+12,39.192,-0.763336539,undefined,undefined,undefined,undefined,undefined
1.76514E+12,39.219,undefined,0.85671711,-0.609848499,-0.371856004,0.882304013,-0.423584014
1.76514E+12,39.244,-0.706668258,undefined,undefined,undefined,undefined,undefined
1.76514E+12,39.263,-0.706668258,undefined,undefined,undefined,undefined,undefined
1.76514E+12,39.314,-0.42332679,undefined,undefined,undefined,undefined,undefined
1.76514E+12,39.319,undefined,0.800048828,-0.805256486,-0.379664004,0.789583981,-0.491903991
1.76514E+12,39.353,-0.536663413,undefined,undefined,undefined,undefined,undefined
1.76514E+12,39.373,-0.536663413,undefined,undefined,undefined,undefined,undefined
1.76514E+12,39.393,-0.706668258,undefined,undefined,undefined,undefined,undefined
1.76514E+12,39.413,-0.706668258,undefined,undefined,undefined,undefined,undefined
1.76514E+12,39.419,undefined,0.85671711,0.269487023,-0.465552002,0.726143956,0.653919995
1.76514E+12,39.448,-0.536663413,undefined,undefined,undefined,undefined,undefined
1.76514E+12,39.469,-0.706668258,undefined,undefined,undefined,undefined,undefined
1.76514E+12,39.49,-0.763336539,undefined,undefined,undefined,undefined,undefined
1.76514E+12,39.51,-0.820004821,undefined,undefined,undefined,undefined,undefined
1.76514E+12,39.519,undefined,0.46003902,0.660302997,-0.561200023,0.66563201,0.397231996
1.76514E+12,39.547,-0.706668258,undefined,undefined,undefined,undefined,undefined
1.76514E+12,39.569,-0.593331695,undefined,undefined,undefined,undefined,undefined
1.76514E+12,39.603,-0.706668258,undefined,undefined,undefined,undefined,undefined
1.76514E+12,39.619,undefined,0.800048828,0.855710864,-0.540703952,1.122400045,0.363071978
1.76514E+12,39.623,-0.763336539,undefined,undefined,undefined,undefined,undefined
1.76514E+12,39.643,-0.706668258,undefined,undefined,undefined,undefined,undefined
1.76514E+12,39.681,-0.820004821,undefined,undefined,undefined,undefined,undefined
1.76514E+12,39.702,-0.706668258,undefined,undefined,undefined,undefined,undefined
1.76514E+12,39.719,undefined,0.46003902,0.611450791,-0.554367959,0.553392053,0.667584002
1.76514E+12,39.738,-0.706668258,undefined,undefined,undefined,undefined,undefined
1.76514E+12,39.758,-0.763336539,undefined,undefined,undefined,undefined,undefined
1.76514E+12,39.778,-0.763336539,undefined,undefined,undefined,undefined,undefined
1.76514E+12,39.816,-0.763336539,undefined,undefined,undefined,undefined,undefined
1.76514E+12,39.819,undefined,0.176697612,0.31833899,-0.337696016,0.353312016,0.441152006
1.76514E+12,39.837,-0.763336539,undefined,undefined,undefined,undefined,undefined
1.76514E+12,39.873,-0.649999976,undefined,undefined,undefined,undefined,undefined
1.76514E+12,39.906,-0.366658509,undefined,undefined,undefined,undefined,undefined
1.76514E+12,39.919,undefined,0.403370738,0.074079156,-0.185440004,0.588528037,0.286944002
1.76514E+12,39.938,-0.536663413,undefined,undefined,undefined,undefined,undefined
1.76514E+12,39.972,-0.196653634,undefined,undefined,undefined,undefined,undefined
1.76514E+12,40.006,-0.706668258,undefined,undefined,undefined,undefined,undefined
1.76514E+12,40.019,undefined,0.800048828,-0.023624778,-0.478239983,0.816911995,-0.059535999
1.76514E+12,40.037,-0.479995102,undefined,undefined,undefined,undefined,undefined
1.76514E+12,40.075,-0.706668258,undefined,undefined,undefined,undefined,undefined
1.76514E+12,40.109,-0.933341444,undefined,undefined,undefined,undefined,undefined
1.76514E+12,40.119,undefined,0.970053673,-0.560996532,-0.706624031,0.718335986,-0.148352012
1.76514E+12,40.144,-0.706668258,undefined,undefined,undefined,undefined,undefined
1.76514E+12,40.177,-1.046678066,undefined,undefined,undefined,undefined,undefined
1.76514E+12,40.207,-0.706668258,undefined,undefined,undefined,undefined,undefined
1.76514E+12,40.219,undefined,0.120029338,-1.049516439,-0.814960003,0.330864012,-1.050176024
1.76514E+12,40.259,-0.933341444,undefined,undefined,undefined,undefined,undefined
1.76514E+12,40.279,-0.990009725,undefined,undefined,undefined,undefined,undefined
1.76514E+12,40.312,-1.046678066,undefined,undefined,undefined,undefined,undefined
1.76514E+12,40.319,undefined,-0.956668258,-1.098368406,-0.685151994,-0.736880004,-0.477264017
1.76514E+12,40.347,-0.933341444,undefined,undefined,undefined,undefined,undefined
1.76514E+12,40.38,-0.990009725,undefined,undefined,undefined,undefined,undefined
1.76514E+12,40.413,-0.706668258,undefined,undefined,undefined,undefined,undefined
1.76514E+12,40.419,undefined,-0.956668258,-0.219032764,-0.454816014,-0.800320029,0.133712009
1.76514E+12,40.467,-0.820004821,undefined,undefined,undefined,undefined,undefined
1.76514E+12,40.495,-0.706668258,undefined,undefined,undefined,undefined,undefined
1.76514E+12,40.515,-0.706668258,undefined,undefined,undefined,undefined,undefined
1.76514E+12,40.519,undefined,-1.523351192,-0.560996532,-0.33671999,-1.076527953,-0.560223997
1.76514E+12,40.562,-0.536663413,undefined,undefined,undefined,undefined,undefined
1.76514E+12,40.582,-0.593331695,undefined,undefined,undefined,undefined,undefined
1.76514E+12,40.617,-0.479995102,undefined,undefined,undefined,undefined,undefined
1.76514E+12,40.619,undefined,-0.729995131,1.344230533,-0.288895994,-0.342575997,0.541679978
1.76514E+12,40.65,-0.706668258,undefined,undefined,undefined,undefined,undefined
1.76514E+12,40.684,-0.763336539,undefined,undefined,undefined,undefined,undefined
1.76514E+12,40.719,undefined,0.00669271,0.806858897,-0.400160015,0.489951998,0.31329599
1.76514E+12,40.73,-0.309990227,undefined,undefined,undefined,undefined,undefined
1.76514E+12,40.75,-0.593331695,undefined,undefined,undefined,undefined,undefined
1.76514E+12,40.796,-0.706668258,undefined,undefined,undefined,undefined,undefined
1.76514E+12,40.816,-0.479995102,undefined,undefined,undefined,undefined,undefined
1.76514E+12,40.819,undefined,1.423400044,-0.170180798,-0.508495986,1.220976114,-0.148352012
1.76514E+12,40.837,-0.706668258,undefined,undefined,undefined,undefined,undefined
1.76514E+12,40.857,-0.536663413,undefined,undefined,undefined,undefined,undefined
1.76514E+12,40.898,-0.706668258,undefined,undefined,undefined,undefined,undefined
1.76514E+12,40.918,-0.706668258,undefined,undefined,undefined,undefined,undefined
1.76514E+12,40.919,undefined,0.516707301,-0.951812387,-0.555343986,0.688080013,-0.916463971
1.76514E+12,40.938,-0.479995102,undefined,undefined,undefined,undefined,undefined
1.76514E+12,40.958,-0.649999976,undefined,undefined,undefined,undefined,undefined
1.76514E+12,40.996,-0.479995102,undefined,undefined,undefined,undefined,undefined
1.76514E+12,41.017,-0.820004821,undefined,undefined,undefined,undefined,undefined
1.76514E+12,41.019,undefined,-0.163312137,-1.049516439,-0.496784002,-0.033184003,-0.801295996
1.76514E+12,41.037,-0.763336539,undefined,undefined,undefined,undefined,undefined
1.76514E+12,41.057,-0.706668258,undefined,undefined,undefined,undefined,undefined
1.76514E+12,41.106,-0.706668258,undefined,undefined,undefined,undefined,undefined
1.76514E+12,41.119,undefined,-0.843331695,-0.707552552,-0.566080034,-0.445055991,-0.449936002
1.76514E+12,41.127,-0.706668258,undefined,undefined,undefined,undefined,undefined
1.76514E+12,41.162,-0.706668258,undefined,undefined,undefined,undefined,undefined
1.76514E+12,41.194,-0.763336539,undefined,undefined,undefined,undefined,undefined
1.76514E+12,41.219,undefined,-0.956668258,-0.463292599,-0.461648017,-0.583648026,-0.341600001
1.76514E+12,41.227,-0.706668258,undefined,undefined,undefined,undefined,undefined
1.76514E+12,41.279,-0.706668258,undefined,undefined,undefined,undefined,undefined
1.76514E+12,41.299,-0.820004821,undefined,undefined,undefined,undefined,undefined
1.76514E+12,41.319,undefined,-0.956668258,-0.707552552,-0.541679978,-0.639280021,-0.645135999
1.76514E+12,41.355,-0.536663413,undefined,undefined,undefined,undefined,undefined
1.76514E+12,41.387,-0.706668258,undefined,undefined,undefined,undefined,undefined
1.76514E+12,41.407,-0.706668258,undefined,undefined,undefined,undefined,undefined
1.76514E+12,41.419,undefined,-0.956668258,-0.609848499,-0.320127994,-0.801295996,-0.566080034
1.76514E+12,41.438,-0.706668258,undefined,undefined,undefined,undefined,undefined
1.76514E+12,41.474,-0.536663413,undefined,undefined,undefined,undefined,undefined
1.76514E+12,41.504,-0.42332679,undefined,undefined,undefined,undefined,undefined
1.76514E+12,41.519,undefined,-1.410014629,-0.316736698,-0.349408001,-1.075551987,-0.293776006
1.76514E+12,41.539,-0.706668258,undefined,undefined,undefined,undefined,undefined
1.76514E+12,41.571,-0.706668258,undefined,undefined,undefined,undefined,undefined
1.76514E+12,41.605,-0.706668258,undefined,undefined,undefined,undefined,undefined
1.76514E+12,41.619,undefined,-0.786663413,-0.756404519,-0.205936,-0.557296038,-0.564127982
1.76514E+12,41.639,-0.706668258,undefined,undefined,undefined,undefined,undefined
1.76514E+12,41.685,-0.536663413,undefined,undefined,undefined,undefined,undefined
1.76514E+12,41.705,-0.366658509,undefined,undefined,undefined,undefined,undefined
1.76514E+12,41.719,undefined,-1.410014629,-0.316736698,-0.415776014,-1.078480005,-0.250831991
1.76514E+12,41.738,-0.706668258,undefined,undefined,undefined,undefined,undefined
1.76514E+12,41.758,-0.42332679,undefined,undefined,undefined,undefined,undefined
1.76514E+12,41.778,-0.933341444,undefined,undefined,undefined,undefined,undefined
1.76514E+12,41.807,-0.706668258,undefined,undefined,undefined,undefined,undefined
1.76514E+12,41.819,undefined,-0.956668258,-0.854108453,-0.48409602,-0.663680017,-0.81300801
1.76514E+12,41.841,-0.933341444,undefined,undefined,undefined,undefined,undefined
1.76514E+12,41.872,-0.876673162,undefined,undefined,undefined,undefined,undefined
1.76514E+12,41.908,-0.593331695,undefined,undefined,undefined,undefined,undefined
1.76514E+12,41.919,undefined,0.00669271,-1.293776274,-0.581695974,0.49971202,-0.993568003
1.76514E+12,41.942,-0.706668258,undefined,undefined,undefined,undefined,undefined
1.76514E+12,41.973,-0.820004821,undefined,undefined,undefined,undefined,undefined
1.76514E+12,42.008,-0.42332679,undefined,undefined,undefined,undefined,undefined
1.76514E+12,42.019,undefined,0.743380547,-0.854108453,-0.557296038,0.69393605,-1.000400066
1.76514E+12,42.053,-0.536663413,undefined,undefined,undefined,undefined,undefined
1.76514E+12,42.078,-0.820004821,undefined,undefined,undefined,undefined,undefined
1.76514E+12,42.112,-0.820004821,undefined,undefined,undefined,undefined,undefined
1.76514E+12,42.119,undefined,0.800048828,-0.512144566,-0.431391984,0.803247988,-0.666608036
1.76514E+12,42.145,-0.706668258,undefined,undefined,undefined,undefined,undefined
1.76514E+12,42.178,-0.820004821,undefined,undefined,undefined,undefined,undefined
1.76514E+12,42.212,-0.706668258,undefined,undefined,undefined,undefined,undefined
1.76514E+12,42.219,undefined,0.743380547,-0.512144566,-0.592432022,0.833504021,-0.363071978
1.76514E+12,42.245,-0.933341444,undefined,undefined,undefined,undefined,undefined
1.76514E+12,42.278,-0.706668258,undefined,undefined,undefined,undefined,undefined
1.76514E+12,42.311,-0.706668258,undefined,undefined,undefined,undefined,undefined
1.76514E+12,42.319,undefined,0.686712265,-0.316736698,-0.710528016,0.918416023,-0.324032009
1.76514E+12,42.331,-0.990009725,undefined,undefined,undefined,undefined,undefined
1.76514E+12,42.351,-0.820004821,undefined,undefined,undefined,undefined,undefined
1.76514E+12,42.396,-0.763336539,undefined,undefined,undefined,undefined,undefined
1.76514E+12,42.418,-0.933341444,undefined,undefined,undefined,undefined,undefined
1.76514E+12,42.419,undefined,0.85671711,-0.512144566,-0.622687995,0.943791986,-0.500688016
1.76514E+12,42.469,-0.706668258,undefined,undefined,undefined,undefined,undefined
1.76514E+12,42.489,-0.593331695,undefined,undefined,undefined,undefined,undefined
1.76514E+12,42.518,-0.706668258,undefined,undefined,undefined,undefined,undefined
1.76514E+12,42.519,undefined,0.800048828,-0.854108453,-0.403088003,0.956479967,-0.522160053
1.76514E+12,42.553,-0.42332679,undefined,undefined,undefined,undefined,undefined
1.76514E+12,42.584,-0.479995102,undefined,undefined,undefined,undefined,undefined
1.76514E+12,42.617,-0.933341444,undefined,undefined,undefined,undefined,undefined
1.76514E+12,42.619,undefined,0.913385391,0.464894891,-0.44017598,0.861808002,0.585600019
1.76514E+12,42.653,-0.706668258,undefined,undefined,undefined,undefined,undefined
1.76514E+12,42.686,-0.763336539,undefined,undefined,undefined,undefined,undefined
1.76514E+12,42.717,-0.706668258,undefined,undefined,undefined,undefined,undefined
1.76514E+12,42.719,undefined,0.573375702,0.562598825,-0.711504042,0.608048022,0.743712008
1.76514E+12,42.769,-0.479995102,undefined,undefined,undefined,undefined,undefined
1.76514E+12,42.789,-0.820004821,undefined,undefined,undefined,undefined,undefined
1.76514E+12,42.817,-0.933341444,undefined,undefined,undefined,undefined,undefined
1.76514E+12,42.819,undefined,0.630043983,0.562598825,-0.52313596,0.510447979,0.798367977
1.76514E+12,42.852,-0.706668258,undefined,undefined,undefined,undefined,undefined
1.76514E+12,42.887,-0.820004821,undefined,undefined,undefined,undefined,undefined
1.76514E+12,42.919,undefined,0.800048828,0.416042924,-0.629519999,0.813984036,0.564127982
1.76514E+12,42.92,-0.706668258,undefined,undefined,undefined,undefined,undefined
1.76514E+12,42.953,-0.820004821,undefined,undefined,undefined,undefined,undefined
1.76514E+12,42.988,-0.706668258,undefined,undefined,undefined,undefined,undefined
1.76514E+12,43.019,undefined,1.140058637,0.220635056,-0.415776014,1.050176024,-0.119071998
1.76514E+12,43.021,-0.933341444,undefined,undefined,undefined,undefined,undefined
1.76514E+12,43.059,-0.933341444,undefined,undefined,undefined,undefined,undefined
1.76514E+12,43.092,-0.706668258,undefined,undefined,undefined,undefined,undefined
1.76514E+12,43.119,undefined,0.800048828,-1.000664353,-0.640255988,0.766160011,-0.61878401
1.76514E+12,43.124,-0.706668258,undefined,undefined,undefined,undefined,undefined
1.76514E+12,43.176,-0.536663413,undefined,undefined,undefined,undefined,undefined
1.76514E+12,43.196,-0.706668258,undefined,undefined,undefined,undefined,undefined
1.76514E+12,43.216,-0.706668258,undefined,undefined,undefined,undefined,undefined
1.76514E+12,43.219,undefined,0.630043983,-1.049516439,-0.478239983,0.720288038,-0.613903999
1.76514E+12,43.237,-0.649999976,undefined,undefined,undefined,undefined,undefined
1.76514E+12,43.319,undefined,0.120029338,-1.049516439,-0.511424005,0.184464008,-0.750544012
1.76514E+12,43.323,-0.763336539,undefined,undefined,undefined,undefined,undefined
1.76514E+12,43.342,-0.706668258,undefined,undefined,undefined,undefined,undefined
1.76514E+12,43.373,-0.706668258,undefined,undefined,undefined,undefined,undefined
1.76514E+12,43.407,-0.479995102,undefined,undefined,undefined,undefined,undefined
1.76514E+12,43.419,undefined,0.176697612,-0.805256486,-0.453839988,0.185440004,-0.869616032
1.76514E+12,43.438,-0.706668258,undefined,undefined,undefined,undefined,undefined
1.76514E+12,43.473,-0.763336539,undefined,undefined,undefined,undefined,undefined
1.76514E+12,43.507,-0.820004821,undefined,undefined,undefined,undefined,undefined
1.76514E+12,43.519,undefined,0.290034175,-0.90296042,-0.516304016,0.395280004,-0.825695992
1.76514E+12,43.538,-0.706668258,undefined,undefined,undefined,undefined,undefined
1.76514E+12,43.574,-0.706668258,undefined,undefined,undefined,undefined,undefined
1.76514E+12,43.606,-0.763336539,undefined,undefined,undefined,undefined,undefined
1.76514E+12,43.619,undefined,0.800048828,-0.756404519,-0.30548802,0.56705606,-0.809104025
1.76514E+12,43.638,-0.820004821,undefined,undefined,undefined,undefined,undefined
1.76514E+12,43.673,-0.42332679,undefined,undefined,undefined,undefined,undefined
1.76514E+12,43.706,-0.706668258,undefined,undefined,undefined,undefined,undefined
1.76514E+12,43.719,undefined,0.290034175,-0.854108453,-0.54363203,0.259615988,-1.116544008
1.76514E+12,43.738,-0.706668258,undefined,undefined,undefined,undefined,undefined
1.76514E+12,43.773,-0.763336539,undefined,undefined,undefined,undefined,undefined
1.76514E+12,43.795,-0.536663413,undefined,undefined,undefined,undefined,undefined
1.76514E+12,43.815,-0.763336539,undefined,undefined,undefined,undefined,undefined
1.76514E+12,43.819,undefined,0.233365893,-1.147220373,-0.452864021,0.371856004,-1.057983994
1.76514E+12,43.847,-0.479995102,undefined,undefined,undefined,undefined,undefined
1.76514E+12,43.878,-0.479995102,undefined,undefined,undefined,undefined,undefined
1.76514E+12,43.913,-0.706668258,undefined,undefined,undefined,undefined,undefined
1.76514E+12,43.919,undefined,0.800048828,-0.560996532,-0.417728007,0.751520038,-0.540703952
1.76514E+12,43.947,-0.593331695,undefined,undefined,undefined,undefined,undefined
1.76514E+12,43.978,-0.479995102,undefined,undefined,undefined,undefined,undefined
1.76514E+12,44.014,-0.42332679,undefined,undefined,undefined,undefined,undefined
1.76514E+12,44.019,undefined,0.686712265,-1.098368406,-0.344528019,0.675392032,-0.768112004
1.76514E+12,44.05,-0.706668258,undefined,undefined,undefined,undefined,undefined
1.76514E+12,44.083,-0.536663413,undefined,undefined,undefined,undefined,undefined
1.76514E+12,44.119,undefined,0.743380547,-1.000664353,-0.387472004,0.747616053,-0.734927952
1.76514E+12,44.13,-0.536663413,undefined,undefined,undefined,undefined,undefined
1.76514E+12,44.15,-0.309990227,undefined,undefined,undefined,undefined,undefined
1.76514E+12,44.184,-0.706668258,undefined,undefined,undefined,undefined,undefined
1.76514E+12,44.219,-0.479995102,0.686712265,-0.805256486,-0.31329599,0.725168049,-0.698816001
1.76514E+12,44.252,-0.706668258,undefined,undefined,undefined,undefined,undefined
1.76514E+12,44.286,-0.536663413,undefined,undefined,undefined,undefined,undefined
1.76514E+12,44.318,-0.42332679,undefined,undefined,undefined,undefined,undefined
1.76514E+12,44.319,undefined,0.403370738,-1.342628241,-0.247904003,0.342575997,-0.821792006
1.76514E+12,44.35,-0.42332679,undefined,undefined,undefined,undefined,undefined
1.76514E+12,44.37,-0.42332679,undefined,undefined,undefined,undefined,undefined
1.76514E+12,44.39,-0.479995102,undefined,undefined,undefined,undefined,undefined
1.76514E+12,44.419,undefined,0.573375702,-1.000664353,-0.194224,0.529968023,-0.894015968
1.76514E+12,44.438,-0.479995102,undefined,undefined,undefined,undefined,undefined
1.76514E+12,44.458,-0.253321916,undefined,undefined,undefined,undefined,undefined
1.76514E+12,44.503,-0.479995102,undefined,undefined,undefined,undefined,undefined
1.76514E+12,44.519,undefined,0.233365893,-1.049516439,-0.180559993,0.591455996,-0.940864027
1.76514E+12,44.534,-0.706668258,undefined,undefined,undefined,undefined,undefined
1.76514E+12,44.555,-0.479995102,undefined,undefined,undefined,undefined,undefined
1.76514E+12,44.588,-0.536663413,undefined,undefined,undefined,undefined,undefined
1.76514E+12,44.619,undefined,-0.04997557,-0.90296042,-0.325008005,0.188367993,-1.02284801
1.76514E+12,44.621,-0.196653634,undefined,undefined,undefined,undefined,undefined
1.76514E+12,44.656,-0.366658509,undefined,undefined,undefined,undefined,undefined
1.76514E+12,44.688,-0.366658509,undefined,undefined,undefined,undefined,undefined
1.76514E+12,44.719,undefined,-0.04997557,-1.244924307,-0.250831991,-0.021472,-1.047248006
1.76514E+12,44.722,-0.366658509,undefined,undefined,undefined,undefined,undefined
1.76514E+12,44.756,-0.253321916,undefined,undefined,undefined,undefined,undefined
1.76514E+12,44.802,-0.536663413,undefined,undefined,undefined,undefined,undefined
1.76514E+12,44.819,undefined,-0.106643848,-0.90296042,-0.304511994,0.238143995,-0.893040061
1.76514E+12,44.822,-0.536663413,undefined,undefined,undefined,undefined,undefined
1.76514E+12,44.858,-0.309990227,undefined,undefined,undefined,undefined,undefined
1.76514E+12,44.888,-0.706668258,undefined,undefined,undefined,undefined,undefined
1.76514E+12,44.919,undefined,0.233365893,-0.805256486,-0.309392005,0.396256,-0.76908803
1.76514E+12,44.922,-0.366658509,undefined,undefined,undefined,undefined,undefined
1.76514E+12,44.955,-0.42332679,undefined,undefined,undefined,undefined,undefined
1.76514E+12,44.989,-0.479995102,undefined,undefined,undefined,undefined,undefined
1.76514E+12,45.019,undefined,0.573375702,-0.707552552,-0.32110399,0.528991997,-0.664655983
1.76514E+12,45.022,-0.366658509,undefined,undefined,undefined,undefined,undefined
1.76514E+12,45.058,-0.366658509,undefined,undefined,undefined,undefined,undefined
1.76514E+12,45.094,-0.309990227,undefined,undefined,undefined,undefined,undefined
1.76514E+12,45.119,undefined,0.516707301,-0.658700585,-0.355264008,0.562176049,-0.609023988
1.76514E+12,45.127,-0.536663413,undefined,undefined,undefined,undefined,undefined
1.76514E+12,45.158,-0.706668258,undefined,undefined,undefined,undefined,undefined
1.76514E+12,45.193,-0.479995102,undefined,undefined,undefined,undefined,undefined
1.76514E+12,45.219,undefined,0.346702456,-0.707552552,-0.399183989,0.532895982,-0.706624031
1.76514E+12,45.226,-0.366658509,undefined,undefined,undefined,undefined,undefined
1.76514E+12,45.261,-0.479995102,undefined,undefined,undefined,undefined,undefined
1.76514E+12,45.314,-0.706668258,undefined,undefined,undefined,undefined,undefined
1.76514E+12,45.319,undefined,0.516707301,-0.658700585,-0.386496007,0.485071987,-0.69393605
1.76514E+12,45.334,-0.706668258,undefined,undefined,undefined,undefined,undefined
1.76514E+12,45.386,-0.706668258,undefined,undefined,undefined,undefined,undefined
1.76514E+12,45.415,-0.42332679,undefined,undefined,undefined,undefined,undefined
1.76514E+12,45.419,undefined,0.46003902,-0.707552552,-0.352335989,0.576815963,-0.633423984
1.76514E+12,45.436,-0.479995102,undefined,undefined,undefined,undefined,undefined
1.76514E+12,45.457,-0.706668258,undefined,undefined,undefined,undefined,undefined
1.76514E+12,45.477,-0.366658509,undefined,undefined,undefined,undefined,undefined
1.76514E+12,45.516,-0.42332679,undefined,undefined,undefined,undefined,undefined
1.76514E+12,45.519,undefined,0.46003902,-0.90296042,-0.342575997,0.602192044,-0.718335986
1.76514E+12,45.537,-0.706668258,undefined,undefined,undefined,undefined,undefined
1.76514E+12,45.557,-0.366658509,undefined,undefined,undefined,undefined,undefined
1.76514E+12,45.577,-0.593331695,undefined,undefined,undefined,undefined,undefined
1.76514E+12,45.617,-0.479995102,undefined,undefined,undefined,undefined,undefined
1.76514E+12,45.619,undefined,0.743380547,-0.512144566,-0.310368001,0.691983998,-0.557296038
1.76514E+12,45.637,-0.309990227,undefined,undefined,undefined,undefined,undefined
1.76514E+12,45.67,-0.536663413,undefined,undefined,undefined,undefined,undefined
1.76514E+12,45.69,-0.706668258,undefined,undefined,undefined,undefined,undefined
1.76514E+12,45.71,-0.706668258,undefined,undefined,undefined,undefined,undefined
1.76514E+12,45.719,undefined,0.85671711,-0.609848499,-0.406015992,0.787632048,-0.467503995
1.76514E+12,45.751,-0.706668258,undefined,undefined,undefined,undefined,undefined
1.76514E+12,45.771,-0.536663413,undefined,undefined,undefined,undefined,undefined
1.76514E+12,45.791,-0.366658509,undefined,undefined,undefined,undefined,undefined
1.76514E+12,45.811,-0.763336539,undefined,undefined,undefined,undefined,undefined
1.76514E+12,45.819,undefined,0.686712265,-0.560996532,-0.24985601,0.792512,-0.369903982
1.76514E+12,45.854,-0.42332679,undefined,undefined,undefined,undefined,undefined
1.76514E+12,45.874,-0.593331695,undefined,undefined,undefined,undefined,undefined
1.76514E+12,45.894,-0.42332679,undefined,undefined,undefined,undefined,undefined
1.76514E+12,45.914,-0.196653634,undefined,undefined,undefined,undefined,undefined
1.76514E+12,45.919,undefined,0.743380547,-0.756404519,-0.195199996,0.838384032,-0.438223988
1.76514E+12,45.958,-0.593331695,undefined,undefined,undefined,undefined,undefined
1.76514E+12,45.978,-0.536663413,undefined,undefined,undefined,undefined,undefined
1.76514E+12,45.998,-0.309990227,undefined,undefined,undefined,undefined,undefined
1.76514E+12,46.018,-0.083317041,undefined,undefined,undefined,undefined,undefined
1.76514E+12,46.019,undefined,0.743380547,-0.805256486,-0.326959997,0.727119982,-0.739807963
1.76514E+12,46.061,-0.253321916,undefined,undefined,undefined,undefined,undefined
1.76514E+12,46.083,-0.479995102,undefined,undefined,undefined,undefined,undefined
1.76514E+12,46.117,-0.366658509,undefined,undefined,undefined,undefined,undefined
1.76514E+12,46.119,undefined,0.630043983,-0.756404519,-0.319151998,0.648064017,-0.640255988
1.76514E+12,46.149,-0.366658509,undefined,undefined,undefined,undefined,undefined
1.76514E+12,46.184,-0.366658509,undefined,undefined,undefined,undefined,undefined
1.76514E+12,46.218,-0.536663413,undefined,undefined,undefined,undefined,undefined
1.76514E+12,46.219,undefined,0.573375702,-0.756404519,-0.330864012,0.57486403,-0.663680017
1.76514E+12,46.251,-0.593331695,undefined,undefined,undefined,undefined,undefined
1.76514E+12,46.283,-0.42332679,undefined,undefined,undefined,undefined,undefined
1.76514E+12,46.319,undefined,0.346702456,-0.90296042,-0.417728007,0.497759998,-0.738832057
1.76514E+12,46.333,-0.593331695,undefined,undefined,undefined,undefined,undefined
1.76514E+12,46.353,-0.763336539,undefined,undefined,undefined,undefined,undefined
1.76514E+12,46.388,-0.706668258,undefined,undefined,undefined,undefined,undefined
1.76514E+12,46.419,undefined,0.233365893,-0.805256486,-0.362096012,0.447007984,-0.653919995
1.76514E+12,46.423,-0.536663413,undefined,undefined,undefined,undefined,undefined
1.76514E+12,46.455,-0.706668258,undefined,undefined,undefined,undefined,undefined
1.76514E+12,46.507,-0.593331695,undefined,undefined,undefined,undefined,undefined
1.76514E+12,46.519,undefined,0.290034175,-0.756404519,-0.410896003,0.430416018,-0.707600057
1.76514E+12,46.534,-0.706668258,undefined,undefined,undefined,undefined,undefined
1.76514E+12,46.554,-0.706668258,undefined,undefined,undefined,undefined,undefined
1.76514E+12,46.592,-0.763336539,undefined,undefined,undefined,undefined,undefined
1.76514E+12,46.619,undefined,0.403370738,-0.854108453,-0.260592014,0.44017598,-0.754447997
1.76514E+12,46.635,-0.479995102,undefined,undefined,undefined,undefined,undefined
1.76514E+12,46.657,-0.706668258,undefined,undefined,undefined,undefined,undefined
1.76514E+12,46.677,-0.593331695,undefined,undefined,undefined,undefined,undefined
1.76514E+12,46.697,-0.479995102,undefined,undefined,undefined,undefined,undefined
1.76514E+12,46.719,undefined,0.46003902,-0.951812387,-0.326959997,0.552416027,-0.835456014
1.76514E+12,46.734,-0.706668258,undefined,undefined,undefined,undefined,undefined
1.76514E+12,46.754,-0.706668258,undefined,undefined,undefined,undefined,undefined
1.76514E+12,46.774,-0.366658509,undefined,undefined,undefined,undefined,undefined
1.76514E+12,46.806,-0.536663413,undefined,undefined,undefined,undefined,undefined
1.76514E+12,46.819,undefined,0.516707301,-0.854108453,-0.370880008,0.695887983,-0.740783989
1.76514E+12,46.826,-0.42332679,undefined,undefined,undefined,undefined,undefined
1.76514E+12,46.876,-0.536663413,undefined,undefined,undefined,undefined,undefined
1.76514E+12,46.896,-0.593331695,undefined,undefined,undefined,undefined,undefined
1.76514E+12,46.916,-0.706668258,undefined,undefined,undefined,undefined,undefined
1.76514E+12,46.919,undefined,0.800048828,-0.854108453,-0.292800009,0.702720046,-0.82081598
1.76514E+12,46.936,-0.309990227,undefined,undefined,undefined,undefined,undefined
1.76514E+12,46.974,-0.366658509,undefined,undefined,undefined,undefined,undefined
1.76514E+12,46.994,-0.479995102,undefined,undefined,undefined,undefined,undefined
1.76514E+12,47.019,undefined,0.800048828,-0.854108453,-0.154208004,0.859856009,-0.875472009
1.76514E+12,47.025,-0.479995102,undefined,undefined,undefined,undefined,undefined
1.76514E+12,47.046,-0.479995102,undefined,undefined,undefined,undefined,undefined
1.76514E+12,47.066,-0.083317041,undefined,undefined,undefined,undefined,undefined
1.76514E+12,47.115,-0.479995102,undefined,undefined,undefined,undefined,undefined
1.76514E+12,47.119,undefined,0.686712265,-0.951812387,-0.20984,0.688080013,-0.838384032
1.76514E+12,47.138,-0.42332679,undefined,undefined,undefined,undefined,undefined
1.76514E+12,47.169,-0.706668258,undefined,undefined,undefined,undefined,undefined
1.76514E+12,47.202,-0.366658509,undefined,undefined,undefined,undefined,undefined
1.76514E+12,47.219,undefined,0.573375702,-0.951812387,-0.400160015,0.516304016,-0.796416044
1.76514E+12,47.237,-0.479995102,undefined,undefined,undefined,undefined,undefined
1.76514E+12,47.27,-0.706668258,undefined,undefined,undefined,undefined,undefined
1.76514E+12,47.302,-0.479995102,undefined,undefined,undefined,undefined,undefined
1.76514E+12,47.319,undefined,0.516707301,-0.90296042,-0.416752011,0.481168002,-0.810079992
1.76514E+12,47.346,-0.366658509,undefined,undefined,undefined,undefined,undefined
1.76514E+12,47.366,-0.706668258,undefined,undefined,undefined,undefined,undefined
1.76514E+12,47.396,-0.706668258,undefined,undefined,undefined,undefined,undefined
1.76514E+12,47.419,undefined,0.46003902,-0.707552552,-0.466528028,0.591455996,-0.702720046
1.76514E+12,47.43,-0.536663413,undefined,undefined,undefined,undefined,undefined
1.76514E+12,47.462,-0.763336539,undefined,undefined,undefined,undefined,undefined
1.76514E+12,47.496,-0.536663413,undefined,undefined,undefined,undefined,undefined
1.76514E+12,47.519,undefined,0.46003902,-1.049516439,-0.353312016,0.580720007,-0.802272022
1.76514E+12,47.531,-0.42332679,undefined,undefined,undefined,undefined,undefined
1.76514E+12,47.563,-0.479995102,undefined,undefined,undefined,undefined,undefined
1.76514E+12,47.597,-0.536663413,undefined,undefined,undefined,undefined,undefined
1.76514E+12,47.619,undefined,0.630043983,-1.000664353,-0.378688008,0.662703991,-0.840336025
1.76514E+12,47.63,-0.479995102,undefined,undefined,undefined,undefined,undefined
1.76514E+12,47.662,-0.593331695,undefined,undefined,undefined,undefined,undefined
1.76514E+12,47.697,-0.536663413,undefined,undefined,undefined,undefined,undefined
1.76514E+12,47.719,undefined,0.970053673,-0.90296042,-0.276208013,0.66563201,-0.735903978
1.76514E+12,47.73,-0.479995102,undefined,undefined,undefined,undefined,undefined
1.76514E+12,47.762,-0.42332679,undefined,undefined,undefined,undefined,undefined
1.76514E+12,47.795,-0.309990227,undefined,undefined,undefined,undefined,undefined
1.76514E+12,47.818,-0.42332679,undefined,undefined,undefined,undefined,undefined
1.76514E+12,47.819,undefined,0.743380547,-0.951812387,-0.362096012,0.744687974,-0.799344003
1.76514E+12,47.838,-0.196653634,undefined,undefined,undefined,undefined,undefined
1.76514E+12,47.868,-0.706668258,undefined,undefined,undefined,undefined,undefined
1.76514E+12,47.899,-0.536663413,undefined,undefined,undefined,undefined,undefined
1.76514E+12,47.919,undefined,0.516707301,-0.90296042,-0.346480012,0.637328029,-0.877424002
1.76514E+12,47.937,-0.593331695,undefined,undefined,undefined,undefined,undefined
1.76514E+12,47.97,-0.706668258,undefined,undefined,undefined,undefined,undefined
1.76514E+12,47.999,-0.706668258,undefined,undefined,undefined,undefined,undefined
1.76514E+12,48.019,undefined,0.46003902,-1.586888075,-0.384544015,0.505567968,-0.691007972
1.76514E+12,48.033,-0.309990227,undefined,undefined,undefined,undefined,undefined
1.76514E+12,48.072,-0.593331695,undefined,undefined,undefined,undefined,undefined
1.76514E+12,48.106,-0.649999976,undefined,undefined,undefined,undefined,undefined
1.76514E+12,48.119,undefined,0.573375702,-1.391480207,-0.294752002,0.532895982,-0.909632027
1.76514E+12,48.139,-0.706668258,undefined,undefined,undefined,undefined,undefined
1.76514E+12,48.174,-0.479995102,undefined,undefined,undefined,undefined,undefined
1.76514E+12,48.207,-0.309990227,undefined,undefined,undefined,undefined,undefined
1.76514E+12,48.219,undefined,0.46003902,-0.90296042,-0.278160006,0.551440001,-0.802272022
1.76514E+12,48.238,-0.42332679,undefined,undefined,undefined,undefined,undefined
1.76514E+12,48.292,-0.536663413,undefined,undefined,undefined,undefined,undefined
1.76514E+12,48.313,-0.536663413,undefined,undefined,undefined,undefined,undefined
1.76514E+12,48.319,undefined,0.346702456,-0.951812387,-0.132736012,0.391376019,-1.032608032
1.76514E+12,48.333,-0.366658509,undefined,undefined,undefined,undefined,undefined
1.76514E+12,48.353,-0.42332679,undefined,undefined,undefined,undefined,undefined
1.76514E+12,48.396,-0.309990227,undefined,undefined,undefined,undefined,undefined
1.76514E+12,48.416,-0.42332679,undefined,undefined,undefined,undefined,undefined
1.76514E+12,48.419,undefined,0.233365893,-1.147220373,-0.290847987,0.456768006,-0.985760033
1.76514E+12,48.467,-0.706668258,undefined,undefined,undefined,undefined,undefined
1.76514E+12,48.487,-0.42332679,undefined,undefined,undefined,undefined,undefined
1.76514E+12,48.518,-0.479995102,undefined,undefined,undefined,undefined,undefined
1.76514E+12,48.519,undefined,0.063360989,-0.951812387,-0.31329599,0.300608009,-1.037487984
1.76514E+12,48.549,-0.649999976,undefined,undefined,undefined,undefined,undefined
1.76514E+12,48.583,-0.366658509,undefined,undefined,undefined,undefined,undefined
1.76514E+12,48.617,-0.366658509,undefined,undefined,undefined,undefined,undefined
1.76514E+12,48.619,undefined,0.573375702,-0.951812387,-0.587552011,0.727119982,-0.885231972
1.76514E+12,48.65,-0.706668258,undefined,undefined,undefined,undefined,undefined
1.76514E+12,48.683,-0.706668258,undefined,undefined,undefined,undefined,undefined
1.76514E+12,48.717,-0.706668258,undefined,undefined,undefined,undefined,undefined
1.76514E+12,48.719,undefined,1.140058637,-1.000664353,-0.496784002,1.010160089,-0.912559986
1.76514E+12,48.749,-0.763336539,undefined,undefined,undefined,undefined,undefined
1.76514E+12,48.783,-0.42332679,undefined,undefined,undefined,undefined,undefined
1.76514E+12,48.819,undefined,0.970053673,0.074079156,-0.327935994,0.877424002,-0.016592002
1.76514E+12,48.833,-0.42332679,undefined,undefined,undefined,undefined,undefined
1.76514E+12,48.853,-0.42332679,undefined,undefined,undefined,undefined,undefined
1.76514E+12,48.885,-0.536663413,undefined,undefined,undefined,undefined,undefined
1.76514E+12,48.917,-0.479995102,undefined,undefined,undefined,undefined,undefined
1.76514E+12,48.919,undefined,0.743380547,0.464894891,-0.182512015,0.82862401,0.698816001
1.76514E+12,48.95,-0.253321916,undefined,undefined,undefined,undefined,undefined
1.76514E+12,48.985,-0.479995102,undefined,undefined,undefined,undefined,undefined
1.76514E+12,49.018,-0.309990227,undefined,undefined,undefined,undefined,undefined
1.76514E+12,49.019,undefined,0.743380547,0.611450791,-0.272304028,0.858879983,0.583648026
1.76514E+12,49.053,-0.706668258,undefined,undefined,undefined,undefined,undefined
1.76514E+12,49.088,-0.536663413,undefined,undefined,undefined,undefined,undefined
1.76514E+12,49.119,undefined,0.800048828,0.122931123,-0.337696016,0.975023985,0.139568001
1.76514E+12,49.123,-0.42332679,undefined,undefined,undefined,undefined,undefined
1.76514E+12,49.156,-0.42332679,undefined,undefined,undefined,undefined,undefined
1.76514E+12,49.187,-0.479995102,undefined,undefined,undefined,undefined,undefined
1.76514E+12,49.219,undefined,0.630043983,-1.049516439,-0.267424017,0.699791968,-0.944768012
1.76514E+12,49.223,-0.42332679,undefined,undefined,undefined,undefined,undefined
1.76514E+12,49.257,-0.366658509,undefined,undefined,undefined,undefined,undefined
1.76514E+12,49.289,-0.479995102,undefined,undefined,undefined,undefined,undefined
1.76514E+12,49.319,undefined,0.573375702,-0.658700585,-0.162016004,0.647087991,-0.981855989
1.76514E+12,49.35,-0.366658509,undefined,undefined,undefined,undefined,undefined
1.76514E+12,49.37,-0.139985323,undefined,undefined,undefined,undefined,undefined
1.76514E+12,49.412,-0.366658509,undefined,undefined,undefined,undefined,undefined
1.76514E+12,49.419,undefined,0.743380547,-0.90296042,-0.267424017,0.779824018,-1.118495941
1.76514E+12,49.433,-0.536663413,undefined,undefined,undefined,undefined,undefined
1.76514E+12,49.467,-0.593331695,undefined,undefined,undefined,undefined,undefined
1.76514E+12,49.487,-0.536663413,undefined,undefined,undefined,undefined,undefined
1.76514E+12,49.507,-0.083317041,undefined,undefined,undefined,undefined,undefined
1.76514E+12,49.519,undefined,1.083390236,-0.512144566,-0.310368001,1.037487984,-0.392351985
1.76514E+12,49.547,-0.309990227,undefined,undefined,undefined,undefined,undefined
1.76514E+12,49.567,-0.536663413,undefined,undefined,undefined,undefined,undefined
1.76514E+12,49.587,-0.309990227,undefined,undefined,undefined,undefined,undefined
1.76514E+12,49.607,-0.479995102,undefined,undefined,undefined,undefined,undefined
1.76514E+12,49.619,undefined,0.800048828,-0.463292599,-0.426512003,0.753471971,-0.441152006
1.76514E+12,49.649,-0.706668258,undefined,undefined,undefined,undefined,undefined
1.76514E+12,49.669,-0.536663413,undefined,undefined,undefined,undefined,undefined
1.76514E+12,49.689,-0.706668258,undefined,undefined,undefined,undefined,undefined
1.76514E+12,49.709,-0.593331695,undefined,undefined,undefined,undefined,undefined
1.76514E+12,49.719,undefined,0.913385391,-1.342628241,-0.406015992,0.68612802,-0.983807981
1.76514E+12,49.746,-0.479995102,undefined,undefined,undefined,undefined,undefined
1.76514E+12,49.767,-0.42332679,undefined,undefined,undefined,undefined,undefined
1.76514E+12,49.787,-0.309990227,undefined,undefined,undefined,undefined,undefined
1.76514E+12,49.807,-0.479995102,undefined,undefined,undefined,undefined,undefined
1.76514E+12,49.819,undefined,0.346702456,-1.244924307,-0.418704003,0.225456014,-1.153631926
1.76514E+12,49.864,-0.366658509,undefined,undefined,undefined,undefined,undefined
1.76514E+12,49.885,-0.479995102,undefined,undefined,undefined,undefined,undefined
1.76514E+12,49.914,-0.649999976,undefined,undefined,undefined,undefined,undefined
1.76514E+12,49.919,undefined,0.630043983,-1.293776274,-0.281088024,0.596336007,-1.007231951
1.76514E+12,49.952,-0.42332679,undefined,undefined,undefined,undefined,undefined
1.76514E+12,49.982,-0.706668258,undefined,undefined,undefined,undefined,undefined
1.76514E+12,50.014,-0.309990227,undefined,undefined,undefined,undefined,undefined
1.76514E+12,50.019,undefined,0.233365893,-1.000664353,-0.041968003,0.256687999,-0.884256005
1.76514E+12,50.05,-0.196653634,undefined,undefined,undefined,undefined,undefined
1.76514E+12,50.083,-0.196653634,undefined,undefined,undefined,undefined,undefined
1.76514E+12,50.118,-0.196653634,undefined,undefined,undefined,undefined,undefined
1.76514E+12,50.119,undefined,0.573375702,-1.000664353,-0.180559993,0.585600019,-0.902799964
1.76514E+12,50.153,-0.253321916,undefined,undefined,undefined,undefined,undefined
1.76514E+12,50.186,-0.026648758,undefined,undefined,undefined,undefined,undefined
1.76514E+12,50.217,-0.196653634,undefined,undefined,undefined,undefined,undefined
1.76514E+12,50.219,undefined,0.290034175,-1.000664353,-0.184464008,0.357216001,-0.897920012
1.76514E+12,50.252,-0.366658509,undefined,undefined,undefined,undefined,undefined
1.76514E+12,50.284,-0.139985323,undefined,undefined,undefined,undefined,undefined
1.76514E+12,50.317,-0.309990227,undefined,undefined,undefined,undefined,undefined
1.76514E+12,50.319,undefined,0.573375702,-0.854108453,-0.26937601,0.533872008,-0.894991994
1.76514E+12,50.392,-0.706668258,undefined,undefined,undefined,undefined,undefined
1.76514E+12,50.412,-0.479995102,undefined,undefined,undefined,undefined,undefined
1.76514E+12,50.419,undefined,1.196726918,-0.658700585,-0.403088003,1.126303911,-0.521184027
1.76514E+12,50.466,-0.706668258,undefined,undefined,undefined,undefined,undefined
1.76514E+12,50.495,-0.706668258,undefined,undefined,undefined,undefined,undefined
1.76514E+12,50.515,-0.593331695,undefined,undefined,undefined,undefined,undefined
1.76514E+12,50.519,undefined,undefined,undefined,-0.340624005,1.102880001,-0.316224009
