time.3,pressure,Pressure MSL,Pressure AGL,time.15,lat,long,GPS MSL,state
0.185,95060.0,535.07,-1.12793,29.281,35.34691,-117.80915,639.76202,Pad
0.474,95059.0,535.157,-1.04077,31.248,35.34691,-117.80915,640.125,Pad
0.585,95055.0,535.508,-0.689331,33.183,35.346911,-117.80915,640.11505,Pad
0.785,95058.0,535.247,-0.950928,35.13,35.346912,-117.80915,640.00604,Pad
0.985,95057.0,535.334,-0.863708,37.0989,35.346912,-117.80915,640.11304,Pad
1.185,95058.0,535.247,-0.950928,39.0559,35.346912,-117.80915,639.87701,Pad
1.385,95053.0,535.683,-0.514954,41.0219,35.346912,-117.80915,639.74701,Pad
1.585,95058.0,535.247,-0.950928,42.9809,35.346911,-117.80915,639.61804,Pad
1.785,95058.0,535.247,-0.950928,44.9788,35.346912,-117.80915,639.37402,Pad
1.985,95059.0,535.157,-1.04077,46.9278,35.346912,-117.80915,639.15906,Pad
2.185,95056.0,535.421,-0.77655,48.8738,35.346912,-117.80915,639.06104,Pad
2.385,95058.0,535.247,-0.950928,50.8108,35.346912,-117.80915,639.00702,Pad
2.586,95061.0,534.982,-1.21515,52.7747,35.346913,-117.80915,638.96704,Pad
2.785,95055.0,535.508,-0.689331,54.7417,35.346913,-117.80915,638.93506,Pad
2.993,95058.0,535.247,-0.950928,56.7066,35.346913,-117.80915,638.93402,Pad
3.185,95059.0,535.157,-1.04077,58.6566,35.346914,-117.80915,638.94104,Pad
3.385,95054.0,535.595,-0.602112,60.6526,35.346914,-117.80915,638.97101,Pad
3.585,95054.0,535.595,-0.602112,62.5996,35.346915,-117.80915,638.98303,Pad
3.785,95055.0,535.508,-0.689331,64.5445,35.346915,-117.80915,638.99902,Pad
3.985,95065.0,534.631,-1.56659,66.4995,35.346915,-117.80915,639.00305,Pad
4.185,95059.0,535.157,-1.04077,68.4575,35.346916,-117.80915,638.98804,Pad
4.385,95058.0,535.247,-0.950928,70.4044,35.346916,-117.80914,638.96204,Pad
4.589,95064.0,534.718,-1.47937,72.3724,35.346917,-117.80914,638.96002,Pad
4.785,95058.0,535.247,-0.950928,74.3134,35.346917,-117.80914,638.99103,Pad
4.985,95057.0,535.334,-0.863708,76.2664,35.346917,-117.80914,638.94202,Pad
5.186,95058.0,535.247,-0.950928,78.2284,35.346917,-117.80914,638.86005,Pad
5.385,95059.0,535.157,-1.04077,80.1804,35.346917,-117.80914,638.76605,Pad
5.585,95058.0,535.247,-0.950928,82.1463,35.346917,-117.80914,638.70703,Pad
5.785,95059.0,535.157,-1.04077,84.1173,35.346918,-117.80914,638.63702,Pad
5.985,95056.0,535.421,-0.77655,86.1042,35.346918,-117.80914,638.56903,Pad
6.185,95058.0,535.247,-0.950928,88.0542,35.346918,-117.80914,638.61102,Pad
6.385,95058.0,535.247,-0.950928,90.0602,35.346918,-117.80914,638.58905,Pad
6.585,95058.0,535.247,-0.950928,91.9532,35.346918,-117.80914,638.52905,Pad
6.785,95060.0,535.07,-1.12793,93.9231,35.346918,-117.80914,638.526,Pad
6.985,95054.0,535.595,-0.602112,95.8781,35.346918,-117.80914,638.48901,Pad
7.185,95053.0,535.683,-0.514954,97.8901,35.346918,-117.80914,638.46002,Pad
7.38599,95060.0,535.07,-1.12793,99.824,35.346918,-117.80914,638.38403,Pad
7.58499,95055.0,535.508,-0.689331,101.806,35.346918,-117.80914,638.31305,Pad
7.78499,95056.0,535.421,-0.77655,103.725,35.346917,-117.80914,638.21204,Pad
7.98499,95059.0,535.157,-1.04077,105.674,35.346917,-117.80914,638.10706,Pad
8.18599,95058.0,535.247,-0.950928,107.668,35.346917,-117.80913,638.00104,Pad
8.38499,95057.0,535.334,-0.863708,109.623,35.346917,-117.80913,637.85706,Pad
8.58599,95062.0,534.895,-1.30237,111.592,35.346917,-117.80913,637.75604,Pad
8.78699,95054.0,535.595,-0.602112,113.538,35.346916,-117.80913,637.66803,Pad
8.985,95056.0,535.421,-0.77655,115.51,35.346917,-117.80913,637.625,Pad
9.185,95061.0,534.982,-1.21515,117.452,35.346916,-117.80913,637.64606,Pad
9.385,95062.0,534.895,-1.30237,119.416,35.346916,-117.80914,637.64606,Pad
9.585,95060.0,535.07,-1.12793,121.38,35.346916,-117.80914,637.62305,Pad
9.785,95048.0,536.121,-0.0762939,123.33,35.346916,-117.80914,637.63202,Pad
9.985,95059.0,535.157,-1.04077,125.282,35.346916,-117.80914,637.71002,Pad
10.185,95057.0,535.334,-0.863708,127.245,35.346916,-117.80914,637.80603,Pad
10.385,95056.0,535.421,-0.77655,129.205,35.346915,-117.80914,637.87103,Pad
10.585,95056.0,535.421,-0.77655,131.174,35.346915,-117.80914,637.93701,Pad
10.785,95063.0,534.808,-1.38953,133.177,35.346915,-117.80914,637.96802,Pad
10.985,95060.0,535.07,-1.12793,135.124,35.346915,-117.80914,638.04803,Pad
11.185,95058.0,535.247,-0.950928,137.104,35.346915,-117.80914,638.14301,Pad
11.385,95057.0,535.334,-0.863708,139.074,35.346915,-117.80914,638.27106,Pad
11.585,95058.0,535.247,-0.950928,141.038,35.346915,-117.80914,638.37903,Pad
11.786,95054.0,535.595,-0.602112,142.996,35.346915,-117.80914,638.47205,Pad
11.985,95057.0,535.334,-0.863708,144.962,35.346914,-117.80914,638.53003,Pad
12.185,95057.0,535.334,-0.863708,146.918,35.346914,-117.80914,638.57703,Pad
12.385,95056.0,535.421,-0.77655,148.872,35.346913,-117.80914,638.67102,Pad
12.586,95059.0,535.157,-1.04077,150.835,35.346913,-117.80914,638.71002,Pad
12.786,95057.0,535.334,-0.863708,152.795,35.346913,-117.80914,638.72302,Pad
12.986,95054.0,535.595,-0.602112,154.751,35.346912,-117.80914,638.76605,Pad
13.185,95057.0,535.334,-0.863708,156.73,35.346912,-117.80915,638.82501,Pad
13.385,95057.0,535.334,-0.863708,158.697,35.346911,-117.80915,638.84503,Pad
13.586,95057.0,535.334,-0.863708,160.652,35.346911,-117.80915,638.82703,Pad
13.789,95057.0,535.334,-0.863708,162.616,35.346911,-117.80915,638.83105,Pad
13.985,95059.0,535.157,-1.04077,164.576,35.34691,-117.80915,638.802,Pad
14.185,95059.0,535.157,-1.04077,166.544,35.346909,-117.80915,638.78802,Pad
14.385,95063.0,534.808,-1.38953,168.517,35.346909,-117.80915,638.80103,Pad
14.585,95055.0,535.508,-0.689331,170.481,35.346908,-117.80915,638.80804,Pad
14.785,95058.0,535.247,-0.950928,172.451,35.346908,-117.80915,638.75403,Pad
14.985,95058.0,535.247,-0.950928,174.382,35.346908,-117.80915,638.742,Pad
15.185,95056.0,535.421,-0.77655,176.323,35.346907,-117.80915,638.75201,Pad
15.385,95057.0,535.334,-0.863708,178.287,35.346907,-117.80915,638.74402,Pad
15.585,95060.0,535.07,-1.12793,180.263,35.346907,-117.80915,638.70203,Pad
15.786,95059.0,535.157,-1.04077,182.221,35.346907,-117.80915,638.789,Pad
15.985,95055.0,535.508,-0.689331,184.185,35.346907,-117.80915,638.82306,Pad
16.186,95057.0,535.334,-0.863708,186.139,35.346907,-117.80915,638.80005,Pad
16.385,95057.0,535.334,-0.863708,188.09,35.346908,-117.80915,638.76904,Pad
16.585,95060.0,535.07,-1.12793,190.051,35.346907,-117.80915,638.74402,Pad
16.785,95060.0,535.07,-1.12793,192.019,35.346908,-117.80915,638.70502,Pad
16.985,95055.0,535.508,-0.689331,193.98,35.346908,-117.80915,638.71802,Pad
17.185,95064.0,534.718,-1.47937,195.955,35.346908,-117.80915,638.70001,Pad
17.385,95051.0,535.86,-0.337891,197.944,35.346909,-117.80915,638.68903,Pad
17.585,95058.0,535.247,-0.950928,199.903,35.346909,-117.80914,638.69806,Pad
17.785,95056.0,535.421,-0.77655,201.841,35.346909,-117.80914,638.67505,Pad
17.985,95053.0,535.683,-0.514954,203.807,35.34691,-117.80914,638.65302,Pad
18.185,95055.0,535.508,-0.689331,205.784,35.34691,-117.80914,638.65704,Pad
18.385,95055.0,535.508,-0.689331,207.757,35.346911,-117.80914,638.64105,Pad
18.585,95062.0,534.895,-1.30237,209.72,35.346911,-117.80914,638.62201,Pad
18.785,95065.0,534.631,-1.56659,211.701,35.346912,-117.80914,638.64801,Pad
18.986,95063.0,534.808,-1.38953,213.645,35.346913,-117.80914,638.63306,Pad
19.185,95057.0,535.334,-0.863708,215.617,35.346914,-117.80914,638.65802,Pad
19.385,95060.0,535.07,-1.12793,217.55,35.346915,-117.80914,638.60706,Pad
19.586,95056.0,535.421,-0.77655,219.522,35.346915,-117.80914,638.64606,Pad
19.786,95055.0,535.508,-0.689331,221.506,35.346916,-117.80914,638.66205,Pad
19.985,95058.0,535.247,-0.950928,223.453,35.346917,-117.80914,638.66901,Pad
20.185,95054.0,535.595,-0.602112,225.436,35.346917,-117.80914,638.651,Pad
20.388,95058.0,535.247,-0.950928,227.385,35.346918,-117.80914,638.69501,Pad
20.585,95061.0,534.982,-1.21515,229.364,35.346918,-117.80914,638.716,Pad
20.785,95056.0,535.421,-0.77655,231.368,35.346919,-117.80914,638.79205,Pad
20.985,95058.0,535.247,-0.950928,233.338,35.346919,-117.80914,638.86505,Pad
21.185,95064.0,534.718,-1.47937,235.282,35.34692,-117.80914,638.96503,Pad
21.388,95062.0,534.895,-1.30237,237.23,35.346921,-117.80914,639.02203,Pad
21.586,95057.0,535.334,-0.863708,239.192,35.346921,-117.80914,639.05701,Pad
21.786,95059.0,535.157,-1.04077,241.15,35.346922,-117.80914,639.11603,Pad
21.986,95057.0,535.334,-0.863708,243.098,35.346922,-117.80914,639.15002,Pad
22.186,95064.0,534.718,-1.47937,245.06,35.346922,-117.80914,639.23004,Pad
22.385,95057.0,535.334,-0.863708,247.011,35.346922,-117.80914,639.29803,Pad
22.585,95053.0,535.683,-0.514954,248.984,35.346923,-117.80914,639.37604,Pad
22.785,95061.0,534.982,-1.21515,250.956,35.346923,-117.80914,639.43604,Pad
22.985,95059.0,535.157,-1.04077,252.921,35.346923,-117.80914,639.50903,Pad
23.187,95057.0,535.334,-0.863708,254.861,35.346923,-117.80914,639.526,Pad
23.385,95062.0,534.895,-1.30237,256.853,35.346923,-117.80914,639.57501,Pad
23.585,95057.0,535.334,-0.863708,258.821,35.346923,-117.80914,639.57904,Pad
23.785,95055.0,535.508,-0.689331,260.786,35.346923,-117.80914,639.63,Pad
23.986,95054.0,535.595,-0.602112,262.74,35.346923,-117.80914,639.70001,Pad
24.187,95060.0,535.07,-1.12793,264.699,35.346923,-117.80914,639.75702,Pad
24.385,95062.0,534.895,-1.30237,266.643,35.346924,-117.80914,639.80804,Pad
24.589,95058.0,535.247,-0.950928,268.627,35.346924,-117.80914,639.80902,Pad
24.786,95061.0,534.982,-1.21515,270.549,35.346924,-117.80914,639.82404,Pad
24.985,95058.0,535.247,-0.950928,272.484,35.346924,-117.80914,639.80902,Pad
25.185,95057.0,535.334,-0.863708,274.432,35.346924,-117.80914,639.82904,Pad
25.385,95054.0,535.595,-0.602112,276.391,35.346924,-117.80914,639.83801,Pad
25.587,95058.0,535.247,-0.950928,278.362,35.346924,-117.80914,639.83502,Pad
25.786,95056.0,535.421,-0.77655,280.29,35.346924,-117.80914,639.85205,Pad
25.986,95055.0,535.508,-0.689331,282.241,35.346924,-117.80914,639.87701,Pad
26.186,95060.0,535.07,-1.12793,284.2,35.346925,-117.80914,639.927,Pad
26.392,95057.0,535.334,-0.863708,286.152,35.346925,-117.80914,639.96503,Pad
26.585,95058.0,535.247,-0.950928,288.087,35.346925,-117.80914,639.99103,Pad
26.786,95059.0,535.157,-1.04077,290.04,35.346925,-117.80914,640.03705,Pad
26.985,95059.0,535.157,-1.04077,291.994,35.346925,-117.80914,640.078,Pad
27.185,95062.0,534.895,-1.30237,293.937,35.346925,-117.80914,640.07703,Pad
27.385,95057.0,535.334,-0.863708,295.882,35.346924,-117.80914,640.07001,Pad
27.585,95062.0,534.895,-1.30237,297.851,35.346924,-117.80914,640.06702,Pad
27.785,95056.0,535.421,-0.77655,299.783,35.346923,-117.80914,640.08502,Pad
27.986,95055.0,535.508,-0.689331,301.763,35.346923,-117.80914,640.05902,Pad
28.185,95059.0,535.157,-1.04077,303.708,35.346922,-117.80914,639.99402,Pad
28.386,95060.0,535.07,-1.12793,305.653,35.346922,-117.80914,639.927,Pad
28.586,95058.0,535.247,-0.950928,307.596,35.346921,-117.80914,639.84406,Pad
28.787,95061.0,534.982,-1.21515,309.534,35.346921,-117.80914,639.77905,Pad
28.985,95059.0,535.157,-1.04077,311.516,35.346921,-117.80914,639.67505,Pad
29.185,95054.0,535.595,-0.602112,313.483,35.34692,-117.80914,639.57605,Pad
29.385,95055.0,535.508,-0.689331,315.465,35.34692,-117.80914,639.48602,Pad
29.585,95056.0,535.421,-0.77655,317.399,35.34692,-117.80914,639.40906,Pad
29.788,95060.0,535.07,-1.12793,319.347,35.346919,-117.80914,639.29401,Pad
29.986,95061.0,534.982,-1.21515,321.298,35.346919,-117.80914,639.22406,Pad
30.185,95055.0,535.508,-0.689331,323.254,35.346919,-117.80914,639.12201,Pad
30.385,95055.0,535.508,-0.689331,325.233,35.346919,-117.80914,639.03802,Pad
30.585,95060.0,535.07,-1.12793,327.165,35.346919,-117.80914,638.95801,Pad
30.785,95058.0,535.247,-0.950928,329.129,35.346918,-117.80914,638.86401,Pad
30.985,95056.0,535.421,-0.77655,331.069,35.346918,-117.80914,638.69702,Pad
31.185,95056.0,535.421,-0.77655,333.028,35.346918,-117.80914,638.61005,Pad
31.386,95061.0,534.982,-1.21515,334.982,35.346918,-117.80914,638.50702,Pad
31.585,95057.0,535.334,-0.863708,336.986,35.346918,-117.80914,638.388,Pad
31.786,95057.0,535.334,-0.863708,338.938,35.346918,-117.80914,638.24701,Pad
31.985,95057.0,535.334,-0.863708,340.888,35.346918,-117.80914,638.12402,Pad
32.186,95055.0,535.508,-0.689331,342.836,35.346918,-117.80914,638.04706,Pad
32.387,95057.0,535.334,-0.863708,344.795,35.346918,-117.80914,637.95801,Pad
32.585,95059.0,535.157,-1.04077,346.749,35.346918,-117.80914,637.85101,Pad
32.787,95057.0,535.334,-0.863708,348.723,35.346918,-117.80914,637.74304,Pad
32.985,95056.0,535.421,-0.77655,350.706,35.346918,-117.80914,637.63702,Pad
33.187,95061.0,534.982,-1.21515,352.658,35.346918,-117.80914,637.51605,Pad
33.385,95056.0,535.421,-0.77655,354.595,35.346918,-117.80914,637.388,Pad
33.586,95060.0,535.07,-1.12793,356.57,35.346919,-117.80914,637.29401,Pad
33.786,95056.0,535.421,-0.77655,358.52,35.346919,-117.80914,637.21106,Pad
33.99,95058.0,535.247,-0.950928,360.473,35.346919,-117.80914,637.17804,Pad
34.188,95057.0,535.334,-0.863708,362.425,35.346918,-117.80914,637.14606,Pad
34.388,95059.0,535.157,-1.04077,364.383,35.346918,-117.80914,637.138,Pad
34.588,95053.0,535.683,-0.514954,366.32,35.346919,-117.80914,637.15002,Pad
34.788,95061.0,534.982,-1.21515,368.273,35.346919,-117.80914,637.16602,Pad
34.994,95058.0,535.247,-0.950928,370.235,35.346919,-117.80914,637.15802,Pad
35.185,95059.0,535.157,-1.04077,372.202,35.346919,-117.80914,637.20001,Pad
35.385,95062.0,534.895,-1.30237,374.176,35.346919,-117.80914,637.23401,Pad
35.586,95061.0,534.982,-1.21515,376.118,35.34692,-117.80914,637.25104,Pad
35.785,95057.0,535.334,-0.863708,378.085,35.34692,-117.80914,637.242,Pad
35.985,95059.0,535.157,-1.04077,380.03,35.34692,-117.80914,637.25903,Pad
36.185,95058.0,535.247,-0.950928,381.992,35.34692,-117.80914,637.28802,Pad
36.385,95058.0,535.247,-0.950928,383.94,35.34692,-117.80914,637.32306,Pad
36.5849,95055.0,535.508,-0.689331,385.947,35.34692,-117.80914,637.38702,Pad
36.7849,95063.0,534.808,-1.38953,387.896,35.34692,-117.80914,637.39905,Pad
36.9849,95057.0,535.334,-0.863708,389.834,35.34692,-117.80914,637.38702,Pad
37.1849,95059.0,535.157,-1.04077,391.78,35.34692,-117.80914,637.37103,Pad
37.3849,95059.0,535.157,-1.04077,393.724,35.34692,-117.80914,637.31805,Pad
37.5849,95058.0,535.247,-0.950928,395.697,35.34692,-117.80914,637.26202,Pad
37.7849,95063.0,534.808,-1.38953,397.683,35.34692,-117.80914,637.216,Pad
37.9849,95056.0,535.421,-0.77655,399.63,35.34692,-117.80914,637.10803,Pad
38.1849,95059.0,535.157,-1.04077,401.621,35.34692,-117.80914,637.05402,Pad
38.3849,95059.0,535.157,-1.04077,403.575,35.34692,-117.80914,636.94806,Pad
38.5859,95055.0,535.508,-0.689331,405.511,35.34692,-117.80914,636.81403,Pad
38.7849,95058.0,535.247,-0.950928,407.484,35.34692,-117.80914,636.716,Pad
38.9859,95055.0,535.508,-0.689331,409.458,35.34692,-117.80914,636.62103,Pad
39.1849,95057.0,535.334,-0.863708,411.419,35.34692,-117.80914,636.44305,Pad
39.3859,95055.0,535.508,-0.689331,413.35,35.34692,-117.80914,636.31403,Pad
39.5849,95061.0,534.982,-1.21515,415.292,35.34692,-117.80914,636.19305,Pad
39.7849,95057.0,535.334,-0.863708,417.255,35.34692,-117.80914,636.06305,Pad
39.9859,95059.0,535.157,-1.04077,419.21,35.34692,-117.80914,635.89606,Pad
40.1849,95058.0,535.247,-0.950928,421.208,35.34692,-117.80914,635.74805,Pad
40.3849,95059.0,535.157,-1.04077,423.162,35.34692,-117.80914,635.59204,Pad
40.5849,95052.0,535.772,-0.42511,425.128,35.34692,-117.80914,635.40906,Pad
40.7849,95053.0,535.683,-0.514954,427.127,35.34692,-117.80914,635.25903,Pad
40.9849,95057.0,535.334,-0.863708,429.076,35.34692,-117.80914,635.13202,Pad
41.1859,95053.0,535.683,-0.514954,431.027,35.346919,-117.80914,634.992,Pad
41.3859,95055.0,535.508,-0.689331,433.014,35.346919,-117.80914,634.88403,Pad
41.5849,95061.0,534.982,-1.21515,434.959,35.346919,-117.80914,634.78503,Pad
41.7849,95058.0,535.247,-0.950928,436.913,35.346919,-117.80914,634.68506,Pad
41.9849,95057.0,535.334,-0.863708,438.907,35.346919,-117.80914,634.55505,Pad
42.1869,95053.0,535.683,-0.514954,440.844,35.346919,-117.80914,634.41003,Pad
42.3859,95059.0,535.157,-1.04077,442.802,35.346919,-117.80914,634.26501,Pad
42.5849,95059.0,535.157,-1.04077,444.762,35.346918,-117.80914,634.09802,Pad
42.7849,95053.0,535.683,-0.514954,446.724,35.346919,-117.80914,633.94104,Pad
42.9849,95059.0,535.157,-1.04077,448.712,35.346918,-117.80914,633.80701,Pad
43.1859,95053.0,535.683,-0.514954,450.668,35.346919,-117.80914,633.68005,Pad
43.3878,95055.0,535.508,-0.689331,452.625,35.346919,-117.80914,633.565,Pad
43.5848,95061.0,534.982,-1.21515,454.586,35.346919,-117.80914,633.38605,Pad
43.7848,95059.0,535.157,-1.04077,456.557,35.346918,-117.80914,633.25403,Pad
43.9848,95062.0,534.895,-1.30237,458.521,35.346919,-117.80914,633.11902,Pad
44.1848,95059.0,535.157,-1.04077,460.478,35.346918,-117.80914,632.98303,Pad
44.3848,95060.0,535.07,-1.12793,462.437,35.346919,-117.80914,632.84802,Pad
44.5848,95060.0,535.07,-1.12793,464.377,35.346919,-117.80914,632.74005,Pad
44.7858,95055.0,535.508,-0.689331,466.332,35.346919,-117.80914,632.62006,Pad
44.9858,95054.0,535.595,-0.602112,468.316,35.346919,-117.80914,632.49005,Pad
45.1848,95055.0,535.508,-0.689331,470.276,35.346919,-117.80914,632.37604,Pad
45.3858,95057.0,535.334,-0.863708,472.224,35.346919,-117.80914,632.23505,Pad
45.5848,95055.0,535.508,-0.689331,474.2,35.346919,-117.80914,632.07404,Pad
45.7848,95060.0,535.07,-1.12793,476.173,35.346919,-117.80914,631.93604,Pad
45.9848,95058.0,535.247,-0.950928,478.141,35.346918,-117.80914,631.76501,Pad
46.1848,95056.0,535.421,-0.77655,480.099,35.346918,-117.80914,631.60504,Pad
46.3848,95056.0,535.421,-0.77655,482.066,35.346918,-117.80914,631.40302,Pad
46.5848,95058.0,535.247,-0.950928,484.019,35.346918,-117.80914,631.25806,Pad
46.7848,95057.0,535.334,-0.863708,485.985,35.346917,-117.80914,631.12103,Pad
46.9868,95054.0,535.595,-0.602112,487.929,35.346917,-117.80914,630.97601,Pad
47.1848,95056.0,535.421,-0.77655,489.885,35.346917,-117.80914,630.84406,Pad
47.3848,95055.0,535.508,-0.689331,491.86,35.346917,-117.80914,630.73303,Pad
47.5858,95060.0,535.07,-1.12793,493.824,35.346917,-117.80914,630.59802,Pad
47.7848,95055.0,535.508,-0.689331,495.765,35.346917,-117.80914,630.513,Pad
47.9858,95058.0,535.247,-0.950928,497.708,35.346917,-117.80914,630.37701,Pad
48.1858,95059.0,535.157,-1.04077,499.667,35.346917,-117.80914,630.25104,Pad
48.3848,95061.0,534.982,-1.21515,501.601,35.346917,-117.80914,630.15503,Pad
48.5848,95057.0,535.334,-0.863708,503.549,35.346917,-117.80914,630.04602,Pad
48.7848,95058.0,535.247,-0.950928,505.489,35.346917,-117.80914,629.94806,Pad
48.9848,95058.0,535.247,-0.950928,507.46,35.346917,-117.80914,629.854,Pad
49.1908,95058.0,535.247,-0.950928,509.403,35.346917,-117.80914,629.73401,Pad
49.3848,95054.0,535.595,-0.602112,511.331,35.346917,-117.80914,629.65906,Pad
49.5848,95057.0,535.334,-0.863708,513.278,35.346917,-117.80914,629.565,Pad
49.7848,95054.0,535.595,-0.602112,515.264,35.346917,-117.80914,629.44806,Pad
49.9848,95058.0,535.247,-0.950928,517.216,35.346917,-117.80914,629.302,Pad
50.1848,95059.0,535.157,-1.04077,519.182,35.346917,-117.80914,629.16205,Pad
50.3858,95056.0,535.421,-0.77655,521.136,35.346916,-117.80914,629.06805,Pad
50.5848,95060.0,535.07,-1.12793,523.081,35.346916,-117.80914,628.97205,Pad
50.7848,95053.0,535.683,-0.514954,525.028,35.346916,-117.80914,628.87701,Pad
50.9857,95058.0,535.247,-0.950928,526.998,35.346916,-117.80914,628.79401,Pad
51.1857,95055.0,535.508,-0.689331,528.959,35.346916,-117.80914,628.69904,Pad
51.3847,95058.0,535.247,-0.950928,530.908,35.346916,-117.80914,628.62103,Pad
51.5857,95056.0,535.421,-0.77655,532.907,35.346915,-117.80914,628.53302,Pad
51.7857,95054.0,535.595,-0.602112,534.832,35.346915,-117.80914,628.44305,Pad
51.9847,95059.0,535.157,-1.04077,536.793,35.346915,-117.80914,628.36505,Pad
52.1857,95056.0,535.421,-0.77655,538.761,35.346915,-117.80914,628.276,Pad
52.3847,95055.0,535.508,-0.689331,540.747,35.346915,-117.80914,628.12604,Pad
52.5847,95054.0,535.595,-0.602112,542.691,35.346914,-117.80914,628.00604,Pad
52.7847,95060.0,535.07,-1.12793,544.667,35.346914,-117.80914,627.92004,Pad
52.9847,95056.0,535.421,-0.77655,546.621,35.346914,-117.80914,627.80103,Pad
53.1847,95053.0,535.683,-0.514954,548.6,35.346914,-117.80914,627.71906,Pad
53.3877,95053.0,535.683,-0.514954,550.563,35.346914,-117.80914,627.60901,Pad
53.5857,95053.0,535.683,-0.514954,552.521,35.346914,-117.80914,627.50702,Pad
53.7857,95058.0,535.247,-0.950928,554.483,35.346913,-117.80914,627.39105,Pad
53.9847,95050.0,535.947,-0.250732,556.456,35.346913,-117.80914,627.29004,Pad
54.1847,95054.0,535.595,-0.602112,558.404,35.346913,-117.80914,627.18005,Pad
54.3847,95059.0,535.157,-1.04077,560.35,35.346913,-117.80914,627.06805,Pad
54.5847,95058.0,535.247,-0.950928,562.304,35.346913,-117.80914,627.00104,Pad
54.7847,95058.0,535.247,-0.950928,564.286,35.346913,-117.80914,626.94,Pad
54.9847,95060.0,535.07,-1.12793,566.253,35.346913,-117.80914,626.86505,Pad
55.1847,95050.0,535.947,-0.250732,568.198,35.346913,-117.80914,626.77002,Pad
55.3847,95056.0,535.421,-0.77655,570.157,35.346913,-117.80914,626.68005,Pad
55.5847,95055.0,535.508,-0.689331,572.112,35.346913,-117.80913,626.62103,Pad
55.7847,95058.0,535.247,-0.950928,574.088,35.346913,-117.80913,626.55304,Pad
55.9907,95063.0,534.808,-1.38953,576.054,35.346913,-117.80913,626.48901,Pad
56.1847,95059.0,535.157,-1.04077,578.043,35.346913,-117.80913,626.41504,Pad
56.3847,95062.0,534.895,-1.30237,579.995,35.346914,-117.80913,626.37006,Pad
56.5847,95057.0,535.334,-0.863708,581.949,35.346914,-117.80913,626.34302,Pad
56.7846,95056.0,535.421,-0.77655,583.899,35.346914,-117.80913,626.29102,Pad
56.9846,95055.0,535.508,-0.689331,585.848,35.346914,-117.80913,626.276,Pad
57.1866,95058.0,535.247,-0.950928,587.813,35.346914,-117.80913,626.25104,Pad
57.3846,95059.0,535.157,-1.04077,589.766,35.346914,-117.80913,626.203,Pad
57.5846,95058.0,535.247,-0.950928,591.739,35.346914,-117.80913,626.18506,Pad
57.7846,95058.0,535.247,-0.950928,593.699,35.346914,-117.80913,626.15601,Pad
57.9846,95058.0,535.247,-0.950928,595.66,35.346914,-117.80913,626.104,Pad
58.1846,95060.0,535.07,-1.12793,597.639,35.346914,-117.80913,626.09003,Pad
58.3846,95060.0,535.07,-1.12793,599.582,35.346914,-117.80913,626.04303,Pad
58.5846,95059.0,535.157,-1.04077,601.529,35.346914,-117.80913,626.00702,Pad
58.7846,95059.0,535.157,-1.04077,603.494,35.346914,-117.80913,625.93805,Pad
58.9846,95056.0,535.421,-0.77655,605.463,35.346914,-117.80913,625.89404,Pad
59.1846,95061.0,534.982,-1.21515,607.411,35.346914,-117.80913,625.89502,Pad
59.3846,95060.0,535.07,-1.12793,609.363,35.346914,-117.80913,625.84204,Pad
59.5846,95057.0,535.334,-0.863708,611.326,35.346914,-117.80913,625.79901,Pad
59.7856,95054.0,535.595,-0.602112,613.28,35.346915,-117.80913,625.77301,Pad
59.9856,95053.0,535.683,-0.514954,615.271,35.346915,-117.80913,625.71802,Pad
60.1846,95058.0,535.247,-0.950928,617.225,35.346915,-117.80913,625.63904,Pad
60.3856,95056.0,535.421,-0.77655,619.177,35.346915,-117.80913,625.59406,Pad
60.5846,95061.0,534.982,-1.21515,621.143,35.346914,-117.80913,625.52905,Pad
60.7846,95053.0,535.683,-0.514954,623.109,35.346914,-117.80913,625.49304,Pad
60.9846,95062.0,534.895,-1.30237,625.075,35.346914,-117.80913,625.43701,Pad
61.1846,95059.0,535.157,-1.04077,627.074,35.346914,-117.80913,625.40906,Pad
61.3846,95056.0,535.421,-0.77655,629.016,35.346914,-117.80913,625.39001,Pad
61.5856,95058.0,535.247,-0.950928,630.962,35.346914,-117.80913,625.33905,Pad
61.7856,95055.0,535.508,-0.689331,632.933,35.346914,-117.80913,625.30701,Pad
61.9846,95058.0,535.247,-0.950928,634.9,35.346914,-117.80913,625.24603,Pad
62.1846,95054.0,535.595,-0.602112,636.865,35.346914,-117.80913,625.18805,Pad
62.3846,95058.0,535.247,-0.950928,638.817,35.346914,-117.80913,625.112,Pad
62.5846,95056.0,535.421,-0.77655,640.807,35.346913,-117.80913,625.06604,Pad
62.7846,95060.0,535.07,-1.12793,642.711,35.346914,-117.80913,625.01801,Pad
62.9846,95060.0,535.07,-1.12793,644.699,35.346914,-117.80913,624.93701,Pad
63.1846,95058.0,535.247,-0.950928,646.641,35.346914,-117.80913,624.89606,Pad
63.3846,95057.0,535.334,-0.863708,648.604,35.346914,-117.80913,624.82202,Pad
63.5846,95054.0,535.595,-0.602112,650.347,35.346913,-117.80913,624.75604,Pad
63.7855,95058.0,535.247,-0.950928,650.578,35.346913,-117.80913,624.74402,Pad
63.9845,95059.0,535.157,-1.04077,650.745,35.346913,-117.80913,624.77405,Pad
64.1845,95059.0,535.157,-1.04077,650.933,35.346915,-117.80913,626.05603,Pad
64.3855,95056.0,535.421,-0.77655,651.132,35.346917,-117.80913,629.802,Pad
64.5845,95063.0,534.808,-1.38953,651.329,35.346917,-117.80913,635.97302,Pad
64.7845,95061.0,534.982,-1.21515,651.563,35.346918,-117.80914,644.49304,Pad
64.9845,95057.0,535.334,-0.863708,651.728,35.346917,-117.80914,655.52106,Pad
65.1845,95060.0,535.07,-1.12793,651.927,35.346916,-117.80915,669.02106,Pad
65.3845,95054.0,535.595,-0.602112,652.123,35.346913,-117.80916,685.02802,Pad
65.5855,95055.0,535.508,-0.689331,652.322,35.346909,-117.80918,703.60706,Pad
65.7845,95058.0,535.247,-0.950928,652.555,35.346906,-117.80921,724.80804,Pad
65.9855,95056.0,535.421,-0.77655,652.719,35.346902,-117.80923,748.61102,Pad
66.1975,95057.0,535.334,-0.863708,652.914,35.346898,-117.80927,774.97406,Pad
66.3845,95054.0,535.595,-0.602112,653.1,35.346895,-117.80931,803.87006,Pad
66.5845,95057.0,535.334,-0.863708,653.304,35.346891,-117.80935,835.30005,Pad
66.7845,95055.0,535.508,-0.689331,653.536,35.346888,-117.80939,869.20203,Pad
66.9845,95062.0,534.895,-1.30237,653.697,35.346885,-117.80944,905.38403,Pad
67.1865,95052.0,535.772,-0.42511,653.897,35.346882,-117.80949,943.82306,Pad
67.3845,95060.0,535.07,-1.12793,654.085,35.346879,-117.80955,984.36707,Pad
67.5845,95055.0,535.508,-0.689331,654.288,35.346875,-117.80961,1026.942,Pad
67.7845,95064.0,534.718,-1.47937,654.517,35.346869,-117.80967,1071.3561,Pad
67.9845,95052.0,535.772,-0.42511,654.686,35.346863,-117.80973,1117.4771,Pad
68.1855,95056.0,535.421,-0.77655,654.885,35.346857,-117.8098,1165.114,Pad
68.3855,95060.0,535.07,-1.12793,655.069,35.34685,-117.80987,1214.004,Pad
68.5855,95057.0,535.334,-0.863708,655.282,35.346843,-117.80994,1263.5861,Pad
68.7845,95059.0,535.157,-1.04077,655.511,35.346837,-117.81001,1313.175,Pad
68.9845,95060.0,535.07,-1.12793,655.676,35.346832,-117.81008,1362.2711,Pad
69.1865,95056.0,535.421,-0.77655,655.875,35.346827,-117.81015,1410.5581,Pad
69.3855,95062.0,534.895,-1.30237,656.073,35.346822,-117.81022,1457.957,Pad
69.5855,95058.0,535.247,-0.950928,656.26,35.346817,-117.81029,1504.514,Pad
69.7855,95059.0,535.157,-1.04077,656.486,35.346811,-117.81036,1550.186,Pad
69.9845,95058.0,535.247,-0.950928,656.674,35.346806,-117.81043,1594.9631,Pad
70.1854,95059.0,535.157,-1.04077,656.859,35.3468,-117.81049,1638.8451,Pad
70.3845,95062.0,534.895,-1.30237,657.057,35.346794,-117.81056,1681.8301,Pad
70.5844,95061.0,534.982,-1.21515,657.251,35.346788,-117.81062,1723.9691,Pad
70.7855,95061.0,534.982,-1.21515,657.472,35.346782,-117.81069,1765.269,Pad
70.9845,95058.0,535.247,-0.950928,657.649,35.346777,-117.81075,1805.7711,Pad
71.1844,95058.0,535.247,-0.950928,657.845,35.346772,-117.81082,1845.4821,Pad
71.3844,95057.0,535.334,-0.863708,658.037,35.346768,-117.81088,1884.4231,Pad
71.5844,95060.0,535.07,-1.12793,658.239,35.346764,-117.81094,1922.608,Pad
71.7844,95062.0,534.895,-1.30237,658.463,35.34676,-117.811,1960.0431,Pad
71.9854,95056.0,535.421,-0.77655,658.631,35.346755,-117.81106,1996.7491,Pad
72.1844,95062.0,534.895,-1.30237,658.827,35.346751,-117.81112,2032.7261,Pad
72.3854,95057.0,535.334,-0.863708,659.027,35.346747,-117.81118,2067.9932,Pad
72.5844,95058.0,535.247,-0.950928,659.217,35.346743,-117.81124,2102.563,Pad
72.7844,95059.0,535.157,-1.04077,659.439,35.346739,-117.8113,2136.448,Pad
72.9854,95062.0,534.895,-1.30237,659.616,35.346735,-117.81135,2169.6702,Pad
73.1844,95060.0,535.07,-1.12793,659.806,35.34673,-117.81141,2202.239,Pad
73.3844,95063.0,534.808,-1.38953,660.004,35.346726,-117.81147,2234.1592,Pad
73.5844,95056.0,535.421,-0.77655,660.205,35.346723,-117.81153,2265.4412,Pad
73.7844,95058.0,535.247,-0.950928,660.445,35.346719,-117.81158,2296.1091,Pad
73.9844,95061.0,534.982,-1.21515,660.604,35.346716,-117.81164,2326.1572,Pad
74.1844,95061.0,534.982,-1.21515,660.785,35.346712,-117.81169,2355.6021,Pad
74.3844,95056.0,535.421,-0.77655,660.983,35.346709,-117.81175,2384.4561,Pad
74.5844,95053.0,535.683,-0.514954,661.184,35.346706,-117.8118,2412.717,Pad
74.7854,95055.0,535.508,-0.689331,661.425,35.346703,-117.81185,2440.4092,Pad
74.9844,95055.0,535.508,-0.689331,661.591,35.3467,-117.81191,2467.5181,Pad
75.1844,95066.0,534.544,-1.65375,661.764,35.346697,-117.81196,2494.0601,Pad
75.3844,95061.0,534.982,-1.21515,661.973,35.346694,-117.81201,2520.0422,Pad
75.5844,95063.0,534.808,-1.38953,662.163,35.34669,-117.81206,2545.4641,Pad
75.7844,95055.0,535.508,-0.689331,662.418,35.346687,-117.81211,2570.3491,Pad
75.9854,95061.0,534.982,-1.21515,662.581,35.346683,-117.81217,2594.6992,Pad
76.1844,95052.0,535.772,-0.42511,662.746,35.34668,-117.81222,2618.519,Pad
76.3844,95061.0,534.982,-1.21515,662.956,35.346676,-117.81227,2641.8142,Pad
76.5844,95060.0,535.07,-1.12793,663.149,35.346672,-117.81232,2664.5942,Pad
76.7844,95055.0,535.508,-0.689331,663.388,35.346668,-117.81237,2686.8591,Pad
76.9844,95057.0,535.334,-0.863708,663.555,35.346664,-117.81241,2708.614,Pad
77.1844,95057.0,535.334,-0.863708,663.738,35.346661,-117.81246,2729.8611,Pad
77.3844,95055.0,535.508,-0.689331,663.937,35.346657,-117.81251,2750.6182,Pad
77.5844,95058.0,535.247,-0.950928,664.135,35.346653,-117.81256,2770.885,Pad
77.7864,95058.0,535.247,-0.950928,664.385,35.346649,-117.81261,2790.6711,Pad
77.9844,95056.0,535.421,-0.77655,664.545,35.346645,-117.81266,2809.9651,Pad
78.1844,95058.0,535.247,-0.950928,664.718,35.346641,-117.8127,2828.78,Pad
78.3934,95060.0,535.07,-1.12793,664.919,35.346637,-117.81275,2847.1282,Pad
78.5844,95053.0,535.683,-0.514954,665.114,35.346633,-117.8128,2865.0061,Pad
78.7854,95059.0,535.157,-1.04077,665.352,35.346629,-117.81284,2882.4182,Pad
78.9854,95060.0,535.07,-1.12793,665.516,35.346625,-117.81289,2899.3672,Pad
79.1844,95058.0,535.247,-0.950928,665.704,35.346621,-117.81293,2915.8572,Pad
79.3844,95057.0,535.334,-0.863708,665.905,35.346617,-117.81298,2931.8911,Pad
79.5844,95059.0,535.157,-1.04077,666.095,35.346612,-117.81303,2947.4712,Pad
79.7844,95056.0,535.421,-0.77655,666.348,35.346608,-117.81307,2962.6021,Pad
79.9844,95062.0,534.895,-1.30237,666.514,35.346604,-117.81311,2977.2913,Pad
80.1844,95058.0,535.247,-0.950928,666.689,35.346599,-117.81316,2991.5452,Pad
80.3854,95056.0,535.421,-0.77655,666.883,35.346595,-117.8132,3005.3572,Pad
80.5853,95060.0,535.07,-1.12793,667.075,35.34659,-117.81325,3018.7332,Pad
80.7843,95054.0,535.595,-0.602112,667.321,35.346586,-117.81329,3031.6772,Pad
80.9853,95063.0,534.808,-1.38953,667.488,35.346581,-117.81334,3044.1902,Pad
81.1853,95056.0,535.421,-0.77655,667.676,35.346576,-117.81338,3056.2671,Pad
81.3843,95054.0,535.595,-0.602112,667.875,35.346572,-117.81342,3067.9241,Pad
81.5853,95060.0,535.07,-1.12793,668.058,35.346567,-117.81346,3079.1611,Pad
81.7843,95063.0,534.808,-1.38953,668.316,35.346562,-117.81351,3089.9641,Pad
81.9843,95055.0,535.508,-0.689331,668.484,35.346557,-117.81355,3100.3521,Pad
82.1843,95057.0,535.334,-0.863708,668.658,35.346552,-117.81359,3110.3152,Pad
82.3853,95054.0,535.595,-0.602112,668.853,35.346548,-117.81364,3119.8682,Pad
82.5843,95058.0,535.247,-0.950928,669.044,35.346543,-117.81368,3129.0161,Pad
82.7853,95056.0,535.421,-0.77655,669.29,35.346538,-117.81372,3137.7451,Pad
82.9843,95058.0,535.247,-0.950928,669.452,35.346533,-117.81376,3146.0662,Pad
83.1843,95056.0,535.421,-0.77655,669.645,35.346528,-117.8138,3153.9731,Pad
83.3843,95057.0,535.334,-0.863708,669.845,35.346523,-117.81385,3161.4702,Pad
83.5843,95052.0,535.772,-0.42511,670.031,35.346518,-117.81389,3168.5642,Pad
83.7843,95054.0,535.595,-0.602112,670.289,35.346513,-117.81393,3175.259,Pad
83.9843,95059.0,535.157,-1.04077,670.457,35.346508,-117.81397,3181.5532,Pad
84.1843,95059.0,535.157,-1.04077,670.636,35.346503,-117.81401,3187.4431,Pad
84.3853,95057.0,535.334,-0.863708,670.833,35.346498,-117.81405,3192.9373,Pad
84.5843,95052.0,535.772,-0.42511,671.023,35.346493,-117.81409,3198.0161,Pad
84.7853,95060.0,535.07,-1.12793,671.266,35.346488,-117.81413,3202.7012,Pad
84.9843,95054.0,535.595,-0.602112,671.433,35.346483,-117.81418,3206.9993,Pad
85.1852,95060.0,535.07,-1.12793,671.616,35.346478,-117.81422,3210.8962,Pad
85.3842,95052.0,535.772,-0.42511,671.818,35.346473,-117.81426,3214.3901,Pad
85.5843,95056.0,535.421,-0.77655,672.015,35.346468,-117.8143,3217.4851,Pad
85.7842,95059.0,535.157,-1.04077,672.261,35.346463,-117.81434,3220.1912,Pad
85.9842,95058.0,535.247,-0.950928,672.422,35.346458,-117.81438,3222.5061,Pad
86.1842,95059.0,535.157,-1.04077,672.608,35.346452,-117.81442,3224.4263,Pad
86.3842,95056.0,535.421,-0.77655,672.803,35.346447,-117.81446,3225.9602,Pad
86.5842,95057.0,535.334,-0.863708,672.989,35.346442,-117.8145,3227.0801,Pad
86.7892,95059.0,535.157,-1.04077,673.227,35.346438,-117.81454,3227.9341,Pad
86.9852,95054.0,535.595,-0.602112,673.389,35.346434,-117.81459,3228.4221,Pad
87.1842,95056.0,535.421,-0.77655,673.593,35.34643,-117.81463,3228.4932,Pad
87.3842,95060.0,535.07,-1.12793,673.794,35.346427,-117.81468,3228.2192,Pad
87.5842,95059.0,535.157,-1.04077,673.992,35.346422,-117.81472,3227.5332,Pad
87.7842,95056.0,535.421,-0.77655,674.231,35.346417,-117.81475,3226.6121,Pad
87.9852,95065.0,534.631,-1.56659,674.401,35.346411,-117.81478,3225.3711,Pad
88.1842,95057.0,535.334,-0.863708,674.584,35.346405,-117.8148,3223.7991,Pad
88.3852,95056.0,535.421,-0.77655,674.778,35.346399,-117.81482,3221.9661,Pad
88.5842,95057.0,535.334,-0.863708,674.981,35.346392,-117.81484,3219.8162,Pad
88.7842,95052.0,535.772,-0.42511,675.224,35.346385,-117.81485,3217.4163,Pad
88.9842,95058.0,535.247,-0.950928,675.393,35.346378,-117.81486,3214.7141,Pad
89.1842,95053.0,535.683,-0.514954,675.574,35.34637,-117.81488,3211.6892,Pad
89.3862,95056.0,535.421,-0.77655,675.764,35.346362,-117.81489,3208.2922,Pad
89.5852,95050.0,535.947,-0.250732,675.957,35.346352,-117.8149,3204.6541,Pad
89.7852,95059.0,535.157,-1.04077,676.185,35.346342,-117.81491,3200.7561,Pad
89.9852,95057.0,535.334,-0.863708,676.355,35.346335,-117.81493,3196.6631,Pad
90.1842,95055.0,535.508,-0.689331,676.548,35.346329,-117.81496,3192.644,Pad
90.3842,95055.0,535.508,-0.689331,676.747,35.34632,-117.81498,3188.5342,Pad
90.5842,95055.0,535.508,-0.689331,676.955,35.346309,-117.815,3184.2261,Pad
90.7842,95058.0,535.247,-0.950928,677.186,35.346298,-117.81501,3180.2183,Pad
90.9952,95054.0,535.595,-0.602112,677.353,35.346288,-117.81503,3176.4351,Pad
91.1862,95051.0,535.86,-0.337891,677.549,35.346279,-117.81503,3172.2441,Pad
91.3842,95053.0,535.683,-0.514954,677.735,35.346269,-117.81504,3168.0962,Pad
91.5842,95057.0,535.334,-0.863708,677.943,35.346258,-117.81504,3163.8291,Pad
91.7842,95058.0,535.247,-0.950928,678.178,35.346247,-117.81505,3159.2871,Pad
91.9842,95059.0,535.157,-1.04077,678.341,35.346238,-117.81505,3154.4702,Pad
92.1852,95055.0,535.508,-0.689331,678.539,35.34623,-117.81506,3149.3982,Pad
92.3842,95059.0,535.157,-1.04077,678.729,35.34622,-117.81506,3144.1802,Pad
92.5842,95064.0,534.718,-1.47937,678.933,35.346209,-117.81507,3138.853,Pad
92.7842,95058.0,535.247,-0.950928,679.166,35.346197,-117.81507,3133.3921,Pad
92.9842,95056.0,535.421,-0.77655,679.328,35.346186,-117.81508,3127.7222,Pad
93.1842,95055.0,535.508,-0.689331,679.523,35.346176,-117.81508,3121.7952,Pad
93.3852,95055.0,535.508,-0.689331,679.718,35.346165,-117.81508,3115.634,Pad
93.5842,95056.0,535.421,-0.77655,679.922,35.346155,-117.81508,3109.2961,Pad
93.7841,95052.0,535.772,-0.42511,680.132,35.346146,-117.81508,3103.0671,Pad
93.9841,95054.0,535.595,-0.602112,680.311,35.346135,-117.81507,3097.1052,Pad
94.1841,95060.0,535.07,-1.12793,680.508,35.346124,-117.81507,3091.1472,Pad
94.3851,95062.0,534.895,-1.30237,680.702,35.346113,-117.81507,3084.8972,Pad
94.5841,95059.0,535.157,-1.04077,680.897,35.346102,-117.81506,3078.6201,Pad
94.7841,95055.0,535.508,-0.689331,681.123,35.346091,-117.81505,3072.3711,Pad
94.9841,95055.0,535.508,-0.689331,681.303,35.346078,-117.81505,3066.113,Pad
95.1841,95056.0,535.421,-0.77655,681.5,35.346065,-117.81504,3059.8882,Pad
95.3841,95057.0,535.334,-0.863708,681.695,35.346052,-117.81503,3053.6172,Pad
95.5841,95055.0,535.508,-0.689331,681.898,35.346038,-117.81503,3047.3342,Pad
95.7851,95053.0,535.683,-0.514954,682.116,35.346021,-117.81502,3040.9062,Pad
95.9841,95055.0,535.508,-0.689331,682.302,35.346002,-117.81502,3034.3472,Pad
96.1841,95059.0,535.157,-1.04077,682.491,35.345981,-117.81501,3027.769,Pad
96.3841,95059.0,535.157,-1.04077,682.686,35.345961,-117.815,3021.1663,Pad
96.5851,95055.0,535.508,-0.689331,682.883,35.345942,-117.81499,3014.5142,Pad
96.7851,95059.0,535.157,-1.04077,683.097,35.345922,-117.81498,3007.8953,Pad
96.9851,95058.0,535.247,-0.950928,683.28,35.345902,-117.81497,3001.3562,Pad
97.1851,95060.0,535.07,-1.12793,683.486,35.345881,-117.81496,2994.8391,Pad
97.3841,95054.0,535.595,-0.602112,683.671,35.34586,-117.81495,2988.3381,Pad
97.5851,95058.0,535.247,-0.950928,683.869,35.345839,-117.81493,2981.8782,Pad
97.7901,95061.0,534.982,-1.21515,684.111,35.345818,-117.81492,2975.5103,Pad
97.9841,95053.0,535.683,-0.514954,684.275,35.345797,-117.81491,2969.3101,Pad
98.1841,95057.0,535.334,-0.863708,684.46,35.345778,-117.8149,2963.1582,Pad
98.3851,95057.0,535.334,-0.863708,684.656,35.345758,-117.81489,2956.9922,Pad
98.5841,95057.0,535.334,-0.863708,684.852,35.345738,-117.81488,2950.7581,Pad
98.7841,95055.0,535.508,-0.689331,685.074,35.345718,-117.81487,2944.5623,Pad
98.9841,95058.0,535.247,-0.950928,685.246,35.345699,-117.81485,2938.446,Pad
99.1841,95060.0,535.07,-1.12793,685.439,35.345679,-117.81484,2932.3232,Pad
99.384,95054.0,535.595,-0.602112,685.639,35.345659,-117.81483,2926.2671,Pad
99.585,95059.0,535.157,-1.04077,685.838,35.345639,-117.81482,2920.1621,Pad
99.784,95059.0,535.157,-1.04077,686.081,35.345619,-117.81481,2914.0112,Pad
99.984,95054.0,535.595,-0.602112,686.247,35.345598,-117.8148,2907.7932,Pad
100.185,95060.0,535.07,-1.12793,686.421,35.345576,-117.81479,2901.4583,Pad
100.384,95055.0,535.508,-0.689331,686.634,35.345553,-117.81477,2894.9941,Pad
100.584,95059.0,535.157,-1.04077,686.832,35.345529,-117.81476,2888.4441,Pad
100.784,95060.0,535.07,-1.12793,687.075,35.345506,-117.81475,2881.8552,Pad
100.984,95061.0,534.982,-1.21515,687.237,35.345485,-117.81474,2875.249,Pad
101.185,95059.0,535.157,-1.04077,687.407,35.345464,-117.81473,2868.655,Pad
101.385,95057.0,535.334,-0.863708,687.61,35.345444,-117.81472,2862.0581,Pad
101.585,95056.0,535.421,-0.77655,687.806,35.345423,-117.81471,2855.4592,Pad
101.785,95062.0,534.895,-1.30237,688.051,35.345403,-117.8147,2848.832,Pad
101.986,95051.0,535.86,-0.337891,688.213,35.345384,-117.81469,2842.239,Pad
102.184,95060.0,535.07,-1.12793,688.391,35.345365,-117.81468,2835.6941,Pad
102.385,95055.0,535.508,-0.689331,688.604,35.345346,-117.81467,2829.1021,Pad
102.584,95059.0,535.157,-1.04077,688.797,35.345327,-117.81466,2822.4712,Pad
102.784,95062.0,534.895,-1.30237,689.048,35.345308,-117.81465,2815.9202,Pad
102.984,95057.0,535.334,-0.863708,689.207,35.34529,-117.81464,2809.3862,Pad
103.184,95058.0,535.247,-0.950928,689.379,35.345272,-117.81463,2802.7961,Pad
103.385,95056.0,535.421,-0.77655,689.585,35.345254,-117.81461,2796.1411,Pad
103.587,95058.0,535.247,-0.950928,689.772,35.345237,-117.8146,2789.4431,Pad
103.785,95056.0,535.421,-0.77655,690.021,35.345219,-117.81459,2782.8142,Pad
103.984,95057.0,535.334,-0.863708,690.177,35.3452,-117.81457,2776.1621,Pad
104.184,95058.0,535.247,-0.950928,690.362,35.34518,-117.81456,2769.3821,Pad
104.385,95054.0,535.595,-0.602112,690.564,35.345161,-117.81454,2762.5942,Pad
104.584,95060.0,535.07,-1.12793,690.76,35.345141,-117.81452,2755.8042,Pad
104.785,95061.0,534.982,-1.21515,691.002,35.34512,-117.8145,2749.0251,Pad
104.985,95057.0,535.334,-0.863708,691.165,35.345101,-117.81448,2742.2781,Pad
105.184,95058.0,535.247,-0.950928,691.352,35.345083,-117.81446,2735.4761,Pad
105.384,95060.0,535.07,-1.12793,691.553,35.345066,-117.81444,2728.6401,Pad
105.584,95058.0,535.247,-0.950928,691.733,35.345048,-117.81442,2721.8271,Pad
105.784,95060.0,535.07,-1.12793,691.999,35.34503,-117.8144,2715.0562,Pad
105.984,95056.0,535.421,-0.77655,692.157,35.345012,-117.81438,2708.3411,Pad
106.184,95061.0,534.982,-1.21515,692.337,35.344994,-117.81436,2701.6892,Pad
106.384,95054.0,535.595,-0.602112,692.533,35.344978,-117.81434,2695.0471,Pad
106.584,95054.0,535.595,-0.602112,692.717,35.344963,-117.81432,2688.437,Pad
106.784,95060.0,535.07,-1.12793,692.95,35.344947,-117.8143,2681.8521,Pad
106.984,95057.0,535.334,-0.863708,693.112,35.344932,-117.81428,2675.3091,Pad
107.184,95059.0,535.157,-1.04077,693.315,35.344917,-117.81426,2668.821,Pad
107.384,95059.0,535.157,-1.04077,693.509,35.344904,-117.81424,2662.3352,Pad
107.585,95057.0,535.334,-0.863708,693.697,35.344892,-117.81422,2655.8191,Pad
107.785,95053.0,535.683,-0.514954,693.957,35.34488,-117.8142,2649.3262,Pad
107.985,95059.0,535.157,-1.04077,694.123,35.344867,-117.81418,2642.8572,Pad
108.184,95058.0,535.247,-0.950928,694.298,35.344855,-117.81416,2636.3982,Pad
108.385,95053.0,535.683,-0.514954,694.497,35.344843,-117.81413,2629.9702,Pad
108.584,95056.0,535.421,-0.77655,694.691,35.344831,-117.81411,2623.5601,Pad
108.784,95056.0,535.421,-0.77655,694.943,35.34482,-117.81409,2617.1331,Pad
108.984,95058.0,535.247,-0.950928,695.108,35.344808,-117.81406,2610.6702,Pad
109.185,95059.0,535.157,-1.04077,695.286,35.344798,-117.81404,2604.1492,Pad
109.384,95057.0,535.334,-0.863708,695.487,35.344787,-117.81402,2597.6121,Pad
109.584,95057.0,535.334,-0.863708,695.68,35.344777,-117.814,2591.0552,Pad
109.784,95055.0,535.508,-0.689331,695.934,35.344767,-117.81398,2584.4651,Pad
109.984,95053.0,535.683,-0.514954,696.092,35.344758,-117.81396,2577.843,Pad
110.184,95055.0,535.508,-0.689331,696.275,35.344748,-117.81394,2571.2231,Pad
110.386,95059.0,535.157,-1.04077,696.475,35.344739,-117.81392,2564.5791,Pad
110.587,95059.0,535.157,-1.04077,696.672,35.344731,-117.81391,2557.8831,Pad
110.784,95061.0,534.982,-1.21515,696.907,35.344722,-117.81389,2551.156,Pad
110.985,95057.0,535.334,-0.863708,697.068,35.344713,-117.81387,2544.4492,Pad
111.184,95057.0,535.334,-0.863708,697.256,35.344703,-117.81386,2537.7842,Pad
111.384,95058.0,535.247,-0.950928,697.457,35.344693,-117.81384,2531.125,Pad
111.584,95060.0,535.07,-1.12793,697.657,35.344684,-117.81383,2524.4622,Pad
111.784,95062.0,534.895,-1.30237,697.9,35.344674,-117.81381,2517.8281,Pad
111.984,95056.0,535.421,-0.77655,698.068,35.344665,-117.81379,2511.2122,Pad
112.184,95055.0,535.508,-0.689331,698.251,35.344657,-117.81378,2504.623,Pad
112.384,95059.0,535.157,-1.04077,698.438,35.344649,-117.81376,2498.05,Pad
112.585,95054.0,535.595,-0.602112,698.635,35.344641,-117.81374,2491.5022,Pad
112.784,95061.0,534.982,-1.21515,698.874,35.344632,-117.81373,2485.0051,Pad
112.985,95055.0,535.508,-0.689331,699.034,35.344623,-117.81371,2478.5271,Pad
113.184,95058.0,535.247,-0.950928,699.228,35.344615,-117.81369,2472.0281,Pad
113.384,95059.0,535.157,-1.04077,699.423,35.344609,-117.81367,2465.478,Pad
113.584,95058.0,535.247,-0.950928,699.622,35.344605,-117.81366,2458.8591,Pad
113.784,95060.0,535.07,-1.12793,699.862,35.344602,-117.81364,2452.2522,Pad
113.984,95058.0,535.247,-0.950928,700.027,35.3446,-117.81362,2445.6682,Pad
114.184,95057.0,535.334,-0.863708,700.213,35.344596,-117.81361,2439.0581,Pad
114.384,95057.0,535.334,-0.863708,700.406,35.344592,-117.81359,2432.4431,Pad
114.584,95059.0,535.157,-1.04077,700.606,35.344587,-117.81357,2425.8572,Pad
114.784,95051.0,535.86,-0.337891,700.836,35.344581,-117.81356,2419.2871,Pad
114.984,95056.0,535.421,-0.77655,701.007,35.344577,-117.81354,2412.7241,Pad
115.184,95062.0,534.895,-1.30237,701.209,35.344573,-117.81352,2406.1382,Pad
115.385,95057.0,535.334,-0.863708,701.394,35.34457,-117.8135,2399.4541,Pad
115.584,95058.0,535.247,-0.950928,701.599,35.344568,-117.81349,2392.6531,Pad
115.784,95056.0,535.421,-0.77655,701.838,35.344566,-117.81347,2385.8171,Pad
115.985,95055.0,535.508,-0.689331,701.999,35.344563,-117.81345,2378.9822,Pad
116.186,95057.0,535.334,-0.863708,702.182,35.344561,-117.81344,2372.083,Pad
116.384,95055.0,535.508,-0.689331,702.374,35.34456,-117.81342,2365.1001,Pad
116.584,95055.0,535.508,-0.689331,702.583,35.344559,-117.81341,2357.9712,Pad
116.785,95056.0,535.421,-0.77655,702.809,35.344558,-117.81339,2350.7642,Pad
116.984,95057.0,535.334,-0.863708,702.973,35.344557,-117.81337,2343.4282,Pad
117.184,95057.0,535.334,-0.863708,703.18,35.344558,-117.81335,2335.9202,Pad
117.384,95057.0,535.334,-0.863708,703.366,35.344561,-117.81334,2328.3181,Pad
117.585,95056.0,535.421,-0.77655,703.571,35.344566,-117.81332,2320.592,Pad
117.784,95063.0,534.808,-1.38953,703.798,35.344572,-117.81329,2312.7561,Pad
117.984,95059.0,535.157,-1.04077,703.967,35.344579,-117.81327,2304.9111,Pad
118.184,95058.0,535.247,-0.950928,704.159,35.344585,-117.81325,2296.8682,Pad
118.384,95057.0,535.334,-0.863708,704.354,35.344591,-117.81323,2288.5242,Pad
118.584,95056.0,535.421,-0.77655,704.557,35.344597,-117.81321,2279.9431,Pad
118.784,95055.0,535.508,-0.689331,704.779,35.3446,-117.8132,2271.0391,Pad
118.985,95056.0,535.421,-0.77655,704.951,35.344601,-117.81318,2261.8921,Pad
119.184,95053.0,535.683,-0.514954,705.144,35.344602,-117.81316,2252.5801,Pad
119.384,95058.0,535.247,-0.950928,705.341,35.344602,-117.81315,2243.4102,Pad
119.584,95058.0,535.247,-0.950928,705.54,35.3446,-117.81313,2234.49,Pad
119.786,95057.0,535.334,-0.863708,705.755,35.344598,-117.81312,2225.6521,Pad
119.986,95054.0,535.595,-0.602112,705.938,35.344597,-117.81311,2216.688,Pad
120.184,95054.0,535.595,-0.602112,706.133,35.344596,-117.8131,2207.6272,Pad
120.391,95059.0,535.157,-1.04077,706.331,35.344596,-117.81309,2198.5042,Pad
120.584,95059.0,535.157,-1.04077,706.526,35.344599,-117.81308,2189.0791,Pad
120.784,95057.0,535.334,-0.863708,706.739,35.344602,-117.81307,2179.271,Pad
120.985,95055.0,535.508,-0.689331,706.929,35.344605,-117.81305,2169.4551,Pad
121.185,95052.0,535.772,-0.42511,707.117,35.344607,-117.81303,2159.8792,Pad
121.385,95061.0,534.982,-1.21515,707.314,35.344609,-117.81301,2150.5762,Pad
121.584,95055.0,535.508,-0.689331,707.513,35.344612,-117.81299,2141.6851,Pad
121.784,95059.0,535.157,-1.04077,707.741,35.344614,-117.81297,2133.1641,Pad
121.984,95057.0,535.334,-0.863708,707.908,35.344615,-117.81295,2125.0281,Pad
122.184,95054.0,535.595,-0.602112,708.116,35.344614,-117.81292,2117.114,Pad
122.384,95058.0,535.247,-0.950928,708.306,35.344612,-117.81289,2109.436,Pad
122.584,95059.0,535.157,-1.04077,708.505,35.34461,-117.81287,2101.9822,Pad
122.784,95061.0,534.982,-1.21515,708.726,35.34461,-117.81284,2094.5481,Pad
122.984,95060.0,535.07,-1.12793,708.894,35.344609,-117.81282,2087.1702,Pad
123.184,95052.0,535.772,-0.42511,709.085,35.344609,-117.81279,2079.803,Pad
123.384,95060.0,535.07,-1.12793,709.292,35.344608,-117.81277,2072.5391,Pad
123.584,95054.0,535.595,-0.602112,709.488,35.344608,-117.81274,2065.3191,Pad
123.785,95058.0,535.247,-0.950928,709.733,35.344608,-117.81272,2058.135,Pad
123.984,95059.0,535.157,-1.04077,709.9,35.344608,-117.8127,2050.9612,Pad
124.184,95057.0,535.334,-0.863708,710.073,35.344608,-117.81268,2043.7781,Pad
124.384,95059.0,535.157,-1.04077,710.278,35.344608,-117.81266,2036.6301,Pad
124.588,95053.0,535.683,-0.514954,710.47,35.344608,-117.81264,2029.4832,Pad
124.784,95057.0,535.334,-0.863708,710.711,35.344608,-117.81262,2022.3541,Pad
124.985,95058.0,535.247,-0.950928,710.863,35.344608,-117.8126,2015.2861,Pad
125.184,95055.0,535.508,-0.689331,711.053,35.344608,-117.81259,2008.3351,Pad
125.384,95056.0,535.421,-0.77655,711.263,35.344609,-117.81257,2001.5781,Pad
125.584,95057.0,535.334,-0.863708,711.46,35.344615,-117.81256,1994.691,Pad
125.784,95058.0,535.247,-0.950928,711.696,35.344624,-117.81255,1987.264,Pad
125.984,95060.0,535.07,-1.12793,711.859,35.344634,-117.81255,1979.4751,Pad
126.185,95057.0,535.334,-0.863708,712.04,35.344644,-117.81254,1971.5691,Pad
126.384,95061.0,534.982,-1.21515,712.24,35.344656,-117.81253,1963.6221,Pad
126.584,95060.0,535.07,-1.12793,712.434,35.344671,-117.81253,1955.7161,Pad
126.784,95056.0,535.421,-0.77655,712.677,35.344686,-117.81252,1947.4312,Pad
126.984,95059.0,535.157,-1.04077,712.84,35.3447,-117.81251,1938.8062,Pad
127.184,95056.0,535.421,-0.77655,713.02,35.344712,-117.8125,1930.233,Pad
127.384,95059.0,535.157,-1.04077,713.221,35.344725,-117.81249,1921.7081,Pad
127.584,95059.0,535.157,-1.04077,713.417,35.344736,-117.81249,1913.2371,Pad
127.784,95061.0,534.982,-1.21515,713.642,35.344747,-117.81248,1905.1351,Pad
127.984,95061.0,534.982,-1.21515,713.812,35.344757,-117.81246,1897.4331,Pad
128.184,95058.0,535.247,-0.950928,714.009,35.344763,-117.81245,1889.9351,Pad
128.384,95056.0,535.421,-0.77655,714.212,35.344768,-117.81242,1882.7631,Pad
128.584,95059.0,535.157,-1.04077,714.403,35.344773,-117.8124,1875.7821,Pad
128.785,95053.0,535.683,-0.514954,714.654,35.344779,-117.81238,1868.9441,Pad
128.984,95055.0,535.508,-0.689331,714.813,35.344784,-117.81236,1862.212,Pad
129.184,95058.0,535.247,-0.950928,714.999,35.34479,-117.81235,1855.4811,Pad
129.384,95053.0,535.683,-0.514954,715.195,35.344795,-117.81233,1848.7361,Pad
129.585,95058.0,535.247,-0.950928,715.381,35.3448,-117.81231,1842.0381,Pad
129.784,95054.0,535.595,-0.602112,715.619,35.344806,-117.81229,1835.3301,Pad
129.985,95055.0,535.508,-0.689331,715.791,35.344812,-117.81228,1828.5641,Pad
130.184,95055.0,535.508,-0.689331,715.986,35.344819,-117.81226,1821.769,Pad
130.384,95057.0,535.334,-0.863708,716.184,35.344826,-117.81225,1814.941,Pad
130.585,95059.0,535.157,-1.04077,716.376,35.344834,-117.81224,1808.0551,Pad
130.785,95056.0,535.421,-0.77655,716.623,35.344842,-117.81222,1801.1591,Pad
130.984,95055.0,535.508,-0.689331,716.79,35.344849,-117.81221,1794.28,Pad
131.184,95060.0,535.07,-1.12793,716.971,35.344857,-117.8122,1787.2771,Pad
131.384,95053.0,535.683,-0.514954,717.171,35.344864,-117.81219,1780.0011,Pad
131.584,95058.0,535.247,-0.950928,717.36,35.344871,-117.81218,1772.4751,Pad
131.784,95054.0,535.595,-0.602112,717.596,35.344876,-117.81217,1764.8981,Pad
131.984,95058.0,535.247,-0.950928,717.761,35.344885,-117.81217,1756.9321,Pad
132.186,95060.0,535.07,-1.12793,717.956,35.344894,-117.81216,1748.3091,Pad
132.384,95060.0,535.07,-1.12793,718.156,35.344901,-117.81216,1739.608,Pad
132.586,95059.0,535.157,-1.04077,718.345,35.344908,-117.81216,1731.0181,Pad
132.785,95059.0,535.157,-1.04077,718.601,35.344916,-117.81215,1722.4921,Pad
132.984,95051.0,535.86,-0.337891,718.765,35.344923,-117.81215,1714.0651,Boost
133.184,95054.0,535.595,-0.602112,718.947,35.344928,-117.81215,1705.7441,Boost
133.384,95058.0,535.247,-0.950928,719.145,35.344934,-117.81215,1697.598,Boost
133.584,95052.0,535.772,-0.42511,719.338,35.344942,-117.81214,1689.613,Boost
133.784,95056.0,535.421,-0.77655,719.568,35.344949,-117.81214,1681.7511,Boost
133.984,95057.0,535.334,-0.863708,719.733,35.344954,-117.81212,1673.8191,Boost
134.184,95057.0,535.334,-0.863708,719.93,35.344959,-117.81211,1665.65,Boost
134.384,95055.0,535.508,-0.689331,720.124,35.344966,-117.8121,1657.4761,Boost
134.584,95062.0,534.895,-1.30237,720.323,35.344972,-117.81209,1649.5311,Boost
134.784,95055.0,535.508,-0.689331,720.555,35.344977,-117.81207,1641.8561,Boost
134.985,95057.0,535.334,-0.863708,720.719,35.344982,-117.81206,1634.3071,Boost
135.184,95055.0,535.508,-0.689331,720.915,35.344989,-117.81205,1626.895,Boost
135.384,95054.0,535.595,-0.602112,721.121,35.344995,-117.81204,1619.6681,Boost
135.584,95060.0,535.07,-1.12793,721.31,35.344999,-117.81203,1612.5111,Boost
135.784,95060.0,535.07,-1.12793,721.552,35.345003,-117.81201,1605.358,Boost
135.984,95055.0,535.508,-0.689331,721.721,35.345004,-117.812,1598.3241,Boost
136.184,95057.0,535.334,-0.863708,721.908,35.345004,-117.81199,1591.3801,Boost
136.384,95059.0,535.157,-1.04077,722.107,35.345005,-117.81198,1584.5171,Boost
136.584,95057.0,535.334,-0.863708,722.302,35.345005,-117.81197,1577.702,Boost
136.784,95055.0,535.508,-0.689331,722.535,35.345006,-117.81196,1571.0021,Boost
136.984,95059.0,535.157,-1.04077,722.697,35.345006,-117.81195,1564.4041,Boost
137.184,95056.0,535.421,-0.77655,722.894,35.345008,-117.81194,1557.8561,Boost
137.384,95053.0,535.683,-0.514954,723.093,35.345008,-117.81193,1551.3021,Boost
137.585,95055.0,535.508,-0.689331,723.289,35.345007,-117.81193,1544.8101,Boost
137.785,95056.0,535.421,-0.77655,723.534,35.345007,-117.81193,1538.4441,Boost
137.985,95059.0,535.157,-1.04077,723.69,35.345007,-117.81192,1532.1171,Boost
138.185,95061.0,534.982,-1.21515,723.88,35.345007,-117.81192,1525.7501,Boost
138.385,95054.0,535.595,-0.602112,724.073,35.345008,-117.81192,1519.3191,Boost
138.585,95059.0,535.157,-1.04077,724.269,35.345009,-117.81192,1512.8671,Boost
138.785,95056.0,535.421,-0.77655,724.496,35.34501,-117.81192,1506.353,Boost
138.985,95055.0,535.508,-0.689331,724.666,35.345011,-117.81192,1499.7101,Boost
139.185,95061.0,534.982,-1.21515,724.861,35.345012,-117.81192,1492.895,Boost
139.385,95056.0,535.421,-0.77655,725.049,35.345013,-117.81192,1485.989,Boost
139.586,95058.0,535.247,-0.950928,725.251,35.345014,-117.81192,1479.0311,Boost
139.792,95052.0,535.772,-0.42511,725.497,35.345014,-117.81191,1472.036,Boost
139.986,95056.0,535.421,-0.77655,725.662,35.345014,-117.81192,1465.0631,Boost
140.185,95054.0,535.595,-0.602112,725.846,35.345016,-117.81192,1458.181,Boost
140.385,95056.0,535.421,-0.77655,726.036,35.345019,-117.81192,1451.2411,Boost
140.585,95054.0,535.595,-0.602112,726.24,35.345024,-117.81191,1444.2581,Boost
140.785,95054.0,535.595,-0.602112,726.473,35.345029,-117.81191,1437.3081,Boost
140.985,95059.0,535.157,-1.04077,726.638,35.345034,-117.81192,1430.321,Boost
141.185,95052.0,535.772,-0.42511,726.829,35.345038,-117.81192,1423.432,Boost
141.385,95057.0,535.334,-0.863708,727.015,35.345041,-117.81192,1416.6331,Coast
141.585,95058.0,535.247,-0.950928,727.226,35.345044,-117.81193,1409.858,Coast
141.785,95059.0,535.157,-1.04077,727.457,35.345048,-117.81193,1403.0941,Coast
141.985,95053.0,535.683,-0.514954,727.629,35.345054,-117.81193,1396.3671,Coast
142.185,95051.0,535.86,-0.337891,727.818,35.345061,-117.81193,1389.5861,Coast
142.385,95055.0,535.508,-0.689331,728.008,35.345069,-117.81193,1382.8101,Coast
142.585,95059.0,535.157,-1.04077,728.214,35.345076,-117.81193,1375.9031,Coast
142.785,95056.0,535.421,-0.77655,728.437,35.345083,-117.81193,1368.9771,Coast
142.987,95058.0,535.247,-0.950928,728.605,35.345091,-117.81193,1362.3961,Coast
143.185,95055.0,535.508,-0.689331,728.797,35.345099,-117.81193,1357.0471,Coast
143.385,95057.0,535.334,-0.863708,728.991,35.345107,-117.81192,1353.6101,Coast
143.585,95057.0,535.334,-0.863708,729.188,35.345117,-117.8119,1351.369,Coast
143.785,95055.0,535.508,-0.689331,729.401,35.345127,-117.81187,1347.5431,Coast
143.987,95060.0,535.07,-1.12793,729.581,35.345134,-117.81185,1342.6051,Coast
144.185,95057.0,535.334,-0.863708,729.782,35.345139,-117.81183,1338.5551,Coast
144.385,95054.0,535.595,-0.602112,729.976,35.345141,-117.81183,1334.3931,Coast
144.586,95050.0,535.947,-0.250732,730.174,35.345142,-117.81184,1330.4341,Coast
144.785,95051.0,535.86,-0.337891,730.393,35.345145,-117.81186,1326.6691,Coast
144.985,95056.0,535.421,-0.77655,730.572,35.345146,-117.81187,1323.2871,Coast
145.185,95057.0,535.334,-0.863708,730.772,35.345146,-117.81188,1320.3511,Coast
145.385,95057.0,535.334,-0.863708,730.971,35.345148,-117.8119,1317.5181,Coast
145.585,95054.0,535.595,-0.602112,731.165,35.345148,-117.81191,1314.546,Coast
145.785,95052.0,535.772,-0.42511,731.379,35.345146,-117.81192,1310.567,Coast
145.985,95054.0,535.595,-0.602112,731.562,35.345145,-117.81194,1305.8441,Coast
146.186,95054.0,535.595,-0.602112,731.76,35.345146,-117.81194,1301.504,Coast
146.385,95054.0,535.595,-0.602112,731.962,35.345147,-117.81195,1297.3441,Coast
146.585,95056.0,535.421,-0.77655,732.157,35.345149,-117.81196,1293.26,Coast
146.786,95057.0,535.334,-0.863708,732.379,35.345152,-117.81196,1289.2971,Coast
146.985,95056.0,535.421,-0.77655,732.55,35.345155,-117.81196,1284.9611,Coast
147.185,95059.0,535.157,-1.04077,732.745,35.345156,-117.81196,1280.0961,Coast
147.385,95059.0,535.157,-1.04077,732.954,35.345157,-117.81195,1275.222,Coast
147.586,95056.0,535.421,-0.77655,733.143,35.345159,-117.81194,1270.7771,Coast
147.786,95052.0,535.772,-0.42511,733.369,35.345161,-117.81194,1266.8811,Coast
147.986,95052.0,535.772,-0.42511,733.541,35.345162,-117.81193,1263.02,Coast
148.186,95053.0,535.683,-0.514954,733.732,35.345162,-117.81193,1258.597,Coast
148.386,95057.0,535.334,-0.863708,733.929,35.345163,-117.81192,1253.749,Coast
148.586,95056.0,535.421,-0.77655,734.126,35.345161,-117.81192,1249.026,Coast
148.786,95060.0,535.07,-1.12793,734.384,35.34516,-117.81192,1244.875,Coast
148.987,95053.0,535.683,-0.514954,734.548,35.34516,-117.81192,1240.484,Coast
149.186,95055.0,535.508,-0.689331,734.727,35.345161,-117.81192,1235.7671,Coast
149.386,95059.0,535.157,-1.04077,734.933,35.345161,-117.81192,1231.2561,Coast
149.586,95050.0,535.947,-0.250732,735.128,35.345161,-117.81192,1226.9911,Coast
149.786,95058.0,535.247,-0.950928,735.377,35.345162,-117.81193,1222.8251,Coast
149.986,95057.0,535.334,-0.863708,735.538,35.345162,-117.81193,1218.6841,Coast
150.186,95056.0,535.421,-0.77655,735.705,35.345162,-117.81193,1214.368,Coast
150.386,95052.0,535.772,-0.42511,735.92,35.345165,-117.81193,1209.5631,Coast
150.587,95053.0,535.683,-0.514954,736.11,35.345169,-117.81193,1204.8131,Coast
150.786,95057.0,535.334,-0.863708,736.346,35.345172,-117.81194,1200.5371,Coast
150.986,95060.0,535.07,-1.12793,736.515,35.345176,-117.81194,1196.421,Coast
151.186,95059.0,535.157,-1.04077,736.696,35.34518,-117.81195,1192.088,Coast
151.386,95058.0,535.247,-0.950928,736.905,35.345183,-117.81195,1187.567,Coast
151.587,95063.0,534.808,-1.38953,737.1,35.345187,-117.81195,1182.843,Coast
151.786,95056.0,535.421,-0.77655,737.354,35.34519,-117.81195,1178.1571,Coast
151.987,95056.0,535.421,-0.77655,737.518,35.345194,-117.81195,1173.7831,Coast
152.186,95056.0,535.421,-0.77655,737.685,35.345197,-117.81195,1169.5291,Coast
152.386,95056.0,535.421,-0.77655,737.885,35.345198,-117.81195,1165.1051,Coast
152.587,95051.0,535.86,-0.337891,738.077,35.345199,-117.81195,1160.7421,Coast
152.786,95059.0,535.157,-1.04077,738.321,35.345198,-117.81195,1156.696,Coast
152.986,95057.0,535.334,-0.863708,738.483,35.345198,-117.81195,1152.7061,Coast
153.186,95058.0,535.247,-0.950928,738.684,35.345198,-117.81194,1148.5641,Coast
153.387,95053.0,535.683,-0.514954,738.872,35.345198,-117.81194,1144.317,Coast
153.586,95054.0,535.595,-0.602112,739.058,35.345197,-117.81194,1139.989,Coast
153.786,95057.0,535.334,-0.863708,739.313,35.345195,-117.81194,1135.6481,Coast
153.987,95055.0,535.508,-0.689331,739.476,35.345193,-117.81194,1131.5,Coast
154.187,95058.0,535.247,-0.950928,739.659,35.345191,-117.81194,1127.5081,Coast
154.386,95054.0,535.595,-0.602112,739.863,35.34519,-117.81194,1123.3091,Coast
154.587,95051.0,535.86,-0.337891,740.045,35.345189,-117.81194,1118.6831,Coast
154.786,95054.0,535.595,-0.602112,740.303,35.345189,-117.81194,1113.8871,Coast
154.986,95061.0,534.982,-1.21515,740.465,35.345189,-117.81195,1109.1411,Coast
155.187,95055.0,535.508,-0.689331,740.648,35.345188,-117.81195,1104.6571,Coast
155.386,95056.0,535.421,-0.77655,740.842,35.345186,-117.81195,1100.452,Coast
155.586,95058.0,535.247,-0.950928,741.032,35.345186,-117.81195,1096.1061,Coast
155.786,95053.0,535.683,-0.514954,741.283,35.345187,-117.81195,1091.427,Coast
155.986,95052.0,535.772,-0.42511,741.449,35.345187,-117.81195,1086.6581,Coast
156.186,95053.0,535.683,-0.514954,741.639,35.345187,-117.81196,1081.8391,Coast
156.386,95061.0,534.982,-1.21515,741.832,35.345186,-117.81196,1076.9921,Coast
156.586,95054.0,535.595,-0.602112,742.022,35.345186,-117.81196,1072.275,Coast
156.786,95057.0,535.334,-0.863708,742.28,35.345185,-117.81196,1067.545,Coast
156.986,95054.0,535.595,-0.602112,742.444,35.345186,-117.81197,1062.8151,Coast
157.186,95056.0,535.421,-0.77655,742.621,35.345188,-117.81197,1058.05,Coast
157.386,95057.0,535.334,-0.863708,742.818,35.345189,-117.81197,1053.2261,Coast
157.586,95056.0,535.421,-0.77655,743.012,35.345188,-117.81197,1048.38,Coast
157.787,95061.0,534.982,-1.21515,743.25,35.345187,-117.81197,1043.576,Coast
157.986,95054.0,535.595,-0.602112,743.412,35.345186,-117.81198,1038.827,Coast
158.188,95057.0,535.334,-0.863708,743.605,35.345186,-117.81198,1034.177,Coast
158.387,95058.0,535.247,-0.950928,743.804,35.345187,-117.81198,1029.672,Coast
158.587,95057.0,535.334,-0.863708,743.998,35.345186,-117.81198,1025.248,Coast
158.787,95057.0,535.334,-0.863708,744.236,35.345186,-117.81199,1020.8461,Coast
158.987,95055.0,535.508,-0.689331,744.402,35.345185,-117.81199,1016.4,Coast
159.187,95058.0,535.247,-0.950928,744.589,35.345186,-117.81199,1011.947,Coast
159.387,95057.0,535.334,-0.863708,744.788,35.345187,-117.81199,1007.486,Coast
159.587,95057.0,535.334,-0.863708,744.984,35.345188,-117.812,1003.001,Coast
159.787,95058.0,535.247,-0.950928,745.222,35.345189,-117.812,998.57104,Coast
159.988,95059.0,535.157,-1.04077,745.386,35.34519,-117.812,994.24304,Coast
160.188,95055.0,535.508,-0.689331,745.576,35.345191,-117.812,990.04706,Coast
160.387,95053.0,535.683,-0.514954,745.771,35.345194,-117.812,985.88104,Coast
160.588,95054.0,535.595,-0.602112,745.968,35.345196,-117.81201,981.49207,Coast
160.797,95056.0,535.421,-0.77655,746.199,35.345197,-117.81201,976.87604,Coast
160.987,95057.0,535.334,-0.863708,746.361,35.345197,-117.81201,972.15906,Coast
161.187,95054.0,535.595,-0.602112,746.558,35.345198,-117.81201,967.43103,Coast
161.388,95057.0,535.334,-0.863708,746.76,35.3452,-117.81201,962.77203,Coast
161.587,95055.0,535.508,-0.689331,746.96,35.345201,-117.812,958.15503,Coast
161.787,95061.0,534.982,-1.21515,747.196,35.3452,-117.812,953.28406,Coast
161.987,95050.0,535.947,-0.250732,747.359,35.345197,-117.812,948.26703,Coast
162.187,95053.0,535.683,-0.514954,747.547,35.345195,-117.812,943.49207,Coast
162.387,95052.0,535.772,-0.42511,747.743,35.345194,-117.812,939.11407,Coast
162.587,95058.0,535.247,-0.950928,747.942,35.345192,-117.812,934.64203,Coast
162.789,95055.0,535.508,-0.689331,748.166,35.345188,-117.812,930.09106,Coast
162.987,95060.0,535.07,-1.12793,748.328,35.345183,-117.812,925.88403,Coast
163.187,95054.0,535.595,-0.602112,748.527,35.345179,-117.812,922.10107,Coast
163.387,95054.0,535.595,-0.602112,748.722,35.345175,-117.81201,918.01404,Coast
163.587,95053.0,535.683,-0.514954,748.929,35.345173,-117.81201,913.44305,Coast
163.787,95056.0,535.421,-0.77655,749.161,35.345172,-117.81201,908.58405,Coast
163.987,95053.0,535.683,-0.514954,749.325,35.34517,-117.81201,903.81104,Coast
164.188,95058.0,535.247,-0.950928,749.518,35.345168,-117.81201,899.13306,Coast
164.387,95051.0,535.86,-0.337891,749.705,35.345166,-117.81201,894.58704,Coast
164.587,95056.0,535.421,-0.77655,749.913,35.345166,-117.81202,890.12006,Coast
164.787,95051.0,535.86,-0.337891,750.138,35.345169,-117.81202,885.56104,Coast
164.987,95055.0,535.508,-0.689331,750.307,35.345174,-117.81202,881.18805,Coast
165.187,95053.0,535.683,-0.514954,750.504,35.345178,-117.81202,877.10803,Coast
165.387,95056.0,535.421,-0.77655,750.69,35.345182,-117.81202,873.08502,Coast
165.587,95055.0,535.508,-0.689331,750.893,35.345186,-117.81202,868.73303,Coast
165.787,95054.0,535.595,-0.602112,751.121,35.345189,-117.81202,864.13306,Coast
165.987,95054.0,535.595,-0.602112,751.287,35.345191,-117.81202,859.44403,Coast
166.187,95057.0,535.334,-0.863708,751.488,35.345193,-117.81202,854.69507,Coast
166.387,95058.0,535.247,-0.950928,751.674,35.345194,-117.81202,850.05603,Coast
166.588,95057.0,535.334,-0.863708,751.877,35.345196,-117.81201,845.52502,Coast
166.788,95054.0,535.595,-0.602112,752.099,35.345197,-117.81201,840.92004,Coast
166.987,95055.0,535.508,-0.689331,752.277,35.345196,-117.81201,836.17401,Coast
167.187,95054.0,535.595,-0.602112,752.475,35.345195,-117.81201,831.27802,Coast
167.387,95059.0,535.157,-1.04077,752.665,35.345193,-117.81201,826.35706,Coast
167.587,95057.0,535.334,-0.863708,752.869,35.345191,-117.812,821.44006,Coast
167.787,95054.0,535.595,-0.602112,753.094,35.345188,-117.812,816.59906,Coast
167.988,95052.0,535.772,-0.42511,753.259,35.345185,-117.812,811.63403,Coast
168.188,95055.0,535.508,-0.689331,753.462,35.345184,-117.812,806.57104,Coast
168.388,95056.0,535.421,-0.77655,753.659,35.345182,-117.812,801.77203,Coast
168.588,95054.0,535.595,-0.602112,753.856,35.34518,-117.812,797.21802,Coast
168.789,95058.0,535.247,-0.950928,754.083,35.345179,-117.812,792.79102,Coast
168.992,95057.0,535.334,-0.863708,754.256,35.345179,-117.812,788.12201,Coast
169.189,95053.0,535.683,-0.514954,754.449,35.345181,-117.812,783.35004,Coast
169.388,95057.0,535.334,-0.863708,754.646,35.345182,-117.812,779.00201,Coast
169.589,95056.0,535.421,-0.77655,754.844,35.345181,-117.812,775.00104,Coast
169.788,95057.0,535.334,-0.863708,755.061,35.34518,-117.812,771.09302,Coast
169.988,95058.0,535.247,-0.950928,755.238,35.345181,-117.812,766.92902,Coast
170.188,95054.0,535.595,-0.602112,755.438,35.345182,-117.812,762.60406,Coast
170.388,95059.0,535.157,-1.04077,755.636,35.345183,-117.812,758.24805,Coast
170.588,95057.0,535.334,-0.863708,755.836,35.345183,-117.812,753.95801,Coast
170.788,95056.0,535.421,-0.77655,756.063,35.345182,-117.812,749.62701,Coast
170.988,95058.0,535.247,-0.950928,756.225,35.345182,-117.812,745.03802,Coast
171.188,95057.0,535.334,-0.863708,756.418,35.345183,-117.812,740.21704,Coast
171.389,95055.0,535.508,-0.689331,756.612,35.345185,-117.812,735.45203,Coast
171.588,95054.0,535.595,-0.602112,756.808,35.345187,-117.812,731.06903,Coast
171.788,95058.0,535.247,-0.950928,757.035,35.345189,-117.812,726.94604,Coast
171.988,95059.0,535.157,-1.04077,757.205,35.345192,-117.812,722.74701,Coast
172.188,95057.0,535.334,-0.863708,757.4,35.345195,-117.812,718.48303,Coast
172.388,95055.0,535.508,-0.689331,757.6,35.345197,-117.81199,714.40802,Coast
172.588,95056.0,535.421,-0.77655,757.798,35.345199,-117.81199,710.42401,Coast
172.788,95051.0,535.86,-0.337891,758.028,35.3452,-117.81198,706.40204,Coast
172.988,95053.0,535.683,-0.514954,758.192,35.345201,-117.81198,702.16602,Coast
173.188,95055.0,535.508,-0.689331,758.382,35.345203,-117.81197,697.62805,Coast
173.388,95052.0,535.772,-0.42511,758.584,35.345204,-117.81197,693.14301,Coast
173.59,95052.0,535.772,-0.42511,758.781,35.345207,-117.81197,688.755,Coast
173.789,95053.0,535.683,-0.514954,759.007,35.345207,-117.81197,684.52002,Coast
173.988,95058.0,535.247,-0.950928,759.177,35.345207,-117.81197,680.24005,Coast
174.189,95053.0,535.683,-0.514954,759.363,35.345206,-117.81197,675.76605,Coast
174.388,95054.0,535.595,-0.602112,759.567,35.345205,-117.81197,671.24902,Coast
174.588,95056.0,535.421,-0.77655,759.768,35.345205,-117.81196,666.62305,Coast
174.792,95058.0,535.247,-0.950928,759.999,35.345204,-117.81196,661.99805,Coast
174.988,95054.0,535.595,-0.602112,760.164,35.345203,-117.81196,657.49805,Coast
175.189,95057.0,535.334,-0.863708,760.349,35.345202,-117.81196,653.06805,Coast
175.388,95055.0,535.508,-0.689331,760.553,35.345199,-117.81195,648.56604,Decent
175.589,95058.0,535.247,-0.950928,760.752,35.345196,-117.81195,643.94904,Decent
175.788,95060.0,535.07,-1.12793,760.981,35.345193,-117.81194,639.11804,Decent
175.988,95056.0,535.421,-0.77655,761.155,35.34519,-117.81194,634.22601,Decent
176.188,95055.0,535.508,-0.689331,761.336,35.34519,-117.81194,629.50403,Decent
176.389,95058.0,535.247,-0.950928,761.543,35.345194,-117.81194,624.81201,Decent
176.588,95060.0,535.07,-1.12793,761.732,35.3452,-117.81194,620.65002,Decent
176.789,95057.0,535.334,-0.863708,761.969,35.345203,-117.81195,617.10303,Decent
176.989,95056.0,535.421,-0.77655,762.128,35.345203,-117.81195,613.737,Decent
177.189,95051.0,535.86,-0.337891,762.321,35.345202,-117.81195,612.20801,Decent
177.39,95053.0,535.683,-0.514954,762.521,35.345202,-117.81195,611.75,Decent
177.589,95061.0,534.982,-1.21515,762.719,35.345202,-117.81195,611.73602,Decent
177.79,95055.0,535.508,-0.689331,762.957,35.345202,-117.81195,611.91803,Decent
177.992,95056.0,535.421,-0.77655,763.119,35.345202,-117.81195,611.89905,Decent
178.189,95058.0,535.247,-0.950928,763.319,35.345202,-117.81195,611.94702,Decent
178.389,95059.0,535.157,-1.04077,763.514,35.345202,-117.81195,611.98102,Decent
178.589,95053.0,535.683,-0.514954,763.705,35.345203,-117.81195,612.03503,Decent
178.789,95053.0,535.683,-0.514954,763.942,35.345203,-117.81195,612.091,Decent
178.989,95056.0,535.421,-0.77655,764.114,35.345203,-117.81195,612.15302,Decent
179.189,95054.0,535.595,-0.602112,764.303,35.345203,-117.81195,612.19604,Decent
179.389,95056.0,535.421,-0.77655,764.499,35.345203,-117.81195,612.25201,Decent
179.589,95054.0,535.595,-0.602112,764.679,35.345203,-117.81195,612.30304,Decent
179.789,95053.0,535.683,-0.514954,764.918,35.345203,-117.81195,612.362,Decent
179.989,95051.0,535.86,-0.337891,765.083,35.345203,-117.81195,612.42102,Decent
180.189,95054.0,535.595,-0.602112,765.281,35.345203,-117.81195,612.50104,Decent
180.39,95056.0,535.421,-0.77655,765.478,35.345203,-117.81195,612.57904,Decent
180.589,95054.0,535.595,-0.602112,765.667,35.345203,-117.81195,612.64105,Decent
180.789,95060.0,535.07,-1.12793,765.915,35.345203,-117.81195,612.68701,Decent
180.989,95057.0,535.334,-0.863708,766.078,35.345204,-117.81195,612.72504,Decent
181.19,95056.0,535.421,-0.77655,766.267,35.345204,-117.81195,612.76105,Decent
181.39,95056.0,535.421,-0.77655,766.465,35.345204,-117.81195,612.79303,Decent
181.589,95060.0,535.07,-1.12793,766.656,35.345204,-117.81195,612.82202,Decent
181.789,95056.0,535.421,-0.77655,766.902,35.345204,-117.81195,612.84204,Decent
181.99,95056.0,535.421,-0.77655,767.067,35.345204,-117.81195,612.862,Decent
182.19,95055.0,535.508,-0.689331,767.254,35.345204,-117.81195,612.88104,Decent
182.39,95056.0,535.421,-0.77655,767.45,35.345204,-117.81195,612.91803,Decent
182.589,95060.0,535.07,-1.12793,767.642,35.345204,-117.81195,612.95404,Decent
182.79,95058.0,535.247,-0.950928,767.876,35.345204,-117.81195,612.99304,Decent
182.989,95059.0,535.157,-1.04077,768.041,35.345204,-117.81195,613.03601,Decent
183.191,95058.0,535.247,-0.950928,768.236,35.345204,-117.81195,613.07703,Decent
183.389,95052.0,535.772,-0.42511,768.438,35.345204,-117.81195,613.09204,Decent
183.591,95053.0,535.683,-0.514954,768.632,35.345204,-117.81195,613.09601,Decent
183.789,95052.0,535.772,-0.42511,768.874,35.345204,-117.81195,613.11603,Decent
183.989,95056.0,535.421,-0.77655,769.034,35.345204,-117.81195,613.13904,Decent
184.189,95049.0,536.034,-0.163513,769.221,35.345204,-117.81195,613.14606,Decent
184.389,95056.0,535.421,-0.77655,769.416,35.345204,-117.81195,613.16803,Decent
184.59,95057.0,535.334,-0.863708,769.615,35.345204,-117.81195,613.18103,Decent
184.789,95059.0,535.157,-1.04077,769.852,35.345204,-117.81195,613.19104,Decent
184.99,95058.0,535.247,-0.950928,770.016,35.345204,-117.81195,613.20703,Decent
185.189,95061.0,534.982,-1.21515,770.199,35.345204,-117.81195,613.21802,Decent
185.389,95057.0,535.334,-0.863708,770.398,35.345204,-117.81195,613.23804,Decent
185.59,95056.0,535.421,-0.77655,770.591,35.345205,-117.81195,613.24402,Decent
185.79,95056.0,535.421,-0.77655,770.826,35.345205,-117.81195,613.24506,Decent
185.991,95053.0,535.683,-0.514954,770.988,35.345205,-117.81195,613.25104,Decent
186.19,95053.0,535.683,-0.514954,771.18,35.345205,-117.81195,613.26501,Decent
186.396,95059.0,535.157,-1.04077,771.384,35.345205,-117.81195,613.28503,Decent
186.591,95055.0,535.508,-0.689331,771.573,35.345205,-117.81195,613.29004,Decent
186.792,95057.0,535.334,-0.863708,771.809,35.345205,-117.81195,613.30103,Decent
186.991,95060.0,535.07,-1.12793,771.982,35.345205,-117.81195,613.30701,Decent
187.193,95057.0,535.334,-0.863708,772.168,35.345205,-117.81195,613.315,Decent
187.394,95056.0,535.421,-0.77655,772.358,35.345205,-117.81195,613.32404,Decent
187.591,95059.0,535.157,-1.04077,772.558,35.345205,-117.81195,613.33301,Decent
187.791,95055.0,535.508,-0.689331,772.802,35.345205,-117.81195,613.35303,Decent
187.991,95057.0,535.334,-0.863708,772.971,35.345205,-117.81195,613.36804,Decent
188.194,95056.0,535.421,-0.77655,773.156,35.345205,-117.81195,613.38202,Decent
188.39,95057.0,535.334,-0.863708,773.346,35.345205,-117.81195,613.39502,Decent
188.591,95059.0,535.157,-1.04077,773.548,35.345205,-117.81195,613.41302,Decent
188.79,95059.0,535.157,-1.04077,773.773,35.345205,-117.81195,613.43506,Decent
188.99,95055.0,535.508,-0.689331,773.941,35.345205,-117.81195,613.45203,Decent
189.192,95056.0,535.421,-0.77655,774.134,35.345205,-117.81195,613.46405,Decent
189.39,95058.0,535.247,-0.950928,774.324,35.345205,-117.81195,613.47601,Decent
189.592,95058.0,535.247,-0.950928,774.529,35.345205,-117.81195,613.48401,Decent
189.79,95056.0,535.421,-0.77655,774.763,35.345205,-117.81195,613.50702,Decent
189.993,95058.0,535.247,-0.950928,774.93,35.345205,-117.81195,613.51904,Decent
190.191,95061.0,534.982,-1.21515,775.12,35.345205,-117.81195,613.52704,Decent
190.392,95056.0,535.421,-0.77655,775.311,35.345205,-117.81195,613.54102,Decent
190.59,95056.0,535.421,-0.77655,775.518,35.345205,-117.81195,613.55304,Decent
190.79,95056.0,535.421,-0.77655,775.746,35.345205,-117.81195,613.56702,Decent
190.995,95059.0,535.157,-1.04077,775.912,35.345205,-117.81195,613.57306,Decent
191.194,95055.0,535.508,-0.689331,776.111,35.345205,-117.81195,613.57703,Decent
191.39,95055.0,535.508,-0.689331,776.304,35.345205,-117.81195,613.58301,Decent
191.59,95059.0,535.157,-1.04077,776.505,35.345205,-117.81195,613.58502,Decent
191.793,95057.0,535.334,-0.863708,776.725,35.345205,-117.81195,613.58801,Decent
191.99,95052.0,535.772,-0.42511,776.897,35.345205,-117.81195,613.59601,Decent
192.193,95054.0,535.595,-0.602112,777.093,35.345205,-117.81195,613.604,Decent
192.394,95051.0,535.86,-0.337891,777.293,35.345205,-117.81195,613.60901,Decent
192.592,95055.0,535.508,-0.689331,777.49,35.345205,-117.81195,613.62006,Decent
192.793,95057.0,535.334,-0.863708,777.712,35.345205,-117.81194,613.62201,Decent
192.992,95060.0,535.07,-1.12793,777.885,35.345205,-117.81194,613.61902,Decent
193.193,95057.0,535.334,-0.863708,778.085,35.345205,-117.81194,613.62305,Decent
193.393,95060.0,535.07,-1.12793,778.28,35.345205,-117.81194,613.62701,Decent
193.595,95054.0,535.595,-0.602112,778.48,35.345205,-117.81194,613.62701,Decent
193.795,95054.0,535.595,-0.602112,778.698,35.345205,-117.81194,613.63202,Decent
193.997,95056.0,535.421,-0.77655,778.875,35.345205,-117.81194,613.63702,Decent
194.195,95057.0,535.334,-0.863708,779.069,35.345205,-117.81194,613.64105,Decent
194.395,95056.0,535.421,-0.77655,779.271,35.345205,-117.81194,613.65002,Decent
194.595,95059.0,535.157,-1.04077,779.467,35.345205,-117.81194,613.65601,Decent
194.794,95060.0,535.07,-1.12793,779.683,35.345205,-117.81194,613.66205,Decent
194.997,95054.0,535.595,-0.602112,779.861,35.345205,-117.81194,613.66602,Decent
195.194,95059.0,535.157,-1.04077,780.063,35.345205,-117.81194,613.67902,Decent
195.394,95056.0,535.421,-0.77655,780.262,35.345205,-117.81194,613.68903,Decent
391.214,95050.0,535.947,-0.250732,,,,,
391.415,95047.0,536.208,0.0108643,,,,,
391.615,95051.0,535.86,-0.337891,,,,,
391.815,95050.0,535.947,-0.250732,,,,,
392.014,95051.0,535.86,-0.337891,,,,,
392.214,95052.0,535.772,-0.42511,,,,,
392.414,95053.0,535.683,-0.514954,,,,,
392.615,95051.0,535.86,-0.337891,,,,,
392.815,95054.0,535.595,-0.602112,,,,,
393.015,95044.0,536.473,0.275085,,,,,
393.215,95051.0,535.86,-0.337891,,,,,
393.415,95047.0,536.208,0.0108643,,,,,
393.615,95046.0,536.296,0.0980835,,,,,
393.816,95051.0,535.86,-0.337891,,,,,
394.022,95047.0,536.208,0.0108643,,,,,
394.217,95049.0,536.034,-0.163513,,,,,
394.416,95054.0,535.595,-0.602112,,,,,
394.615,95049.0,536.034,-0.163513,,,,,
394.815,95056.0,535.421,-0.77655,,,,,
395.015,95051.0,535.86,-0.337891,,,,,
395.215,95053.0,535.683,-0.514954,,,,,
395.415,95048.0,536.121,-0.0762939,,,,,
395.615,95047.0,536.208,0.0108643,,,,,
395.815,95047.0,536.208,0.0108643,,,,,
396.015,95053.0,535.683,-0.514954,,,,,
396.216,95051.0,535.86,-0.337891,,,,,
396.415,95051.0,535.86,-0.337891,,,,,
396.615,95048.0,536.121,-0.0762939,,,,,
396.815,95054.0,535.595,-0.602112,,,,,
397.015,95052.0,535.772,-0.42511,,,,,
397.215,95052.0,535.772,-0.42511,,,,,
397.415,95051.0,535.86,-0.337891,,,,,
397.615,95047.0,536.208,0.0108643,,,,,
397.816,95048.0,536.121,-0.0762939,,,,,
398.017,95052.0,535.772,-0.42511,,,,,
398.216,95050.0,535.947,-0.250732,,,,,
398.418,95045.0,536.385,0.187927,,,,,
398.617,95055.0,535.508,-0.689331,,,,,
398.816,95052.0,535.772,-0.42511,,,,,
399.016,95049.0,536.034,-0.163513,,,,,
399.217,95055.0,535.508,-0.689331,,,,,
399.416,95051.0,535.86,-0.337891,,,,,
399.617,95052.0,535.772,-0.42511,,,,,
399.816,95048.0,536.121,-0.0762939,,,,,
400.018,95050.0,535.947,-0.250732,,,,,
400.216,95053.0,535.683,-0.514954,,,,,
400.416,95054.0,535.595,-0.602112,,,,,
400.618,95049.0,536.034,-0.163513,,,,,
400.816,95048.0,536.121,-0.0762939,,,,,
401.016,95051.0,535.86,-0.337891,,,,,
401.216,95054.0,535.595,-0.602112,,,,,
401.416,95053.0,535.683,-0.514954,,,,,
401.616,95046.0,536.296,0.0980835,,,,,
401.817,95046.0,536.296,0.0980835,,,,,
402.016,95047.0,536.208,0.0108643,,,,,
402.217,95051.0,535.86,-0.337891,,,,,
402.416,95053.0,535.683,-0.514954,,,,,
402.617,95050.0,535.947,-0.250732,,,,,
402.816,95049.0,536.034,-0.163513,,,,,
403.016,95055.0,535.508,-0.689331,,,,,
403.216,95050.0,535.947,-0.250732,,,,,
403.416,95051.0,535.86,-0.337891,,,,,
403.616,95056.0,535.421,-0.77655,,,,,
403.816,95050.0,535.947,-0.250732,,,,,
404.016,95049.0,536.034,-0.163513,,,,,
404.216,95049.0,536.034,-0.163513,,,,,
404.417,95054.0,535.595,-0.602112,,,,,
404.616,95046.0,536.296,0.0980835,,,,,
404.816,95049.0,536.034,-0.163513,,,,,
405.016,95051.0,535.86,-0.337891,,,,,
405.217,95053.0,535.683,-0.514954,,,,,
405.417,95053.0,535.683,-0.514954,,,,,
405.617,95049.0,536.034,-0.163513,,,,,
405.817,95053.0,535.683,-0.514954,,,,,
406.018,95053.0,535.683,-0.514954,,,,,
406.217,95052.0,535.772,-0.42511,,,,,
406.417,95051.0,535.86,-0.337891,,,,,
406.617,95053.0,535.683,-0.514954,,,,,
406.817,95052.0,535.772,-0.42511,,,,,
407.017,95053.0,535.683,-0.514954,,,,,
407.218,95048.0,536.121,-0.0762939,,,,,
407.417,95057.0,535.334,-0.863708,,,,,
407.617,95052.0,535.772,-0.42511,,,,,
407.818,95050.0,535.947,-0.250732,,,,,
408.017,95053.0,535.683,-0.514954,,,,,
408.217,95051.0,535.86,-0.337891,,,,,
408.418,95051.0,535.86,-0.337891,,,,,
408.617,95050.0,535.947,-0.250732,,,,,
408.818,95045.0,536.385,0.187927,,,,,
409.018,95049.0,536.034,-0.163513,,,,,
409.218,95049.0,536.034,-0.163513,,,,,
409.417,95050.0,535.947,-0.250732,,,,,
409.617,95052.0,535.772,-0.42511,,,,,
409.817,95051.0,535.86,-0.337891,,,,,
410.018,95051.0,535.86,-0.337891,,,,,
410.217,95050.0,535.947,-0.250732,,,,,
410.417,95049.0,536.034,-0.163513,,,,,
410.619,95047.0,536.208,0.0108643,,,,,
410.817,95052.0,535.772,-0.42511,,,,,
411.017,95050.0,535.947,-0.250732,,,,,
411.217,95053.0,535.683,-0.514954,,,,,
411.417,95052.0,535.772,-0.42511,,,,,
411.617,95048.0,536.121,-0.0762939,,,,,
411.819,95051.0,535.86,-0.337891,,,,,
412.02,95053.0,535.683,-0.514954,,,,,
412.218,95048.0,536.121,-0.0762939,,,,,
412.419,95050.0,535.947,-0.250732,,,,,
412.618,95049.0,536.034,-0.163513,,,,,
412.819,95052.0,535.772,-0.42511,,,,,
413.018,95046.0,536.296,0.0980835,,,,,
413.218,95046.0,536.296,0.0980835,,,,,
413.418,95051.0,535.86,-0.337891,,,,,
413.618,95053.0,535.683,-0.514954,,,,,
413.818,95052.0,535.772,-0.42511,,,,,
414.018,95053.0,535.683,-0.514954,,,,,
414.218,95050.0,535.947,-0.250732,,,,,
414.418,95050.0,535.947,-0.250732,,,,,
414.618,95052.0,535.772,-0.42511,,,,,
414.818,95051.0,535.86,-0.337891,,,,,
415.019,95049.0,536.034,-0.163513,,,,,
415.218,95046.0,536.296,0.0980835,,,,,
415.418,95053.0,535.683,-0.514954,,,,,
415.619,95050.0,535.947,-0.250732,,,,,
415.818,95050.0,535.947,-0.250732,,,,,
416.018,95046.0,536.296,0.0980835,,,,,
416.219,95052.0,535.772,-0.42511,,,,,
416.419,95053.0,535.683,-0.514954,,,,,
416.618,95050.0,535.947,-0.250732,,,,,
416.819,95050.0,535.947,-0.250732,,,,,
417.018,95053.0,535.683,-0.514954,,,,,
417.218,95050.0,535.947,-0.250732,,,,,
417.418,95054.0,535.595,-0.602112,,,,,
417.618,95049.0,536.034,-0.163513,,,,,
417.819,95054.0,535.595,-0.602112,,,,,
418.019,95052.0,535.772,-0.42511,,,,,
418.219,95053.0,535.683,-0.514954,,,,,
418.42,95053.0,535.683,-0.514954,,,,,
418.62,95048.0,536.121,-0.0762939,,,,,
418.82,95053.0,535.683,-0.514954,,,,,
419.023,95052.0,535.772,-0.42511,,,,,
419.221,95048.0,536.121,-0.0762939,,,,,
419.42,95048.0,536.121,-0.0762939,,,,,
419.619,95052.0,535.772,-0.42511,,,,,
419.819,95051.0,535.86,-0.337891,,,,,
420.019,95049.0,536.034,-0.163513,,,,,
420.219,95051.0,535.86,-0.337891,,,,,
420.419,95048.0,536.121,-0.0762939,,,,,
420.619,95049.0,536.034,-0.163513,,,,,
420.819,95052.0,535.772,-0.42511,,,,,
421.019,95052.0,535.772,-0.42511,,,,,
421.22,95047.0,536.208,0.0108643,,,,,
421.42,95051.0,535.86,-0.337891,,,,,
421.619,95049.0,536.034,-0.163513,,,,,
421.819,95050.0,535.947,-0.250732,,,,,
422.02,95051.0,535.86,-0.337891,,,,,
422.22,95052.0,535.772,-0.42511,,,,,
422.419,95048.0,536.121,-0.0762939,,,,,
422.619,95049.0,536.034,-0.163513,,,,,
422.819,95053.0,535.683,-0.514954,,,,,
423.02,95051.0,535.86,-0.337891,,,,,
423.226,95045.0,536.385,0.187927,,,,,
423.421,95054.0,535.595,-0.602112,,,,,
423.619,95053.0,535.683,-0.514954,,,,,
423.819,95056.0,535.421,-0.77655,,,,,
424.02,95057.0,535.334,-0.863708,,,,,
424.219,95053.0,535.683,-0.514954,,,,,
424.419,95051.0,535.86,-0.337891,,,,,
424.62,95050.0,535.947,-0.250732,,,,,
424.819,95052.0,535.772,-0.42511,,,,,
425.019,95051.0,535.86,-0.337891,,,,,
425.219,95046.0,536.296,0.0980835,,,,,
425.42,95048.0,536.121,-0.0762939,,,,,
425.621,95046.0,536.296,0.0980835,,,,,
425.82,95049.0,536.034,-0.163513,,,,,
426.02,95050.0,535.947,-0.250732,,,,,
426.22,95054.0,535.595,-0.602112,,,,,
426.42,95047.0,536.208,0.0108643,,,,,
426.62,95050.0,535.947,-0.250732,,,,,
426.82,95050.0,535.947,-0.250732,,,,,
427.02,95051.0,535.86,-0.337891,,,,,
427.22,95046.0,536.296,0.0980835,,,,,
427.422,95049.0,536.034,-0.163513,,,,,
427.621,95044.0,536.473,0.275085,,,,,
427.82,95048.0,536.121,-0.0762939,,,,,
428.02,95053.0,535.683,-0.514954,,,,,
428.22,95048.0,536.121,-0.0762939,,,,,
428.421,95046.0,536.296,0.0980835,,,,,
428.62,95048.0,536.121,-0.0762939,,,,,
428.82,95052.0,535.772,-0.42511,,,,,
429.02,95054.0,535.595,-0.602112,,,,,
429.22,95045.0,536.385,0.187927,,,,,
429.422,95053.0,535.683,-0.514954,,,,,
429.62,95049.0,536.034,-0.163513,,,,,
429.82,95051.0,535.86,-0.337891,,,,,
430.021,95050.0,535.947,-0.250732,,,,,
430.22,95053.0,535.683,-0.514954,,,,,
430.42,95053.0,535.683,-0.514954,,,,,
430.62,95046.0,536.296,0.0980835,,,,,
430.82,95047.0,536.208,0.0108643,,,,,
431.02,95050.0,535.947,-0.250732,,,,,
431.22,95047.0,536.208,0.0108643,,,,,
431.42,95046.0,536.296,0.0980835,,,,,
431.629,95050.0,535.947,-0.250732,,,,,
431.82,95049.0,536.034,-0.163513,,,,,
432.021,95052.0,535.772,-0.42511,,,,,
432.22,95047.0,536.208,0.0108643,,,,,
432.42,95049.0,536.034,-0.163513,,,,,
432.621,95054.0,535.595,-0.602112,,,,,
432.822,95051.0,535.86,-0.337891,,,,,
433.021,95050.0,535.947,-0.250732,,,,,
433.221,95052.0,535.772,-0.42511,,,,,
433.421,95050.0,535.947,-0.250732,,,,,
433.621,95052.0,535.772,-0.42511,,,,,
433.821,95046.0,536.296,0.0980835,,,,,
434.021,95048.0,536.121,-0.0762939,,,,,
434.221,95047.0,536.208,0.0108643,,,,,
434.421,95054.0,535.595,-0.602112,,,,,
434.621,95052.0,535.772,-0.42511,,,,,
434.821,95048.0,536.121,-0.0762939,,,,,
435.022,95049.0,536.034,-0.163513,,,,,
435.221,95053.0,535.683,-0.514954,,,,,
435.421,95053.0,535.683,-0.514954,,,,,
435.621,95047.0,536.208,0.0108643,,,,,
435.822,95051.0,535.86,-0.337891,,,,,
436.021,95048.0,536.121,-0.0762939,,,,,
436.221,95046.0,536.296,0.0980835,,,,,
436.421,95048.0,536.121,-0.0762939,,,,,
436.621,95050.0,535.947,-0.250732,,,,,
436.821,95051.0,535.86,-0.337891,,,,,
437.021,95048.0,536.121,-0.0762939,,,,,
437.221,95048.0,536.121,-0.0762939,,,,,
437.422,95054.0,535.595,-0.602112,,,,,
437.621,95048.0,536.121,-0.0762939,,,,,
437.821,95054.0,535.595,-0.602112,,,,,
438.023,95056.0,535.421,-0.77655,,,,,
438.223,95046.0,536.296,0.0980835,,,,,
438.421,95049.0,536.034,-0.163513,,,,,
438.622,95050.0,535.947,-0.250732,,,,,
438.823,95055.0,535.508,-0.689331,,,,,
439.022,95051.0,535.86,-0.337891,,,,,
439.221,95050.0,535.947,-0.250732,,,,,
439.421,95047.0,536.208,0.0108643,,,,,
439.621,95050.0,535.947,-0.250732,,,,,
439.822,95046.0,536.296,0.0980835,,,,,
440.028,95051.0,535.86,-0.337891,,,,,
440.221,95050.0,535.947,-0.250732,,,,,
440.422,95050.0,535.947,-0.250732,,,,,
440.622,95052.0,535.772,-0.42511,,,,,
440.823,95053.0,535.683,-0.514954,,,,,
441.022,95050.0,535.947,-0.250732,,,,,
441.223,95049.0,536.034,-0.163513,,,,,
441.423,95047.0,536.208,0.0108643,,,,,
441.622,95051.0,535.86,-0.337891,,,,,
441.824,95046.0,536.296,0.0980835,,,,,
442.023,95049.0,536.034,-0.163513,,,,,
442.222,95049.0,536.034,-0.163513,,,,,
442.423,95051.0,535.86,-0.337891,,,,,
442.622,95048.0,536.121,-0.0762939,,,,,
442.822,95051.0,535.86,-0.337891,,,,,
443.022,95051.0,535.86,-0.337891,,,,,
443.222,95052.0,535.772,-0.42511,,,,,
443.422,95051.0,535.86,-0.337891,,,,,
443.622,95049.0,536.034,-0.163513,,,,,
443.822,95050.0,535.947,-0.250732,,,,,
444.022,95050.0,535.947,-0.250732,,,,,
444.225,95049.0,536.034,-0.163513,,,,,
444.422,95048.0,536.121,-0.0762939,,,,,
444.622,95047.0,536.208,0.0108643,,,,,
444.822,95055.0,535.508,-0.689331,,,,,
445.022,95053.0,535.683,-0.514954,,,,,
445.222,95052.0,535.772,-0.42511,,,,,
445.422,95049.0,536.034,-0.163513,,,,,
445.622,95055.0,535.508,-0.689331,,,,,
445.822,95049.0,536.034,-0.163513,,,,,
446.022,95051.0,535.86,-0.337891,,,,,
446.223,95053.0,535.683,-0.514954,,,,,
446.424,95050.0,535.947,-0.250732,,,,,
446.625,95050.0,535.947,-0.250732,,,,,
446.825,95050.0,535.947,-0.250732,,,,,
447.023,95051.0,535.86,-0.337891,,,,,
447.224,95051.0,535.86,-0.337891,,,,,
447.424,95055.0,535.508,-0.689331,,,,,
447.623,95053.0,535.683,-0.514954,,,,,
447.824,95048.0,536.121,-0.0762939,,,,,
448.023,95048.0,536.121,-0.0762939,,,,,
448.224,95050.0,535.947,-0.250732,,,,,
448.432,95048.0,536.121,-0.0762939,,,,,
448.623,95048.0,536.121,-0.0762939,,,,,
448.824,95052.0,535.772,-0.42511,,,,,
449.023,95050.0,535.947,-0.250732,,,,,
449.223,95050.0,535.947,-0.250732,,,,,
449.423,95052.0,535.772,-0.42511,,,,,
449.623,95051.0,535.86,-0.337891,,,,,
449.823,95052.0,535.772,-0.42511,,,,,
450.023,95049.0,536.034,-0.163513,,,,,
450.223,95048.0,536.121,-0.0762939,,,,,
450.424,95048.0,536.121,-0.0762939,,,,,
450.624,95048.0,536.121,-0.0762939,,,,,
450.824,95046.0,536.296,0.0980835,,,,,
451.023,95050.0,535.947,-0.250732,,,,,
451.223,95051.0,535.86,-0.337891,,,,,
451.423,95047.0,536.208,0.0108643,,,,,
451.623,95051.0,535.86,-0.337891,,,,,
451.823,95050.0,535.947,-0.250732,,,,,
452.023,95054.0,535.595,-0.602112,,,,,
452.223,95051.0,535.86,-0.337891,,,,,
452.423,95053.0,535.683,-0.514954,,,,,
452.628,95045.0,536.385,0.187927,,,,,
452.823,95050.0,535.947,-0.250732,,,,,
453.024,95045.0,536.385,0.187927,,,,,
453.224,95048.0,536.121,-0.0762939,,,,,
453.424,95051.0,535.86,-0.337891,,,,,
453.624,95050.0,535.947,-0.250732,,,,,
453.824,95050.0,535.947,-0.250732,,,,,
454.024,95051.0,535.86,-0.337891,,,,,
454.224,95045.0,536.385,0.187927,,,,,
454.424,95049.0,536.034,-0.163513,,,,,
454.624,95050.0,535.947,-0.250732,,,,,
454.824,95052.0,535.772,-0.42511,,,,,
455.024,95051.0,535.86,-0.337891,,,,,
455.224,95048.0,536.121,-0.0762939,,,,,
455.424,95054.0,535.595,-0.602112,,,,,
455.625,95052.0,535.772,-0.42511,,,,,
455.824,95050.0,535.947,-0.250732,,,,,
456.024,95052.0,535.772,-0.42511,,,,,
456.224,95052.0,535.772,-0.42511,,,,,
456.424,95049.0,536.034,-0.163513,,,,,
456.625,95051.0,535.86,-0.337891,,,,,
456.824,95053.0,535.683,-0.514954,,,,,
457.025,95051.0,535.86,-0.337891,,,,,
457.224,95047.0,536.208,0.0108643,,,,,
457.424,95047.0,536.208,0.0108643,,,,,
457.625,95053.0,535.683,-0.514954,,,,,
457.824,95051.0,535.86,-0.337891,,,,,
458.024,95049.0,536.034,-0.163513,,,,,
458.224,95048.0,536.121,-0.0762939,,,,,
458.424,95053.0,535.683,-0.514954,,,,,
458.624,95047.0,536.208,0.0108643,,,,,
458.824,95049.0,536.034,-0.163513,,,,,
459.025,95046.0,536.296,0.0980835,,,,,
459.224,95051.0,535.86,-0.337891,,,,,
459.424,95047.0,536.208,0.0108643,,,,,
459.624,95053.0,535.683,-0.514954,,,,,
459.825,95053.0,535.683,-0.514954,,,,,
460.024,95049.0,536.034,-0.163513,,,,,
460.224,95051.0,535.86,-0.337891,,,,,
460.424,95045.0,536.385,0.187927,,,,,
460.625,95054.0,535.595,-0.602112,,,,,
460.824,95053.0,535.683,-0.514954,,,,,
461.026,95046.0,536.296,0.0980835,,,,,
461.225,95049.0,536.034,-0.163513,,,,,
461.425,95050.0,535.947,-0.250732,,,,,
461.626,95051.0,535.86,-0.337891,,,,,
461.825,95051.0,535.86,-0.337891,,,,,
462.025,95054.0,535.595,-0.602112,,,,,
462.225,95053.0,535.683,-0.514954,,,,,
462.425,95049.0,536.034,-0.163513,,,,,
462.626,95051.0,535.86,-0.337891,,,,,
462.825,95047.0,536.208,0.0108643,,,,,
463.025,95049.0,536.034,-0.163513,,,,,
463.226,95052.0,535.772,-0.42511,,,,,
463.425,95050.0,535.947,-0.250732,,,,,
463.627,95052.0,535.772,-0.42511,,,,,
463.825,95055.0,535.508,-0.689331,,,,,
464.025,95058.0,535.247,-0.950928,,,,,
464.225,95046.0,536.296,0.0980835,,,,,
464.425,95050.0,535.947,-0.250732,,,,,
464.625,95052.0,535.772,-0.42511,,,,,
464.825,95049.0,536.034,-0.163513,,,,,
465.025,95052.0,535.772,-0.42511,,,,,
465.225,95052.0,535.772,-0.42511,,,,,
465.425,95053.0,535.683,-0.514954,,,,,
465.626,95049.0,536.034,-0.163513,,,,,
465.825,95054.0,535.595,-0.602112,,,,,
466.025,95052.0,535.772,-0.42511,,,,,
466.225,95061.0,534.982,-1.21515,,,,,
466.425,95050.0,535.947,-0.250732,,,,,
466.625,95054.0,535.595,-0.602112,,,,,
466.826,95050.0,535.947,-0.250732,,,,,
467.026,95046.0,536.296,0.0980835,,,,,
467.225,95047.0,536.208,0.0108643,,,,,
467.425,95048.0,536.121,-0.0762939,,,,,
467.625,95050.0,535.947,-0.250732,,,,,
467.825,95048.0,536.121,-0.0762939,,,,,
468.025,95055.0,535.508,-0.689331,,,,,
468.225,95048.0,536.121,-0.0762939,,,,,
468.425,95047.0,536.208,0.0108643,,,,,
468.625,95054.0,535.595,-0.602112,,,,,
468.825,95053.0,535.683,-0.514954,,,,,
469.026,95053.0,535.683,-0.514954,,,,,
469.227,95048.0,536.121,-0.0762939,,,,,
469.426,95047.0,536.208,0.0108643,,,,,
469.627,95049.0,536.034,-0.163513,,,,,
469.826,95052.0,535.772,-0.42511,,,,,
470.026,95054.0,535.595,-0.602112,,,,,
470.227,95055.0,535.508,-0.689331,,,,,
470.428,95049.0,536.034,-0.163513,,,,,
470.626,95051.0,535.86,-0.337891,,,,,
470.826,95050.0,535.947,-0.250732,,,,,
471.027,95054.0,535.595,-0.602112,,,,,
471.236,95047.0,536.208,0.0108643,,,,,
471.427,95052.0,535.772,-0.42511,,,,,
471.626,95051.0,535.86,-0.337891,,,,,
471.826,95054.0,535.595,-0.602112,,,,,
472.026,95049.0,536.034,-0.163513,,,,,
472.226,95047.0,536.208,0.0108643,,,,,
472.426,95050.0,535.947,-0.250732,,,,,
472.626,95054.0,535.595,-0.602112,,,,,
472.826,95055.0,535.508,-0.689331,,,,,
473.026,95051.0,535.86,-0.337891,,,,,
473.226,95050.0,535.947,-0.250732,,,,,
473.426,95048.0,536.121,-0.0762939,,,,,
473.629,95047.0,536.208,0.0108643,,,,,
473.827,95049.0,536.034,-0.163513,,,,,
474.026,95051.0,535.86,-0.337891,,,,,
474.23,95050.0,535.947,-0.250732,,,,,
474.426,95052.0,535.772,-0.42511,,,,,
474.626,95056.0,535.421,-0.77655,,,,,
474.826,95055.0,535.508,-0.689331,,,,,
475.026,95050.0,535.947,-0.250732,,,,,
475.228,95049.0,536.034,-0.163513,,,,,
475.426,95051.0,535.86,-0.337891,,,,,
475.626,95049.0,536.034,-0.163513,,,,,
475.827,95049.0,536.034,-0.163513,,,,,
476.027,95052.0,535.772,-0.42511,,,,,
476.227,95052.0,535.772,-0.42511,,,,,
476.427,95051.0,535.86,-0.337891,,,,,
476.629,95049.0,536.034,-0.163513,,,,,
476.827,95053.0,535.683,-0.514954,,,,,
477.027,95053.0,535.683,-0.514954,,,,,
477.227,95052.0,535.772,-0.42511,,,,,
477.428,95049.0,536.034,-0.163513,,,,,
477.628,95049.0,536.034,-0.163513,,,,,
477.828,95051.0,535.86,-0.337891,,,,,
478.028,95054.0,535.595,-0.602112,,,,,
478.227,95050.0,535.947,-0.250732,,,,,
478.427,95050.0,535.947,-0.250732,,,,,
478.627,95051.0,535.86,-0.337891,,,,,
478.827,95051.0,535.86,-0.337891,,,,,
479.027,95049.0,536.034,-0.163513,,,,,
479.228,95052.0,535.772,-0.42511,,,,,
479.431,95051.0,535.86,-0.337891,,,,,
479.628,95050.0,535.947,-0.250732,,,,,
479.827,95051.0,535.86,-0.337891,,,,,
480.028,95047.0,536.208,0.0108643,,,,,
480.227,95048.0,536.121,-0.0762939,,,,,
480.427,95050.0,535.947,-0.250732,,,,,
480.627,95051.0,535.86,-0.337891,,,,,
480.827,95052.0,535.772,-0.42511,,,,,
481.027,95052.0,535.772,-0.42511,,,,,
481.227,95049.0,536.034,-0.163513,,,,,
481.427,95053.0,535.683,-0.514954,,,,,
481.627,95052.0,535.772,-0.42511,,,,,
481.828,95046.0,536.296,0.0980835,,,,,
482.027,95048.0,536.121,-0.0762939,,,,,
482.227,95047.0,536.208,0.0108643,,,,,
482.427,95047.0,536.208,0.0108643,,,,,
482.627,95054.0,535.595,-0.602112,,,,,
482.827,95051.0,535.86,-0.337891,,,,,
483.027,95051.0,535.86,-0.337891,,,,,
483.228,95051.0,535.86,-0.337891,,,,,
483.428,95047.0,536.208,0.0108643,,,,,
483.629,95046.0,536.296,0.0980835,,,,,
483.828,95051.0,535.86,-0.337891,,,,,
484.03,95051.0,535.86,-0.337891,,,,,
484.228,95054.0,535.595,-0.602112,,,,,
484.428,95047.0,536.208,0.0108643,,,,,
484.628,95050.0,535.947,-0.250732,,,,,
484.828,95047.0,536.208,0.0108643,,,,,
485.028,95049.0,536.034,-0.163513,,,,,
485.228,95049.0,536.034,-0.163513,,,,,
485.429,95055.0,535.508,-0.689331,,,,,
485.628,95050.0,535.947,-0.250732,,,,,
485.828,95052.0,535.772,-0.42511,,,,,
486.029,95052.0,535.772,-0.42511,,,,,
486.231,95049.0,536.034,-0.163513,,,,,
486.428,95048.0,536.121,-0.0762939,,,,,
486.629,95052.0,535.772,-0.42511,,,,,
486.828,95054.0,535.595,-0.602112,,,,,
487.029,95049.0,536.034,-0.163513,,,,,
487.228,95048.0,536.121,-0.0762939,,,,,
487.428,95050.0,535.947,-0.250732,,,,,
487.628,95051.0,535.86,-0.337891,,,,,
487.83,95054.0,535.595,-0.602112,,,,,
488.029,95050.0,535.947,-0.250732,,,,,
488.228,95051.0,535.86,-0.337891,,,,,
488.428,95046.0,536.296,0.0980835,,,,,
488.628,95048.0,536.121,-0.0762939,,,,,
488.829,95049.0,536.034,-0.163513,,,,,
489.028,95051.0,535.86,-0.337891,,,,,
489.229,95051.0,535.86,-0.337891,,,,,
489.428,95051.0,535.86,-0.337891,,,,,
489.628,95053.0,535.683,-0.514954,,,,,
489.828,95049.0,536.034,-0.163513,,,,,
490.028,95052.0,535.772,-0.42511,,,,,
490.228,95049.0,536.034,-0.163513,,,,,
490.429,95044.0,536.473,0.275085,,,,,
490.634,95048.0,536.121,-0.0762939,,,,,
490.828,95047.0,536.208,0.0108643,,,,,
491.029,95049.0,536.034,-0.163513,,,,,
491.23,95054.0,535.595,-0.602112,,,,,
491.43,95052.0,535.772,-0.42511,,,,,
491.629,95050.0,535.947,-0.250732,,,,,
491.829,95051.0,535.86,-0.337891,,,,,
492.031,95048.0,536.121,-0.0762939,,,,,
492.229,95046.0,536.296,0.0980835,,,,,
492.429,95048.0,536.121,-0.0762939,,,,,
492.629,95047.0,536.208,0.0108643,,,,,
492.831,95048.0,536.121,-0.0762939,,,,,
493.029,95052.0,535.772,-0.42511,,,,,
493.229,95053.0,535.683,-0.514954,,,,,
493.429,95049.0,536.034,-0.163513,,,,,
493.629,95047.0,536.208,0.0108643,,,,,
493.83,95044.0,536.473,0.275085,,,,,
494.029,95053.0,535.683,-0.514954,,,,,
494.229,95051.0,535.86,-0.337891,,,,,
494.429,95046.0,536.296,0.0980835,,,,,
494.629,95050.0,535.947,-0.250732,,,,,
494.829,95049.0,536.034,-0.163513,,,,,
495.029,95054.0,535.595,-0.602112,,,,,
495.229,95043.0,536.56,0.362305,,,,,
495.429,95051.0,535.86,-0.337891,,,,,
495.629,95050.0,535.947,-0.250732,,,,,
495.829,95047.0,536.208,0.0108643,,,,,
496.031,95046.0,536.296,0.0980835,,,,,
496.229,95051.0,535.86,-0.337891,,,,,
496.429,95050.0,535.947,-0.250732,,,,,
496.629,95056.0,535.421,-0.77655,,,,,
496.829,95044.0,536.473,0.275085,,,,,
497.029,95050.0,535.947,-0.250732,,,,,
497.229,95051.0,535.86,-0.337891,,,,,
497.429,95053.0,535.683,-0.514954,,,,,
497.629,95052.0,535.772,-0.42511,,,,,
497.83,95052.0,535.772,-0.42511,,,,,
498.029,95053.0,535.683,-0.514954,,,,,
498.229,95053.0,535.683,-0.514954,,,,,
498.429,95051.0,535.86,-0.337891,,,,,
498.63,95051.0,535.86,-0.337891,,,,,
498.829,95048.0,536.121,-0.0762939,,,,,
499.03,95051.0,535.86,-0.337891,,,,,
499.231,95045.0,536.385,0.187927,,,,,
499.432,95051.0,535.86,-0.337891,,,,,
499.63,95049.0,536.034,-0.163513,,,,,
499.831,95051.0,535.86,-0.337891,,,,,
500.03,95050.0,535.947,-0.250732,,,,,
500.23,95048.0,536.121,-0.0762939,,,,,
500.432,95047.0,536.208,0.0108643,,,,,
500.63,95049.0,536.034,-0.163513,,,,,
500.831,95052.0,535.772,-0.42511,,,,,
501.031,95052.0,535.772,-0.42511,,,,,
501.23,95046.0,536.296,0.0980835,,,,,
501.43,95051.0,535.86,-0.337891,,,,,
501.63,95049.0,536.034,-0.163513,,,,,
501.83,95043.0,536.56,0.362305,,,,,
502.03,95050.0,535.947,-0.250732,,,,,
502.23,95048.0,536.121,-0.0762939,,,,,
502.43,95051.0,535.86,-0.337891,,,,,
502.631,95045.0,536.385,0.187927,,,,,
502.831,95045.0,536.385,0.187927,,,,,
503.033,95048.0,536.121,-0.0762939,,,,,
503.23,95051.0,535.86,-0.337891,,,,,
503.43,95052.0,535.772,-0.42511,,,,,
503.632,95051.0,535.86,-0.337891,,,,,
503.83,95051.0,535.86,-0.337891,,,,,
504.031,95055.0,535.508,-0.689331,,,,,
504.23,95048.0,536.121,-0.0762939,,,,,
504.43,95052.0,535.772,-0.42511,,,,,
504.636,95049.0,536.034,-0.163513,,,,,
504.83,95049.0,536.034,-0.163513,,,,,
505.03,95049.0,536.034,-0.163513,,,,,
505.231,95049.0,536.034,-0.163513,,,,,
505.43,95044.0,536.473,0.275085,,,,,
505.631,95049.0,536.034,-0.163513,,,,,
505.83,95048.0,536.121,-0.0762939,,,,,
506.03,95052.0,535.772,-0.42511,,,,,
506.23,95053.0,535.683,-0.514954,,,,,
506.43,95043.0,536.56,0.362305,,,,,
506.631,95046.0,536.296,0.0980835,,,,,
506.831,95046.0,536.296,0.0980835,,,,,
507.031,95051.0,535.86,-0.337891,,,,,
507.232,95052.0,535.772,-0.42511,,,,,
507.431,95053.0,535.683,-0.514954,,,,,
507.632,95051.0,535.86,-0.337891,,,,,
507.831,95051.0,535.86,-0.337891,,,,,
508.031,95047.0,536.208,0.0108643,,,,,
508.231,95045.0,536.385,0.187927,,,,,
508.431,95047.0,536.208,0.0108643,,,,,
508.631,95048.0,536.121,-0.0762939,,,,,
508.833,95047.0,536.208,0.0108643,,,,,
509.031,95043.0,536.56,0.362305,,,,,
509.232,95051.0,535.86,-0.337891,,,,,
509.431,95046.0,536.296,0.0980835,,,,,
509.631,95041.0,536.734,0.536682,,,,,
509.832,95047.0,536.208,0.0108643,,,,,
510.031,95053.0,535.683,-0.514954,,,,,
510.231,95049.0,536.034,-0.163513,,,,,
510.431,95051.0,535.86,-0.337891,,,,,
510.632,95049.0,536.034,-0.163513,,,,,
510.831,95051.0,535.86,-0.337891,,,,,
511.031,95050.0,535.947,-0.250732,,,,,
511.231,95050.0,535.947,-0.250732,,,,,
511.431,95048.0,536.121,-0.0762939,,,,,
511.631,95046.0,536.296,0.0980835,,,,,
511.832,95048.0,536.121,-0.0762939,,,,,
512.032,95046.0,536.296,0.0980835,,,,,
512.231,95048.0,536.121,-0.0762939,,,,,
512.431,95051.0,535.86,-0.337891,,,,,
512.631,95051.0,535.86,-0.337891,,,,,
512.831,95046.0,536.296,0.0980835,,,,,
513.031,95050.0,535.947,-0.250732,,,,,
513.231,95053.0,535.683,-0.514954,,,,,
513.431,95051.0,535.86,-0.337891,,,,,
513.632,95046.0,536.296,0.0980835,,,,,
513.831,95049.0,536.034,-0.163513,,,,,
514.031,95050.0,535.947,-0.250732,,,,,
514.231,95054.0,535.595,-0.602112,,,,,
514.431,95050.0,535.947,-0.250732,,,,,
514.631,95050.0,535.947,-0.250732,,,,,
514.831,95048.0,536.121,-0.0762939,,,,,
515.031,95049.0,536.034,-0.163513,,,,,
515.231,95047.0,536.208,0.0108643,,,,,
515.431,95047.0,536.208,0.0108643,,,,,
515.641,95049.0,536.034,-0.163513,,,,,
515.831,95044.0,536.473,0.275085,,,,,
516.03,95047.0,536.208,0.0108643,,,,,
516.236,95049.0,536.034,-0.163513,,,,,
516.431,95051.0,535.86,-0.337891,,,,,
516.63,95054.0,535.595,-0.602112,,,,,
516.83,95051.0,535.86,-0.337891,,,,,
517.03,95048.0,536.121,-0.0762939,,,,,
517.233,95049.0,536.034,-0.163513,,,,,
517.431,95047.0,536.208,0.0108643,,,,,
517.631,95047.0,536.208,0.0108643,,,,,
517.832,95048.0,536.121,-0.0762939,,,,,
518.03,95049.0,536.034,-0.163513,,,,,
518.23,95050.0,535.947,-0.250732,,,,,
518.43,95053.0,535.683,-0.514954,,,,,
518.63,95048.0,536.121,-0.0762939,,,,,
518.83,95052.0,535.772,-0.42511,,,,,
519.03,95051.0,535.86,-0.337891,,,,,
519.231,95055.0,535.508,-0.689331,,,,,
519.43,95042.0,536.647,0.449524,,,,,
519.63,95044.0,536.473,0.275085,,,,,
519.83,95051.0,535.86,-0.337891,,,,,
520.031,95046.0,536.296,0.0980835,,,,,
520.23,95051.0,535.86,-0.337891,,,,,
520.432,95052.0,535.772,-0.42511,,,,,
520.631,95048.0,536.121,-0.0762939,,,,,
520.832,95053.0,535.683,-0.514954,,,,,
521.032,95049.0,536.034,-0.163513,,,,,
521.232,95048.0,536.121,-0.0762939,,,,,
521.431,95051.0,535.86,-0.337891,,,,,
521.63,95045.0,536.385,0.187927,,,,,
521.83,95049.0,536.034,-0.163513,,,,,
522.03,95050.0,535.947,-0.250732,,,,,
522.23,95050.0,535.947,-0.250732,,,,,
522.43,95046.0,536.296,0.0980835,,,,,
522.631,95049.0,536.034,-0.163513,,,,,
522.83,95053.0,535.683,-0.514954,,,,,
523.033,95048.0,536.121,-0.0762939,,,,,
523.231,95050.0,535.947,-0.250732,,,,,
523.429,95046.0,536.296,0.0980835,,,,,
523.629,95044.0,536.473,0.275085,,,,,
523.829,95045.0,536.385,0.187927,,,,,
524.031,95049.0,536.034,-0.163513,,,,,
524.231,95046.0,536.296,0.0980835,,,,,
524.43,95049.0,536.034,-0.163513,,,,,
524.636,95046.0,536.296,0.0980835,,,,,
524.829,95047.0,536.208,0.0108643,,,,,
525.03,95050.0,535.947,-0.250732,,,,,
525.23,95048.0,536.121,-0.0762939,,,,,
525.43,95054.0,535.595,-0.602112,,,,,
525.631,95049.0,536.034,-0.163513,,,,,
525.83,95047.0,536.208,0.0108643,,,,,
526.03,95046.0,536.296,0.0980835,,,,,
526.229,95049.0,536.034,-0.163513,,,,,
526.428,95043.0,536.56,0.362305,,,,,
526.63,95050.0,535.947,-0.250732,,,,,
526.829,95052.0,535.772,-0.42511,,,,,
527.029,95046.0,536.296,0.0980835,,,,,
527.23,95051.0,535.86,-0.337891,,,,,
527.43,95053.0,535.683,-0.514954,,,,,
527.63,95051.0,535.86,-0.337891,,,,,
527.83,95048.0,536.121,-0.0762939,,,,,
528.031,95046.0,536.296,0.0980835,,,,,
528.231,95046.0,536.296,0.0980835,,,,,
528.43,95054.0,535.595,-0.602112,,,,,
528.631,95047.0,536.208,0.0108643,,,,,
528.835,95051.0,535.86,-0.337891,,,,,
529.029,95053.0,535.683,-0.514954,,,,,
529.23,95049.0,536.034,-0.163513,,,,,
529.429,95046.0,536.296,0.0980835,,,,,
529.63,95048.0,536.121,-0.0762939,,,,,
529.83,95050.0,535.947,-0.250732,,,,,
530.031,95049.0,536.034,-0.163513,,,,,
530.23,95043.0,536.56,0.362305,,,,,
530.428,95049.0,536.034,-0.163513,,,,,
530.63,95050.0,535.947,-0.250732,,,,,
530.828,95044.0,536.473,0.275085,,,,,
531.03,95051.0,535.86,-0.337891,,,,,
531.229,95052.0,535.772,-0.42511,,,,,
531.43,95046.0,536.296,0.0980835,,,,,
531.629,95053.0,535.683,-0.514954,,,,,
531.831,95052.0,535.772,-0.42511,,,,,
532.028,95045.0,536.385,0.187927,,,,,
532.228,95049.0,536.034,-0.163513,,,,,
532.43,95050.0,535.947,-0.250732,,,,,
532.629,95048.0,536.121,-0.0762939,,,,,
532.827,95048.0,536.121,-0.0762939,,,,,
533.027,95050.0,535.947,-0.250732,,,,,
533.229,95053.0,535.683,-0.514954,,,,,
533.428,95049.0,536.034,-0.163513,,,,,
533.629,95047.0,536.208,0.0108643,,,,,
533.829,95042.0,536.647,0.449524,,,,,
534.029,95052.0,535.772,-0.42511,,,,,
534.231,95048.0,536.121,-0.0762939,,,,,
534.428,95049.0,536.034,-0.163513,,,,,
534.631,95048.0,536.121,-0.0762939,,,,,
534.831,95045.0,536.385,0.187927,,,,,
535.026,95047.0,536.208,0.0108643,,,,,
535.227,95051.0,535.86,-0.337891,,,,,
535.427,95048.0,536.121,-0.0762939,,,,,
535.629,95053.0,535.683,-0.514954,,,,,
535.828,95051.0,535.86,-0.337891,,,,,
536.029,95050.0,535.947,-0.250732,,,,,
536.228,95053.0,535.683,-0.514954,,,,,
536.429,95049.0,536.034,-0.163513,,,,,
536.629,95044.0,536.473,0.275085,,,,,
536.829,95051.0,535.86,-0.337891,,,,,
537.03,95048.0,536.121,-0.0762939,,,,,
537.23,95048.0,536.121,-0.0762939,,,,,
537.428,95048.0,536.121,-0.0762939,,,,,
537.628,95049.0,536.034,-0.163513,,,,,
537.83,95048.0,536.121,-0.0762939,,,,,
538.03,95054.0,535.595,-0.602112,,,,,
538.23,95049.0,536.034,-0.163513,,,,,
538.43,95048.0,536.121,-0.0762939,,,,,
538.629,95048.0,536.121,-0.0762939,,,,,
538.829,95046.0,536.296,0.0980835,,,,,
539.029,95050.0,535.947,-0.250732,,,,,
539.233,95050.0,535.947,-0.250732,,,,,
539.425,95053.0,535.683,-0.514954,,,,,
539.625,95048.0,536.121,-0.0762939,,,,,
539.825,95052.0,535.772,-0.42511,,,,,
540.025,95052.0,535.772,-0.42511,,,,,
540.225,95045.0,536.385,0.187927,,,,,
540.425,95050.0,535.947,-0.250732,,,,,
540.625,95047.0,536.208,0.0108643,,,,,
540.825,95051.0,535.86,-0.337891,,,,,
541.025,95047.0,536.208,0.0108643,,,,,
541.225,95046.0,536.296,0.0980835,,,,,
541.425,95047.0,536.208,0.0108643,,,,,
541.625,95049.0,536.034,-0.163513,,,,,
541.826,95050.0,535.947,-0.250732,,,,,
542.025,95046.0,536.296,0.0980835,,,,,
542.225,95048.0,536.121,-0.0762939,,,,,
542.425,95046.0,536.296,0.0980835,,,,,
542.625,95044.0,536.473,0.275085,,,,,
542.826,95048.0,536.121,-0.0762939,,,,,
543.025,95048.0,536.121,-0.0762939,,,,,
543.225,95054.0,535.595,-0.602112,,,,,
543.424,95044.0,536.473,0.275085,,,,,
543.624,95057.0,535.334,-0.863708,,,,,
543.825,95051.0,535.86,-0.337891,,,,,
544.024,95048.0,536.121,-0.0762939,,,,,
544.224,95049.0,536.034,-0.163513,,,,,
544.426,95053.0,535.683,-0.514954,,,,,
544.624,95050.0,535.947,-0.250732,,,,,
544.824,95051.0,535.86,-0.337891,,,,,
545.024,95053.0,535.683,-0.514954,,,,,
545.224,95046.0,536.296,0.0980835,,,,,
545.424,95049.0,536.034,-0.163513,,,,,
545.624,95052.0,535.772,-0.42511,,,,,
545.824,95048.0,536.121,-0.0762939,,,,,
546.024,95049.0,536.034,-0.163513,,,,,
546.224,95050.0,535.947,-0.250732,,,,,
546.424,95048.0,536.121,-0.0762939,,,,,
546.624,95050.0,535.947,-0.250732,,,,,
546.823,95051.0,535.86,-0.337891,,,,,
547.024,95049.0,536.034,-0.163513,,,,,
547.223,95050.0,535.947,-0.250732,,,,,
547.423,95044.0,536.473,0.275085,,,,,
547.624,95049.0,536.034,-0.163513,,,,,
547.823,95051.0,535.86,-0.337891,,,,,
548.023,95045.0,536.385,0.187927,,,,,
548.223,95050.0,535.947,-0.250732,,,,,
548.423,95051.0,535.86,-0.337891,,,,,
548.623,95052.0,535.772,-0.42511,,,,,
548.823,95048.0,536.121,-0.0762939,,,,,
549.023,95050.0,535.947,-0.250732,,,,,
549.223,95048.0,536.121,-0.0762939,,,,,
549.423,95044.0,536.473,0.275085,,,,,
549.623,95047.0,536.208,0.0108643,,,,,
549.823,95048.0,536.121,-0.0762939,,,,,
550.023,95053.0,535.683,-0.514954,,,,,
550.224,95048.0,536.121,-0.0762939,,,,,
550.423,95051.0,535.86,-0.337891,,,,,
550.624,95048.0,536.121,-0.0762939,,,,,
550.823,95049.0,536.034,-0.163513,,,,,
551.023,95050.0,535.947,-0.250732,,,,,
551.223,95048.0,536.121,-0.0762939,,,,,
551.422,95047.0,536.208,0.0108643,,,,,
551.624,95050.0,535.947,-0.250732,,,,,
551.823,95045.0,536.385,0.187927,,,,,
552.024,95052.0,535.772,-0.42511,,,,,
552.222,95050.0,535.947,-0.250732,,,,,
552.422,95050.0,535.947,-0.250732,,,,,
552.622,95044.0,536.473,0.275085,,,,,
552.822,95049.0,536.034,-0.163513,,,,,
553.022,95047.0,536.208,0.0108643,,,,,
553.222,95050.0,535.947,-0.250732,,,,,
553.422,95047.0,536.208,0.0108643,,,,,
553.622,95044.0,536.473,0.275085,,,,,
553.822,95045.0,536.385,0.187927,,,,,
554.022,95052.0,535.772,-0.42511,,,,,
554.222,95050.0,535.947,-0.250732,,,,,
554.422,95047.0,536.208,0.0108643,,,,,
554.622,95048.0,536.121,-0.0762939,,,,,
554.822,95052.0,535.772,-0.42511,,,,,
555.023,95051.0,535.86,-0.337891,,,,,
555.223,95048.0,536.121,-0.0762939,,,,,
555.422,95048.0,536.121,-0.0762939,,,,,
555.623,95051.0,535.86,-0.337891,,,,,
555.822,95047.0,536.208,0.0108643,,,,,
556.021,95048.0,536.121,-0.0762939,,,,,
556.221,95053.0,535.683,-0.514954,,,,,
556.422,95049.0,536.034,-0.163513,,,,,
556.621,95052.0,535.772,-0.42511,,,,,
556.821,95049.0,536.034,-0.163513,,,,,
557.021,95050.0,535.947,-0.250732,,,,,
557.222,95048.0,536.121,-0.0762939,,,,,
557.421,95047.0,536.208,0.0108643,,,,,
557.623,95048.0,536.121,-0.0762939,,,,,
557.821,95051.0,535.86,-0.337891,,,,,
558.021,95049.0,536.034,-0.163513,,,,,
558.221,95049.0,536.034,-0.163513,,,,,
558.421,95050.0,535.947,-0.250732,,,,,
558.621,95048.0,536.121,-0.0762939,,,,,
558.822,95047.0,536.208,0.0108643,,,,,
559.021,95050.0,535.947,-0.250732,,,,,
559.221,95046.0,536.296,0.0980835,,,,,
559.421,95046.0,536.296,0.0980835,,,,,
559.62,95044.0,536.473,0.275085,,,,,
559.82,95048.0,536.121,-0.0762939,,,,,
560.021,95047.0,536.208,0.0108643,,,,,
560.22,95044.0,536.473,0.275085,,,,,
560.421,95051.0,535.86,-0.337891,,,,,
560.62,95050.0,535.947,-0.250732,,,,,
560.82,95045.0,536.385,0.187927,,,,,
561.02,95051.0,535.86,-0.337891,,,,,
561.221,95048.0,536.121,-0.0762939,,,,,
561.42,95047.0,536.208,0.0108643,,,,,
561.62,95047.0,536.208,0.0108643,,,,,
561.825,95044.0,536.473,0.275085,,,,,
562.021,95046.0,536.296,0.0980835,,,,,
562.22,95049.0,536.034,-0.163513,,,,,
562.42,95053.0,535.683,-0.514954,,,,,
562.621,95050.0,535.947,-0.250732,,,,,
562.82,95047.0,536.208,0.0108643,,,,,
563.02,95052.0,535.772,-0.42511,,,,,
563.22,95051.0,535.86,-0.337891,,,,,
563.42,95053.0,535.683,-0.514954,,,,,
563.62,95043.0,536.56,0.362305,,,,,
563.821,95045.0,536.385,0.187927,,,,,
564.02,95050.0,535.947,-0.250732,,,,,
564.221,95049.0,536.034,-0.163513,,,,,
564.421,95048.0,536.121,-0.0762939,,,,,
564.62,95050.0,535.947,-0.250732,,,,,
564.821,95047.0,536.208,0.0108643,,,,,
565.019,95053.0,535.683,-0.514954,,,,,
565.219,95047.0,536.208,0.0108643,,,,,
565.42,95050.0,535.947,-0.250732,,,,,
565.619,95047.0,536.208,0.0108643,,,,,
565.821,95047.0,536.208,0.0108643,,,,,
566.019,95041.0,536.734,0.536682,,,,,
566.22,95047.0,536.208,0.0108643,,,,,
566.42,95048.0,536.121,-0.0762939,,,,,
566.619,95050.0,535.947,-0.250732,,,,,
566.819,95047.0,536.208,0.0108643,,,,,
567.02,95049.0,536.034,-0.163513,,,,,
567.219,95045.0,536.385,0.187927,,,,,
567.42,95046.0,536.296,0.0980835,,,,,
567.621,95049.0,536.034,-0.163513,,,,,
567.819,95049.0,536.034,-0.163513,,,,,
568.02,95051.0,535.86,-0.337891,,,,,
568.219,95046.0,536.296,0.0980835,,,,,
568.426,95047.0,536.208,0.0108643,,,,,
568.619,95049.0,536.034,-0.163513,,,,,
568.819,95049.0,536.034,-0.163513,,,,,
569.018,95050.0,535.947,-0.250732,,,,,
569.219,95048.0,536.121,-0.0762939,,,,,
569.419,95049.0,536.034,-0.163513,,,,,
569.618,95051.0,535.86,-0.337891,,,,,
569.818,95046.0,536.296,0.0980835,,,,,
570.018,95048.0,536.121,-0.0762939,,,,,
570.218,95046.0,536.296,0.0980835,,,,,
570.419,95048.0,536.121,-0.0762939,,,,,
570.619,95046.0,536.296,0.0980835,,,,,
570.818,95048.0,536.121,-0.0762939,,,,,
571.019,95046.0,536.296,0.0980835,,,,,
571.218,95049.0,536.034,-0.163513,,,,,
571.418,95049.0,536.034,-0.163513,,,,,
571.618,95048.0,536.121,-0.0762939,,,,,
571.818,95049.0,536.034,-0.163513,,,,,
572.018,95043.0,536.56,0.362305,,,,,
572.219,95047.0,536.208,0.0108643,,,,,
572.418,95043.0,536.56,0.362305,,,,,
572.618,95048.0,536.121,-0.0762939,,,,,
572.819,95047.0,536.208,0.0108643,,,,,
573.019,95055.0,535.508,-0.689331,,,,,
573.218,95047.0,536.208,0.0108643,,,,,
573.418,95047.0,536.208,0.0108643,,,,,
573.618,95049.0,536.034,-0.163513,,,,,
573.818,95048.0,536.121,-0.0762939,,,,,
574.018,95047.0,536.208,0.0108643,,,,,
574.217,95045.0,536.385,0.187927,,,,,
574.417,95047.0,536.208,0.0108643,,,,,
574.617,95048.0,536.121,-0.0762939,,,,,
574.818,95050.0,535.947,-0.250732,,,,,
575.017,95052.0,535.772,-0.42511,,,,,
575.218,95049.0,536.034,-0.163513,,,,,
575.417,95045.0,536.385,0.187927,,,,,
575.617,95050.0,535.947,-0.250732,,,,,
575.818,95052.0,535.772,-0.42511,,,,,
576.017,95050.0,535.947,-0.250732,,,,,
576.217,95048.0,536.121,-0.0762939,,,,,
576.419,95042.0,536.647,0.449524,,,,,
576.617,95047.0,536.208,0.0108643,,,,,
576.817,95048.0,536.121,-0.0762939,,,,,
577.017,95048.0,536.121,-0.0762939,,,,,
577.217,95048.0,536.121,-0.0762939,,,,,
577.417,95048.0,536.121,-0.0762939,,,,,
577.618,95050.0,535.947,-0.250732,,,,,
577.817,95049.0,536.034,-0.163513,,,,,
578.017,95049.0,536.034,-0.163513,,,,,
578.217,95050.0,535.947,-0.250732,,,,,
578.417,95050.0,535.947,-0.250732,,,,,
578.617,95049.0,536.034,-0.163513,,,,,
578.818,95048.0,536.121,-0.0762939,,,,,
579.016,95045.0,536.385,0.187927,,,,,
579.216,95053.0,535.683,-0.514954,,,,,
579.416,95043.0,536.56,0.362305,,,,,
579.616,95048.0,536.121,-0.0762939,,,,,
579.816,95045.0,536.385,0.187927,,,,,
580.017,95053.0,535.683,-0.514954,,,,,
580.216,95045.0,536.385,0.187927,,,,,
580.416,95053.0,535.683,-0.514954,,,,,
580.616,95050.0,535.947,-0.250732,,,,,
580.817,95048.0,536.121,-0.0762939,,,,,
581.023,95050.0,535.947,-0.250732,,,,,
581.216,95049.0,536.034,-0.163513,,,,,
581.416,95050.0,535.947,-0.250732,,,,,
581.616,95052.0,535.772,-0.42511,,,,,
581.816,95049.0,536.034,-0.163513,,,,,
582.016,95050.0,535.947,-0.250732,,,,,
582.216,95046.0,536.296,0.0980835,,,,,
582.415,95050.0,535.947,-0.250732,,,,,
582.615,95046.0,536.296,0.0980835,,,,,
582.816,95048.0,536.121,-0.0762939,,,,,
583.016,95050.0,535.947,-0.250732,,,,,
583.215,95041.0,536.734,0.536682,,,,,
583.415,95047.0,536.208,0.0108643,,,,,
583.616,95045.0,536.385,0.187927,,,,,
583.815,95050.0,535.947,-0.250732,,,,,
584.016,95050.0,535.947,-0.250732,,,,,
584.215,95047.0,536.208,0.0108643,,,,,
584.415,95048.0,536.121,-0.0762939,,,,,
584.615,95049.0,536.034,-0.163513,,,,,
584.815,95047.0,536.208,0.0108643,,,,,
585.015,95049.0,536.034,-0.163513,,,,,
585.222,95045.0,536.385,0.187927,,,,,
585.416,95047.0,536.208,0.0108643,,,,,
585.615,95047.0,536.208,0.0108643,,,,,
585.815,95054.0,535.595,-0.602112,,,,,
586.015,95048.0,536.121,-0.0762939,,,,,
586.215,95046.0,536.296,0.0980835,,,,,
586.415,95054.0,535.595,-0.602112,,,,,
586.615,95050.0,535.947,-0.250732,,,,,
586.814,95052.0,535.772,-0.42511,,,,,
587.014,95048.0,536.121,-0.0762939,,,,,
587.214,95053.0,535.683,-0.514954,,,,,
587.414,95049.0,536.034,-0.163513,,,,,
587.614,95045.0,536.385,0.187927,,,,,
587.815,95046.0,536.296,0.0980835,,,,,
588.014,95049.0,536.034,-0.163513,,,,,
588.214,95049.0,536.034,-0.163513,,,,,
588.416,95044.0,536.473,0.275085,,,,,
588.614,95046.0,536.296,0.0980835,,,,,
588.814,95047.0,536.208,0.0108643,,,,,
589.015,95046.0,536.296,0.0980835,,,,,
589.214,95052.0,535.772,-0.42511,,,,,
589.415,95048.0,536.121,-0.0762939,,,,,
589.614,95049.0,536.034,-0.163513,,,,,
589.814,95048.0,536.121,-0.0762939,,,,,
590.014,95044.0,536.473,0.275085,,,,,
590.214,95052.0,535.772,-0.42511,,,,,
590.414,95049.0,536.034,-0.163513,,,,,
590.614,95052.0,535.772,-0.42511,,,,,
590.815,95045.0,536.385,0.187927,,,,,
591.014,95048.0,536.121,-0.0762939,,,,,
591.214,95047.0,536.208,0.0108643,,,,,
591.414,95052.0,535.772,-0.42511,,,,,
591.613,95046.0,536.296,0.0980835,,,,,
591.813,95050.0,535.947,-0.250732,,,,,
592.013,95049.0,536.034,-0.163513,,,,,
592.213,95043.0,536.56,0.362305,,,,,
592.414,95046.0,536.296,0.0980835,,,,,
592.614,95042.0,536.647,0.449524,,,,,
592.814,95051.0,535.86,-0.337891,,,,,
593.014,95050.0,535.947,-0.250732,,,,,
593.215,95045.0,536.385,0.187927,,,,,
593.413,95043.0,536.56,0.362305,,,,,
593.615,95047.0,536.208,0.0108643,,,,,
593.814,95045.0,536.385,0.187927,,,,,
594.014,95049.0,536.034,-0.163513,,,,,
594.213,95047.0,536.208,0.0108643,,,,,
594.413,95048.0,536.121,-0.0762939,,,,,
594.613,95050.0,535.947,-0.250732,,,,,
594.813,95045.0,536.385,0.187927,,,,,
595.013,95049.0,536.034,-0.163513,,,,,
595.213,95051.0,535.86,-0.337891,,,,,
595.413,95047.0,536.208,0.0108643,,,,,
595.613,95050.0,535.947,-0.250732,,,,,
595.812,95049.0,536.034,-0.163513,,,,,
596.012,95046.0,536.296,0.0980835,,,,,
596.212,95051.0,535.86,-0.337891,,,,,
596.413,95052.0,535.772,-0.42511,,,,,
596.612,95051.0,535.86,-0.337891,,,,,
596.812,95049.0,536.034,-0.163513,,,,,
597.012,95050.0,535.947,-0.250732,,,,,
597.213,95047.0,536.208,0.0108643,,,,,
597.412,95051.0,535.86,-0.337891,,,,,
597.613,95052.0,535.772,-0.42511,,,,,
597.822,95047.0,536.208,0.0108643,,,,,
598.012,95044.0,536.473,0.275085,,,,,
598.213,95050.0,535.947,-0.250732,,,,,
598.412,95054.0,535.595,-0.602112,,,,,
598.612,95045.0,536.385,0.187927,,,,,
598.811,95046.0,536.296,0.0980835,,,,,
599.011,95051.0,535.86,-0.337891,,,,,
599.211,95047.0,536.208,0.0108643,,,,,
599.413,95047.0,536.208,0.0108643,,,,,
599.611,95049.0,536.034,-0.163513,,,,,
599.811,95048.0,536.121,-0.0762939,,,,,
600.012,95045.0,536.385,0.187927,,,,,
600.211,95049.0,536.034,-0.163513,,,,,
600.411,95050.0,535.947,-0.250732,,,,,
600.611,95047.0,536.208,0.0108643,,,,,
600.811,95047.0,536.208,0.0108643,,,,,
601.011,95050.0,535.947,-0.250732,,,,,
601.211,95054.0,535.595,-0.602112,,,,,
601.411,95046.0,536.296,0.0980835,,,,,
601.612,95047.0,536.208,0.0108643,,,,,
601.811,95052.0,535.772,-0.42511,,,,,
602.015,95043.0,536.56,0.362305,,,,,
602.211,95044.0,536.473,0.275085,,,,,
602.411,95048.0,536.121,-0.0762939,,,,,
602.611,95045.0,536.385,0.187927,,,,,
602.811,95050.0,535.947,-0.250732,,,,,
603.01,95049.0,536.034,-0.163513,,,,,
603.21,95045.0,536.385,0.187927,,,,,
603.41,95048.0,536.121,-0.0762939,,,,,
603.612,95051.0,535.86,-0.337891,,,,,
603.81,95044.0,536.473,0.275085,,,,,
604.01,95046.0,536.296,0.0980835,,,,,
604.21,95042.0,536.647,0.449524,,,,,
604.41,95044.0,536.473,0.275085,,,,,
604.61,95049.0,536.034,-0.163513,,,,,
604.811,95050.0,535.947,-0.250732,,,,,
605.01,95044.0,536.473,0.275085,,,,,
605.21,95048.0,536.121,-0.0762939,,,,,
605.41,95047.0,536.208,0.0108643,,,,,
605.611,95046.0,536.296,0.0980835,,,,,
605.81,95047.0,536.208,0.0108643,,,,,
606.011,95046.0,536.296,0.0980835,,,,,
606.217,95046.0,536.296,0.0980835,,,,,
606.41,95046.0,536.296,0.0980835,,,,,
606.609,95050.0,535.947,-0.250732,,,,,
606.81,95047.0,536.208,0.0108643,,,,,
607.01,95046.0,536.296,0.0980835,,,,,
607.209,95048.0,536.121,-0.0762939,,,,,
607.41,95050.0,535.947,-0.250732,,,,,
607.609,95048.0,536.121,-0.0762939,,,,,
607.809,95046.0,536.296,0.0980835,,,,,
608.01,95051.0,535.86,-0.337891,,,,,
608.209,95046.0,536.296,0.0980835,,,,,
608.409,95047.0,536.208,0.0108643,,,,,
608.61,95044.0,536.473,0.275085,,,,,
608.81,95049.0,536.034,-0.163513,,,,,
609.01,95043.0,536.56,0.362305,,,,,
609.209,95045.0,536.385,0.187927,,,,,
609.409,95053.0,535.683,-0.514954,,,,,
609.61,95049.0,536.034,-0.163513,,,,,
609.809,95045.0,536.385,0.187927,,,,,
610.009,95044.0,536.473,0.275085,,,,,
610.209,95043.0,536.56,0.362305,,,,,
610.41,95044.0,536.473,0.275085,,,,,
610.61,95049.0,536.034,-0.163513,,,,,
610.81,95048.0,536.121,-0.0762939,,,,,
611.009,95048.0,536.121,-0.0762939,,,,,
611.209,95051.0,535.86,-0.337891,,,,,
611.409,95044.0,536.473,0.275085,,,,,
611.608,95047.0,536.208,0.0108643,,,,,
611.809,95048.0,536.121,-0.0762939,,,,,
612.008,95046.0,536.296,0.0980835,,,,,
612.208,95047.0,536.208,0.0108643,,,,,
612.408,95046.0,536.296,0.0980835,,,,,
612.608,95045.0,536.385,0.187927,,,,,
612.808,95049.0,536.034,-0.163513,,,,,
613.008,95049.0,536.034,-0.163513,,,,,
613.208,95047.0,536.208,0.0108643,,,,,
613.408,95046.0,536.296,0.0980835,,,,,
613.608,95046.0,536.296,0.0980835,,,,,
613.808,95049.0,536.034,-0.163513,,,,,
614.008,95049.0,536.034,-0.163513,,,,,
614.208,95046.0,536.296,0.0980835,,,,,
614.408,95042.0,536.647,0.449524,,,,,
614.608,95047.0,536.208,0.0108643,,,,,
614.808,95049.0,536.034,-0.163513,,,,,
615.008,95048.0,536.121,-0.0762939,,,,,
615.209,95054.0,535.595,-0.602112,,,,,
615.408,95050.0,535.947,-0.250732,,,,,
615.607,95049.0,536.034,-0.163513,,,,,
615.807,95044.0,536.473,0.275085,,,,,
616.007,95052.0,535.772,-0.42511,,,,,
616.213,95051.0,535.86,-0.337891,,,,,
616.409,95044.0,536.473,0.275085,,,,,
616.607,95046.0,536.296,0.0980835,,,,,
616.807,95045.0,536.385,0.187927,,,,,
617.007,95048.0,536.121,-0.0762939,,,,,
617.207,95044.0,536.473,0.275085,,,,,
617.407,95048.0,536.121,-0.0762939,,,,,
617.608,95045.0,536.385,0.187927,,,,,
617.807,95046.0,536.296,0.0980835,,,,,
618.007,95046.0,536.296,0.0980835,,,,,
618.207,95048.0,536.121,-0.0762939,,,,,
618.407,95049.0,536.034,-0.163513,,,,,
618.607,95045.0,536.385,0.187927,,,,,
618.807,95050.0,535.947,-0.250732,,,,,
619.007,95049.0,536.034,-0.163513,,,,,
619.208,95044.0,536.473,0.275085,,,,,
619.406,95050.0,535.947,-0.250732,,,,,
619.606,95050.0,535.947,-0.250732,,,,,
619.806,95051.0,535.86,-0.337891,,,,,
620.006,95042.0,536.647,0.449524,,,,,
620.207,95051.0,535.86,-0.337891,,,,,
620.411,95045.0,536.385,0.187927,,,,,
620.606,95049.0,536.034,-0.163513,,,,,
620.806,95042.0,536.647,0.449524,,,,,
621.006,95050.0,535.947,-0.250732,,,,,
621.206,95049.0,536.034,-0.163513,,,,,
621.406,95046.0,536.296,0.0980835,,,,,
621.607,95046.0,536.296,0.0980835,,,,,
621.806,95048.0,536.121,-0.0762939,,,,,
622.007,95043.0,536.56,0.362305,,,,,
622.206,95047.0,536.208,0.0108643,,,,,
622.406,95046.0,536.296,0.0980835,,,,,
622.606,95045.0,536.385,0.187927,,,,,
622.806,95051.0,535.86,-0.337891,,,,,
623.012,95055.0,535.508,-0.689331,,,,,
623.207,95046.0,536.296,0.0980835,,,,,
623.406,95048.0,536.121,-0.0762939,,,,,
623.606,95048.0,536.121,-0.0762939,,,,,
623.806,95045.0,536.385,0.187927,,,,,
624.005,95050.0,535.947,-0.250732,,,,,
624.206,95049.0,536.034,-0.163513,,,,,
624.406,95047.0,536.208,0.0108643,,,,,
624.606,95047.0,536.208,0.0108643,,,,,
624.807,95046.0,536.296,0.0980835,,,,,
625.005,95047.0,536.208,0.0108643,,,,,
625.205,95048.0,536.121,-0.0762939,,,,,
625.406,95055.0,535.508,-0.689331,,,,,
625.606,95048.0,536.121,-0.0762939,,,,,
625.805,95050.0,535.947,-0.250732,,,,,
626.005,95048.0,536.121,-0.0762939,,,,,
626.205,95044.0,536.473,0.275085,,,,,
626.406,95047.0,536.208,0.0108643,,,,,
626.605,95045.0,536.385,0.187927,,,,,
626.805,95047.0,536.208,0.0108643,,,,,
627.006,95049.0,536.034,-0.163513,,,,,
627.205,95050.0,535.947,-0.250732,,,,,
627.405,95051.0,535.86,-0.337891,,,,,
627.605,95048.0,536.121,-0.0762939,,,,,
627.805,95045.0,536.385,0.187927,,,,,
628.005,95049.0,536.034,-0.163513,,,,,
628.205,95045.0,536.385,0.187927,,,,,
628.405,95050.0,535.947,-0.250732,,,,,
628.606,95049.0,536.034,-0.163513,,,,,
628.813,95047.0,536.208,0.0108643,,,,,
629.005,95047.0,536.208,0.0108643,,,,,
629.204,95045.0,536.385,0.187927,,,,,
629.404,95047.0,536.208,0.0108643,,,,,
629.605,95047.0,536.208,0.0108643,,,,,
629.804,95052.0,535.772,-0.42511,,,,,
630.004,95042.0,536.647,0.449524,,,,,
630.205,95052.0,535.772,-0.42511,,,,,
630.404,95053.0,535.683,-0.514954,,,,,
630.604,95047.0,536.208,0.0108643,,,,,
630.804,95049.0,536.034,-0.163513,,,,,
631.004,95045.0,536.385,0.187927,,,,,
631.204,95048.0,536.121,-0.0762939,,,,,
631.405,95048.0,536.121,-0.0762939,,,,,
631.604,95044.0,536.473,0.275085,,,,,
631.804,95049.0,536.034,-0.163513,,,,,
632.004,95045.0,536.385,0.187927,,,,,
632.204,95048.0,536.121,-0.0762939,,,,,
632.404,95046.0,536.296,0.0980835,,,,,
632.605,95047.0,536.208,0.0108643,,,,,
632.805,95041.0,536.734,0.536682,,,,,
633.009,95041.0,536.734,0.536682,,,,,
633.204,95046.0,536.296,0.0980835,,,,,
633.404,95042.0,536.647,0.449524,,,,,
633.604,95044.0,536.473,0.275085,,,,,
633.803,95049.0,536.034,-0.163513,,,,,
634.004,95049.0,536.034,-0.163513,,,,,
634.203,95047.0,536.208,0.0108643,,,,,
634.403,95053.0,535.683,-0.514954,,,,,
634.603,95045.0,536.385,0.187927,,,,,
634.803,95045.0,536.385,0.187927,,,,,
635.003,95044.0,536.473,0.275085,,,,,
635.204,95047.0,536.208,0.0108643,,,,,
635.403,95043.0,536.56,0.362305,,,,,
635.604,95047.0,536.208,0.0108643,,,,,
635.803,95046.0,536.296,0.0980835,,,,,
636.003,95044.0,536.473,0.275085,,,,,
636.203,95047.0,536.208,0.0108643,,,,,
636.403,95048.0,536.121,-0.0762939,,,,,
636.604,95049.0,536.034,-0.163513,,,,,
636.803,95047.0,536.208,0.0108643,,,,,
637.003,95043.0,536.56,0.362305,,,,,
637.203,95048.0,536.121,-0.0762939,,,,,
637.403,95048.0,536.121,-0.0762939,,,,,
637.603,95039.0,536.911,0.713745,,,,,
637.804,95047.0,536.208,0.0108643,,,,,
638.002,95050.0,535.947,-0.250732,,,,,
638.203,95049.0,536.034,-0.163513,,,,,
638.402,95051.0,535.86,-0.337891,,,,,
638.603,95047.0,536.208,0.0108643,,,,,
638.802,95050.0,535.947,-0.250732,,,,,
639.002,95048.0,536.121,-0.0762939,,,,,
639.203,95046.0,536.296,0.0980835,,,,,
639.402,95042.0,536.647,0.449524,,,,,
639.602,95045.0,536.385,0.187927,,,,,
639.802,95046.0,536.296,0.0980835,,,,,
640.002,95045.0,536.385,0.187927,,,,,
640.202,95046.0,536.296,0.0980835,,,,,
640.402,95045.0,536.385,0.187927,,,,,
640.602,95049.0,536.034,-0.163513,,,,,
640.802,95049.0,536.034,-0.163513,,,,,
641.002,95045.0,536.385,0.187927,,,,,
641.202,95052.0,535.772,-0.42511,,,,,
641.406,95044.0,536.473,0.275085,,,,,
641.602,95045.0,536.385,0.187927,,,,,
641.802,95049.0,536.034,-0.163513,,,,,
642.002,95043.0,536.56,0.362305,,,,,
642.201,95046.0,536.296,0.0980835,,,,,
642.401,95045.0,536.385,0.187927,,,,,
642.601,95047.0,536.208,0.0108643,,,,,
642.801,95042.0,536.647,0.449524,,,,,
643.001,95049.0,536.034,-0.163513,,,,,
643.201,95052.0,535.772,-0.42511,,,,,
643.401,95049.0,536.034,-0.163513,,,,,
643.601,95048.0,536.121,-0.0762939,,,,,
643.801,95050.0,535.947,-0.250732,,,,,
644.001,95046.0,536.296,0.0980835,,,,,
644.201,95050.0,535.947,-0.250732,,,,,
644.401,95046.0,536.296,0.0980835,,,,,
644.602,95046.0,536.296,0.0980835,,,,,
644.801,95047.0,536.208,0.0108643,,,,,
645.001,95052.0,535.772,-0.42511,,,,,
645.201,95049.0,536.034,-0.163513,,,,,
645.401,95045.0,536.385,0.187927,,,,,
645.604,95048.0,536.121,-0.0762939,,,,,
645.801,95046.0,536.296,0.0980835,,,,,
646.002,95045.0,536.385,0.187927,,,,,
646.201,95045.0,536.385,0.187927,,,,,
646.402,95044.0,536.473,0.275085,,,,,
646.601,95048.0,536.121,-0.0762939,,,,,
646.801,95046.0,536.296,0.0980835,,,,,
647.001,95050.0,535.947,-0.250732,,,,,
647.202,95051.0,535.86,-0.337891,,,,,
647.401,95046.0,536.296,0.0980835,,,,,
647.601,95046.0,536.296,0.0980835,,,,,
647.801,95051.0,535.86,-0.337891,,,,,
648.001,95050.0,535.947,-0.250732,,,,,
648.201,95049.0,536.034,-0.163513,,,,,
648.4,95048.0,536.121,-0.0762939,,,,,
648.601,95047.0,536.208,0.0108643,,,,,
648.8,95048.0,536.121,-0.0762939,,,,,
649.0,95045.0,536.385,0.187927,,,,,
649.2,95048.0,536.121,-0.0762939,,,,,
649.4,95051.0,535.86,-0.337891,,,,,
649.6,95044.0,536.473,0.275085,,,,,
649.8,95045.0,536.385,0.187927,,,,,
650.0,95047.0,536.208,0.0108643,,,,,
650.201,95045.0,536.385,0.187927,,,,,
650.329,95052.0,535.772,-0.42511,,,,,
650.343,95045.0,536.385,0.187927,,,,,
650.361,95047.0,536.208,0.0108643,,,,,
650.381,95049.0,536.034,-0.163513,,,,,
650.4,95050.0,535.947,-0.250732,,,,,
650.421,95047.0,536.208,0.0108643,,,,,
650.44,95045.0,536.385,0.187927,,,,,
650.46,95049.0,536.034,-0.163513,,,,,
650.48,95046.0,536.296,0.0980835,,,,,
650.5,95051.0,535.86,-0.337891,,,,,
650.52,95046.0,536.296,0.0980835,,,,,
650.541,95044.0,536.473,0.275085,,,,,
650.559,95058.0,535.247,-0.950928,,,,,
650.58,94987.0,541.472,5.27429,,,,,
650.599,94962.0,543.665,7.46741,,,,,
650.62,94996.0,540.682,4.48425,,,,,
650.639,94999.0,540.418,4.22003,,,,,
650.659,95011.0,539.366,3.1684,,,,,
650.681,95011.0,539.366,3.1684,,,,,
650.7,95002.0,540.156,3.95844,,,,,
650.719,94982.0,541.908,5.71033,,,,,
650.739,94974.0,542.611,6.41315,,,,,
650.76,94987.0,541.472,5.27429,,,,,
650.781,95005.0,539.892,3.69421,,,,,
650.799,94988.0,541.382,5.18451,,,,,
650.819,94972.0,542.785,6.58752,,,,,
650.839,94963.0,543.575,7.37756,,,,,
650.859,94976.0,542.436,6.23877,,,,,
650.88,94994.0,540.856,4.65869,,,,,
650.899,94967.0,543.226,7.02881,,,,,
650.919,94968.0,543.137,6.93896,,,,,
650.939,94953.0,544.452,8.25482,,,,,
650.958,94935.0,546.032,9.8349,,,,,
650.98,94912.0,548.051,11.8536,,,,,
650.998,94938.0,545.771,9.5733,,,,,
651.018,94918.0,547.525,11.3278,,,,,
651.038,94914.0,547.877,11.6793,,,,,
651.058,94898.0,549.28,13.0823,,,,,
651.078,94892.0,549.806,13.6081,,,,,
651.099,94843.0,554.11,17.9124,,,,,
651.118,94854.0,553.143,16.9453,,,,,
651.138,94870.0,551.737,15.5396,,,,,
651.158,94875.0,551.299,15.101,,,,,
651.178,94843.0,554.11,17.9124,,,,,
651.198,94832.0,555.074,18.8768,,,,,
651.218,94796.0,558.237,22.0397,,,,,
651.238,94781.0,559.556,23.3582,,,,,
651.258,94775.0,560.082,23.884,,,,,
651.279,94763.0,561.136,24.9383,,,,,
651.297,94761.0,561.313,25.1153,,,,,
651.317,94744.0,562.806,26.6082,,,,,
651.337,94728.0,564.214,28.0165,,,,,
651.357,94716.0,565.268,29.0708,,,,,
651.377,94701.0,566.587,30.3893,,,,,
651.397,94695.0,567.115,30.9178,,,,,
651.417,94657.0,570.455,34.2576,,,,,
651.437,94640.0,571.951,35.7532,,,,,
651.457,94632.0,572.656,36.4587,,,,,
651.478,94627.0,573.095,36.8973,,,,,
651.497,94618.0,573.888,37.6899,,,,,
651.517,94593.0,576.086,39.8884,,,,,
651.537,94577.0,577.494,41.2967,,,,,
651.557,94565.0,578.551,42.3536,,,,,
651.576,94540.0,580.752,44.5546,,,,,
651.596,94504.0,583.923,47.7254,,,,,
651.616,94483.0,585.773,49.575,,,,,
651.636,94464.0,587.445,51.2476,,,,,
651.657,94443.0,589.297,53.0999,,,,,
651.676,94428.0,590.619,54.421,,,,,
651.696,94405.0,592.645,56.4476,,,,,
651.717,94385.0,594.41,58.2126,,,,,
651.736,94364.0,596.26,60.0623,,,,,
651.756,94347.0,597.761,61.5631,,,,,
651.779,94296.0,602.258,66.0602,,,,,
651.797,94278.0,603.846,67.6483,,,,,
651.817,94253.0,606.052,69.8546,,,,,
651.836,94228.0,608.258,72.0609,,,,,
651.856,94208.0,610.026,73.8286,,,,,
651.878,94183.0,612.232,76.0349,,,,,
651.897,94147.0,615.414,79.2162,,,,,
651.916,94128.0,617.092,80.8941,,,,,
651.935,94107.0,618.947,82.749,,,,,
651.957,94048.0,624.162,87.9649,,,,,
651.979,94018.0,626.815,90.6177,,,,,
651.995,94002.0,628.232,92.034,,,,,
652.016,93964.0,631.593,95.395,,,,,
652.035,93938.0,633.894,97.6965,,,,,
652.057,93908.0,636.549,100.352,,,,,
652.076,93874.0,639.559,103.362,,,,,
652.095,93850.0,641.686,105.489,,,,,
652.117,93813.0,644.963,108.765,,,,,
652.135,93785.0,647.444,111.246,,,,,
652.155,93759.0,649.748,113.55,,,,,
652.177,93710.0,654.092,117.894,,,,,
652.195,93682.0,656.575,120.378,,,,,
652.214,93658.0,658.705,122.508,,,,,
652.235,93634.0,660.835,124.637,,,,,
652.254,93596.0,664.206,128.009,,,,,
652.275,93572.0,666.336,130.138,,,,,
652.294,93546.0,668.645,132.448,,,,,
652.316,93516.0,671.309,135.111,,,,,
652.334,93492.0,673.441,137.244,,,,,
652.354,93462.0,676.107,139.91,,,,,
652.377,93388.0,682.687,146.489,,,,,
652.394,93360.0,685.176,148.978,,,,,
652.414,93327.0,688.111,151.914,,,,,
652.434,93289.0,691.493,155.296,,,,,
652.456,93255.0,694.519,158.321,,,,,
652.473,93220.0,697.637,161.439,,,,,
652.495,93175.0,701.645,165.448,,,,,
652.514,93138.0,704.943,168.745,,,,,
652.533,93103.0,708.061,171.863,,,,,
652.553,93062.0,711.717,175.52,,,,,
652.576,92963.0,720.548,184.35,,,,,
652.595,92929.0,723.584,187.386,,,,,
652.615,92891.0,726.977,190.779,,,,,
652.633,92855.0,730.192,193.995,,,,,
652.654,92810.0,734.214,198.016,,,,,
652.676,92781.0,736.806,200.608,,,,,
652.695,92735.0,740.92,204.723,,,,,
652.716,92698.0,744.228,208.031,,,,,
652.734,92660.0,747.629,211.431,,,,,
652.752,92619.0,751.299,215.101,,,,,
652.775,92539.0,758.462,222.265,,,,,
652.793,92496.0,762.315,226.117,,,,,
652.815,92461.0,765.454,229.256,,,,,
652.833,92427.0,768.5,232.303,,,,,
652.856,92391.0,771.729,235.532,,,,,
652.873,92343.0,776.036,239.839,,,,,
652.892,92305.0,779.447,243.25,,,,,
652.912,92258.0,783.667,247.47,,,,,
652.931,92221.0,786.991,250.794,,,,,
652.951,92176.0,791.034,254.836,,,,,
652.971,92068.0,800.744,264.547,,,,,
652.991,92026.0,804.523,268.325,,,,,
653.011,91981.0,808.573,272.376,,,,,
653.031,91957.0,810.735,274.537,,,,,
653.052,91865.0,819.021,282.823,,,,,
653.071,91821.0,822.987,286.789,,,,,
653.091,91780.0,826.686,290.489,,,,,
653.112,91743.0,830.021,293.823,,,,,
653.131,91692.0,834.624,298.426,,,,,
653.153,91642.0,839.139,302.942,,,,,
653.172,91543.0,848.081,311.883,,,,,
653.192,91503.0,851.696,315.498,,,,,
653.211,91454.0,856.127,319.929,,,,,
653.232,91446.0,856.851,320.653,,,,,
653.252,91349.0,865.628,329.431,,,,,
653.272,91316.0,868.617,332.419,,,,,
653.292,91302.0,869.885,333.688,,,,,
653.312,91236.0,875.865,339.667,,,,,
653.33,91180.0,880.94,344.743,,,,,
653.35,91109.0,887.38,351.182,,,,,
653.37,91009.0,896.456,360.258,,,,,
653.39,90979.0,899.18,362.983,,,,,
653.41,90946.0,902.177,365.979,,,,,
653.43,90853.0,910.629,374.432,,,,,
653.452,90827.0,912.994,376.797,,,,,
653.472,90755.0,919.544,383.347,,,,,
653.491,90713.0,923.368,387.17,,,,,
653.511,90663.0,927.92,391.723,,,,,
653.531,90533.0,939.768,403.571,,,,,
653.549,90510.0,941.866,405.669,,,,,
653.569,90428.0,949.349,413.152,,,,,
653.59,90375.0,954.188,417.99,,,,,
653.611,90328.0,958.481,422.284,,,,,
653.629,90286.0,962.318,426.12,,,,,
653.65,90238.0,966.704,430.506,,,,,
653.67,90189.0,971.185,434.988,,,,,
653.691,90142.0,975.487,439.289,,,,,
653.709,90084.0,980.795,444.598,,,,,
653.729,89960.0,992.155,455.957,,,,,
653.749,89904.0,997.289,461.091,,,,,
653.771,89834.0,1003.71,467.512,,,,,
653.79,89765.0,1010.04,473.845,,,,,
653.811,89747.0,1011.7,475.499,,,,,
653.829,89655.0,1020.15,483.952,,,,,
653.85,89651.0,1020.52,484.319,,,,,
653.87,89552.0,1029.62,493.422,,,,,
653.888,89545.0,1030.26,494.067,,,,,
653.911,89374.0,1046.01,509.812,,,,,
653.929,89322.0,1050.8,514.603,,,,,
653.95,89263.0,1056.24,520.046,,,,,
653.97,89218.0,1060.39,524.197,,,,,
653.988,89141.0,1067.5,531.305,,,,,
654.008,89114.0,1069.99,533.796,,,,,
654.027,89039.0,1076.92,540.727,,,,,
654.048,88961.0,1084.14,547.938,,,,,
654.067,88918.0,1088.11,551.917,,,,,
654.087,88835.0,1095.8,559.598,,,,,
654.108,88759.0,1102.84,566.64,,,,,
654.127,88676.0,1110.53,574.334,,,,,
654.149,88633.0,1114.52,578.322,,,,,
654.167,88590.0,1118.51,582.311,,,,,
654.187,88457.0,1130.86,594.662,,,,,
654.208,88370.0,1138.95,602.75,,,,,
654.229,88338.0,1141.92,605.725,,,,,
654.248,88262.0,1149.0,612.798,,,,,
654.267,88201.0,1154.67,618.477,,,,,
654.286,88130.0,1161.29,625.093,,,,,
654.307,88072.0,1166.7,630.499,,,,,
654.327,87996.0,1173.79,637.588,,,,,
654.346,87946.0,1178.45,642.255,,,,,
654.368,87824.0,1189.85,653.651,,,,,
654.388,87748.0,1196.95,660.756,,,,,
654.407,87698.0,1201.63,665.433,,,,,
654.426,87636.0,1207.43,671.235,,,,,
654.446,87564.0,1214.18,677.978,,,,,
654.467,87511.0,1219.14,682.946,,,,,
654.486,87448.0,1225.05,688.851,,,,,
654.505,87377.0,1231.71,695.513,,,,,
654.527,87296.0,1239.31,703.117,,,,,
654.545,87232.0,1245.33,709.131,,,,,
654.568,87119.0,1255.95,719.756,,,,,
654.588,87046.0,1262.82,726.626,,,,,
654.606,86975.0,1269.51,733.311,,,,,
654.625,86939.0,1272.9,736.701,,,,,
654.645,86873.0,1279.12,742.923,,,,,
654.668,86795.0,1286.48,750.279,,,,,
654.69,86683.0,1297.05,760.854,,,,,
654.705,86683.0,1297.05,760.854,,,,,
654.728,86552.0,1309.43,773.236,,,,,
654.745,86500.0,1314.35,778.153,,,,,
654.766,86416.0,1322.3,786.104,,,,,
654.784,86384.0,1325.33,789.134,,,,,
654.805,86335.0,1329.97,793.777,,,,,
654.824,86267.0,1336.42,800.224,,,,,
654.844,86234.0,1339.55,803.352,,,,,
654.866,86149.0,1347.62,811.419,,,,,
654.888,86116.0,1350.75,814.55,,,,,
654.904,86032.0,1358.73,822.53,,,,,
654.926,85933.0,1368.14,831.945,,,,,
654.945,85843.0,1376.71,840.508,,,,,
654.965,85797.0,1381.09,844.889,,,,,
654.985,85745.0,1386.04,849.844,,,,,
655.006,85643.0,1395.76,859.567,,,,,
655.025,85638.0,1396.24,860.046,,,,,
655.044,85600.0,1399.87,863.671,,,,,
655.063,85527.0,1406.84,870.638,,,,,
655.086,85459.0,1413.33,877.133,,,,,
655.104,85409.0,1418.11,881.91,,,,,
655.124,85366.0,1422.22,886.022,,,,,
655.145,85265.0,1431.89,895.687,,,,,
655.163,85221.0,1436.1,899.899,,,,,
655.184,85164.0,1441.56,905.358,,,,,
655.203,85124.0,1445.39,909.192,,,,,
655.225,85069.0,1450.66,914.466,,,,,
655.244,85023.0,1455.08,918.879,,,,,
655.264,84961.0,1461.03,924.829,,,,,
655.284,84924.0,1464.58,928.383,,,,,
655.302,84875.0,1469.29,933.089,,,,,
655.322,84839.0,1472.75,936.548,,,,,
655.344,84750.0,1481.3,945.106,,,,,
655.362,84717.0,1484.48,948.28,,,,,
655.382,84675.0,1488.52,952.322,,,,,
655.403,84625.0,1493.33,957.137,,,,,
655.424,84578.0,1497.86,961.665,,,,,
655.443,84543.0,1501.23,965.037,,,,,
655.462,84497.0,1505.67,969.473,,,,,
655.482,84450.0,1510.2,974.005,,,,,
655.503,84420.0,1513.1,976.901,,,,,
655.524,84373.0,1517.64,981.438,,,,,
655.545,84302.0,1524.49,988.294,,,,,
655.565,84265.0,1528.07,991.87,,,,,
655.585,84234.0,1531.06,994.866,,,,,
655.603,84195.0,1534.83,998.636,,,,,
655.621,84150.0,1539.19,1002.99,,,,,
655.643,84119.0,1542.19,1005.99,,,,,
655.663,84082.0,1545.77,1009.57,,,,,
655.684,84048.0,1549.06,1012.86,,,,,
655.701,84011.0,1552.65,1016.45,,,,,
655.721,83984.0,1555.26,1019.06,,,,,
655.741,83943.0,1559.24,1023.04,,,,,
655.762,83882.0,1565.15,1028.95,,,,,
655.783,83840.0,1569.22,1033.03,,,,,
655.802,83815.0,1571.65,1035.45,,,,,
655.82,83758.0,1577.18,1040.99,,,,,
655.843,83737.0,1579.22,1043.03,,,,,
655.862,83699.0,1582.92,1046.72,,,,,
655.881,83672.0,1585.54,1049.34,,,,,
655.9,83645.0,1588.17,1051.97,,,,,
655.921,83606.0,1591.96,1055.76,,,,,
655.941,83570.0,1595.46,1059.26,,,,,
655.962,83506.0,1601.69,1065.49,,,,,
655.98,83476.0,1604.61,1068.41,,,,,
656.002,83447.0,1607.43,1071.24,,,,,
656.023,83408.0,1611.23,1075.04,,,,,
656.04,83377.0,1614.26,1078.06,,,,,
656.06,83338.0,1618.06,1081.86,,,,,
656.082,83311.0,1620.69,1084.49,,,,,
656.1,83276.0,1624.1,1087.91,,,,,
656.123,83246.0,1627.03,1090.83,,,,,
656.14,83213.0,1630.26,1094.06,,,,,
656.16,83143.0,1637.09,1100.89,,,,,
656.179,83101.0,1641.19,1105.0,,,,,
656.2,83071.0,1644.13,1107.93,,,,,
656.219,83039.0,1647.26,1111.06,,,,,
656.239,82987.0,1652.34,1116.14,,,,,
656.262,82940.0,1656.94,1120.74,,,,,
656.28,82907.0,1660.17,1123.98,,,,,
656.3,82869.0,1663.9,1127.7,,,,,
656.318,82836.0,1667.13,1130.93,,,,,
656.338,82803.0,1670.36,1134.17,,,,,
656.36,82734.0,1677.13,1140.93,,,,,
656.378,82696.0,1680.86,1144.66,,,,,
656.399,82669.0,1683.51,1147.31,,,,,
656.418,82642.0,1686.16,1149.96,,,,,
656.44,82601.0,1690.18,1153.98,,,,,
656.459,82575.0,1692.74,1156.54,,,,,
656.479,82552.0,1695.0,1158.8,,,,,
656.5,82514.0,1698.73,1162.54,,,,,
656.52,82467.0,1703.35,1167.15,,,,,
656.539,82433.0,1706.7,1170.5,,,,,
656.558,82392.0,1710.73,1174.53,,,,,
656.578,82323.0,1717.52,1181.33,,,,,
656.597,82291.0,1720.68,1184.48,,,,,
656.618,82270.0,1722.75,1186.55,,,,,
656.637,82224.0,1727.28,1191.08,,,,,
656.659,82187.0,1730.93,1194.73,,,,,
656.678,82158.0,1733.79,1197.59,,,,,
656.698,82133.0,1736.26,1200.06,,,,,
656.717,82101.0,1739.41,1203.22,,,,,
656.739,82067.0,1742.77,1206.57,,,,,
656.757,82041.0,1745.34,1209.14,,,,,
656.778,81987.0,1750.67,1214.47,,,,,
656.797,81958.0,1753.54,1217.34,,,,,
656.82,81928.0,1756.5,1220.3,,,,,
656.837,81908.0,1758.48,1222.28,,,,,
656.86,81874.0,1761.84,1225.65,,,,,
656.877,81831.0,1766.1,1229.9,,,,,
656.898,81790.0,1770.16,1233.96,,,,,
656.917,81750.0,1774.12,1237.92,,,,,
656.937,81725.0,1776.59,1240.4,,,,,
656.957,81684.0,1780.66,1244.46,,,,,
656.977,81658.0,1783.23,1247.04,,,,,
656.997,81605.0,1788.49,1252.29,,,,,
657.016,81580.0,1790.97,1254.77,,,,,
657.037,81551.0,1793.85,1257.65,,,,,
657.059,81533.0,1795.63,1259.44,,,,,
657.077,81498.0,1799.11,1262.91,,,,,
657.097,81470.0,1801.89,1265.69,,,,,
657.117,81441.0,1804.77,1268.57,,,,,
657.136,81420.0,1806.86,1270.66,,,,,
657.159,81347.0,1814.11,1277.91,,,,,
657.175,81347.0,1814.11,1277.91,,,,,
657.195,81290.0,1819.78,1283.58,,,,,
657.216,81261.0,1822.67,1286.47,,,,,
657.235,81230.0,1825.75,1289.56,,,,,
657.258,81209.0,1827.84,1291.65,,,,,
657.276,81186.0,1830.13,1293.94,,,,,
657.295,81161.0,1832.63,1296.43,,,,,
657.316,81122.0,1836.51,1300.31,,,,,
657.337,81094.0,1839.3,1303.11,,,,,
657.355,81075.0,1841.2,1305.0,,,,,
657.377,81024.0,1846.28,1310.09,,,,,
657.396,80997.0,1848.98,1312.78,,,,,
657.417,80968.0,1851.87,1315.67,,,,,
657.435,80946.0,1854.07,1317.87,,,,,
657.455,80922.0,1856.46,1320.27,,,,,
657.474,80890.0,1859.66,1323.46,,,,,
657.494,80864.0,1862.26,1326.06,,,,,
657.516,80832.0,1865.46,1329.26,,,,,
657.536,80801.0,1868.56,1332.36,,,,,
657.554,80770.0,1871.66,1335.46,,,,,
657.575,80710.0,1877.66,1341.46,,,,,
657.594,80675.0,1881.16,1344.96,,,,,
657.616,80648.0,1883.87,1347.67,,,,,
657.636,80618.0,1886.87,1350.67,,,,,
657.658,80590.0,1889.68,1353.48,,,,,
657.675,80564.0,1892.28,1356.08,,,,,
657.694,80547.0,1893.98,1357.78,,,,,
657.714,80525.0,1896.19,1359.99,,,,,
657.735,80507.0,1897.99,1361.8,,,,,
657.754,80457.0,1903.01,1366.81,,,,,
657.775,80419.0,1906.82,1370.63,,,,,
657.794,80404.0,1908.33,1372.13,,,,,
657.814,80370.0,1911.74,1375.54,,,,,
657.834,80340.0,1914.75,1378.56,,,,,
657.857,80309.0,1917.87,1381.67,,,,,
657.874,80281.0,1920.68,1384.49,,,,,
657.893,80253.0,1923.5,1387.3,,,,,
657.913,80218.0,1927.02,1390.82,,,,,
657.934,80198.0,1929.03,1392.83,,,,,
657.953,80169.0,1931.95,1395.75,,,,,
657.973,80111.0,1937.78,1401.59,,,,,
657.995,80081.0,1940.81,1404.61,,,,,
658.015,80055.0,1943.43,1407.23,,,,,
658.035,80023.0,1946.65,1410.45,,,,,
658.052,79997.0,1949.27,1413.07,,,,,
658.073,79966.0,1952.39,1416.2,,,,,
658.092,79944.0,1954.61,1418.41,,,,,
658.114,79914.0,1957.64,1421.44,,,,,
658.134,79866.0,1962.48,1426.28,,,,,
658.156,79844.0,1964.7,1428.51,,,,,
658.172,79817.0,1967.43,1431.23,,,,,
658.195,79798.0,1969.35,1433.15,,,,,
658.212,79767.0,1972.48,1436.28,,,,,
658.233,79741.0,1975.11,1438.91,,,,,
658.256,79715.0,1977.74,1441.54,,,,,
658.272,79682.0,1981.07,1444.87,,,,,
658.294,79653.0,1984.01,1447.81,,,,,
658.311,79623.0,1987.04,1450.84,,,,,
658.331,79601.0,1989.27,1453.07,,,,,
658.352,79533.0,1996.15,1459.95,,,,,
658.373,79504.0,1999.09,1462.89,,,,,
658.391,79473.0,2002.23,1466.03,,,,,
658.411,79447.0,2004.86,1468.67,,,,,
658.431,79424.0,2007.19,1471.0,,,,,
658.452,79394.0,2010.24,1474.04,,,,,
658.473,79374.0,2012.26,1476.07,,,,,
658.493,79351.0,2014.6,1478.4,,,,,
658.512,79329.0,2016.83,1480.63,,,,,
658.531,79306.0,2019.16,1482.97,,,,,
658.556,79252.0,2024.65,1488.45,,,,,
658.571,79230.0,2026.88,1490.68,,,,,
658.591,79201.0,2029.83,1493.63,,,,,
658.611,79162.0,2033.79,1497.6,,,,,
658.633,79134.0,2036.64,1500.44,,,,,
658.652,79094.0,2040.71,1504.51,,,,,
658.672,79059.0,2044.27,1508.07,,,,,
658.69,79036.0,2046.61,1510.41,,,,,
658.711,79008.0,2049.46,1513.26,,,,,
658.732,78960.0,2054.35,1518.15,,,,,
658.754,78940.0,2056.39,1520.19,,,,,
658.771,78911.0,2059.34,1523.14,,,,,
658.792,78903.0,2060.16,1523.96,,,,,
658.81,78865.0,2064.03,1527.83,,,,,
658.83,78848.0,2065.77,1529.57,,,,,
658.852,78821.0,2068.52,1532.32,,,,,
658.872,78793.0,2071.38,1535.18,,,,,
658.889,78767.0,2074.03,1537.83,,,,,
658.91,78744.0,2076.38,1540.18,,,,,
658.931,78682.0,2082.71,1546.51,,,,,
658.95,78658.0,2085.16,1548.96,,,,,
658.969,78650.0,2085.98,1549.78,,,,,
658.99,78613.0,2089.76,1553.56,,,,,
659.009,78581.0,2093.03,1556.84,,,,,
659.029,78541.0,2097.12,1560.93,,,,,
659.052,78522.0,2099.07,1562.87,,,,,
659.071,78487.0,2102.65,1566.45,,,,,
659.089,78457.0,2105.72,1569.53,,,,,
659.109,78430.0,2108.49,1572.29,,,,,
659.13,78377.0,2113.92,1577.72,,,,,
659.151,78350.0,2116.69,1580.49,,,,,
659.169,78328.0,2118.94,1582.74,,,,,
659.189,78299.0,2121.91,1585.72,,,,,
659.208,78279.0,2123.96,1587.77,,,,,
659.228,78260.0,2125.92,1589.72,,,,,
659.249,78231.0,2128.89,1592.69,,,,,
659.27,78208.0,2131.25,1595.05,,,,,
659.29,78196.0,2132.48,1596.29,,,,,
659.308,78169.0,2135.26,1599.06,,,,,
659.328,78142.0,2138.03,1601.83,,,,,
659.351,78098.0,2142.55,1606.35,,,,,
659.367,78085.0,2143.89,1607.69,,,,,
659.387,78051.0,2147.38,1611.19,,,,,
659.409,78022.0,2150.36,1614.17,,,,,
659.429,77994.0,2153.25,1617.05,,,,,
659.447,77971.0,2155.61,1619.41,,,,,
659.468,77940.0,2158.8,1622.61,,,,,
659.487,77908.0,2162.1,1625.9,,,,,
659.509,77881.0,2164.88,1628.68,,,,,
659.527,77847.0,2168.38,1632.18,,,,,
659.547,77810.0,2172.19,1636.0,,,,,
659.569,77798.0,2173.43,1637.23,,,,,
659.587,77772.0,2176.11,1639.92,,,,,
659.608,77751.0,2178.28,1642.08,,,,,
659.629,77732.0,2180.24,1644.04,,,,,
659.651,77715.0,2181.99,1645.79,,,,,
659.667,77693.0,2184.26,1648.07,,,,,
659.689,77680.0,2185.61,1649.41,,,,,
659.706,77658.0,2187.88,1651.68,,,,,
659.727,77596.0,2194.28,1658.08,,,,,
659.749,77568.0,2197.17,1660.97,,,,,
659.766,77527.0,2201.41,1665.21,,,,,
659.787,77511.0,2203.06,1666.87,,,,,
659.808,77491.0,2205.13,1668.94,,,,,
659.826,77468.0,2207.51,1671.32,,,,,
659.851,77443.0,2210.1,1673.9,,,,,
659.867,77427.0,2211.76,1675.56,,,,,
659.887,77409.0,2213.62,1677.42,,,,,
659.907,77389.0,2215.69,1679.49,,,,,
659.927,77346.0,2220.14,1683.95,,,,,
659.95,77332.0,2221.59,1685.39,,,,,
659.966,77299.0,2225.01,1688.82,,,,,
659.987,77279.0,2227.09,1690.89,,,,,
660.006,77261.0,2228.95,1692.75,,,,,
660.027,77240.0,2231.13,1694.93,,,,,
660.048,77214.0,2233.83,1697.63,,,,,
660.067,77187.0,2236.63,1700.43,,,,,
660.087,77165.0,2238.91,1702.71,,,,,
660.107,77145.0,2240.99,1704.79,,,,,
660.125,77108.0,2244.83,1708.63,,,,,
660.147,77078.0,2247.94,1711.75,,,,,
660.167,77054.0,2250.44,1714.24,,,,,
660.184,77041.0,2251.79,1715.59,,,,,
660.206,77029.0,2253.04,1716.84,,,,,
660.224,76997.0,2256.36,1720.16,,,,,
660.245,76969.0,2259.27,1723.07,,,,,
660.264,76953.0,2260.94,1724.74,,,,,
660.285,76929.0,2263.43,1727.24,,,,,
660.305,76909.0,2265.52,1729.32,,,,,
660.326,76869.0,2269.68,1733.48,,,,,
660.344,76841.0,2272.59,1736.4,,,,,
660.365,76813.0,2275.51,1739.31,,,,,
660.386,76810.0,2275.82,1739.63,,,,,
660.404,76781.0,2278.84,1742.65,,,,,
660.426,76762.0,2280.82,1744.62,,,,,
660.449,76726.0,2284.58,1748.38,,,,,
660.466,76700.0,2287.29,1751.09,,,,,
660.484,76685.0,2288.85,1752.65,,,,,
660.505,76634.0,2294.17,1757.98,,,,,
660.524,76620.0,2295.63,1759.44,,,,,
660.546,76588.0,2298.97,1762.78,,,,,
660.564,76573.0,2300.54,1764.34,,,,,
660.584,76551.0,2302.84,1766.64,,,,,
660.606,76528.0,2305.24,1769.04,,,,,
660.624,76505.0,2307.65,1771.45,,,,,
660.645,76486.0,2309.63,1773.43,,,,,
660.663,76462.0,2312.14,1775.94,,,,,
660.683,76448.0,2313.6,1777.41,,,,,
660.704,76397.0,2318.94,1782.74,,,,,
660.725,76376.0,2321.14,1784.94,,,,,
660.745,76357.0,2323.13,1786.93,,,,,
660.764,76338.0,2325.11,1788.92,,,,,
660.782,76325.0,2326.48,1790.28,,,,,
660.804,76302.0,2328.88,1792.69,,,,,
660.822,76284.0,2330.77,1794.57,,,,,
660.846,76235.0,2335.9,1799.71,,,,,
660.864,76216.0,2337.9,1801.7,,,,,
660.883,76195.0,2340.1,1803.9,,,,,
660.904,76174.0,2342.3,1806.1,,,,,
660.922,76156.0,2344.19,1807.99,,,,,
660.945,76133.0,2346.6,1810.4,,,,,
660.962,76108.0,2349.22,1813.03,,,,,
660.985,76090.0,2351.11,1814.91,,,,,
661.003,76068.0,2353.42,1817.22,,,,,
661.021,76046.0,2355.73,1819.53,,,,,
661.041,76036.0,2356.78,1820.59,,,,,
661.061,76005.0,2360.04,1823.84,,,,,
661.082,75968.0,2363.93,1827.73,,,,,
661.103,75942.0,2366.66,1830.46,,,,,
661.122,75921.0,2368.87,1832.67,,,,,
661.143,75896.0,2371.5,1835.3,,,,,
661.163,75881.0,2373.07,1836.88,,,,,
661.182,75854.0,2375.92,1839.72,,,,,
661.201,75829.0,2378.55,1842.35,,,,,
661.221,75803.0,2381.28,1845.09,,,,,
661.242,75785.0,2383.18,1846.98,,,,,
661.263,75764.0,2385.39,1849.19,,,,,
661.28,75739.0,2388.03,1851.83,,,,,
661.302,75700.0,2392.13,1855.94,,,,,
661.321,75677.0,2394.56,1858.36,,,,,
661.341,75656.0,2396.77,1860.58,,,,,
661.36,75622.0,2400.36,1864.16,,,,,
661.382,75610.0,2401.62,1865.43,,,,,
661.4,75596.0,2403.1,1866.91,,,,,
661.42,75584.0,2404.37,1868.17,,,,,
661.443,75567.0,2406.16,1869.97,,,,,
661.462,75544.0,2408.59,1872.4,,,,,
661.482,75521.0,2411.02,1874.82,,,,,
661.502,75494.0,2413.87,1877.67,,,,,
661.52,75470.0,2416.41,1880.21,,,,,
661.541,75447.0,2418.84,1882.64,,,,,
661.56,75422.0,2421.48,1885.28,,,,,
661.58,75403.0,2423.49,1887.29,,,,,
661.599,75380.0,2425.92,1889.73,,,,,
661.619,75370.0,2426.98,1890.78,,,,,
661.641,75346.0,2429.52,1893.32,,,,,
661.659,75318.0,2432.48,1896.28,,,,,
661.68,75295.0,2434.92,1898.72,,,,,
661.701,75253.0,2439.36,1903.17,,,,,
661.721,75242.0,2440.53,1904.33,,,,,
661.741,75224.0,2442.44,1906.24,,,,,
661.759,75204.0,2444.55,1908.36,,,,,
661.784,75179.0,2447.2,1911.01,,,,,
661.799,75169.0,2448.27,1912.07,,,,,
661.821,75153.0,2449.96,1913.77,,,,,
661.838,75130.0,2452.4,1916.2,,,,,
661.86,75140.0,2451.34,1915.14,,,,,
661.881,75083.0,2457.39,1921.19,,,,,
661.899,75057.0,2460.15,1923.95,,,,,
661.92,75045.0,2461.42,1925.22,,,,,
661.941,75019.0,2464.18,1927.98,,,,,
661.96,75002.0,2465.99,1929.79,,,,,
661.98,74975.0,2468.85,1932.66,,,,,
661.999,74958.0,2470.66,1934.46,,,,,
662.017,74927.0,2473.95,1937.75,,,,,
662.038,74903.0,2476.5,1940.31,,,,,
662.057,74878.0,2479.16,1942.97,,,,,
662.079,74836.0,2483.63,1947.43,,,,,
662.097,74825.0,2484.8,1948.6,,,,,
662.117,74802.0,2487.25,1951.05,,,,,
662.139,74779.0,2489.7,1953.5,,,,,
662.157,74759.0,2491.82,1955.63,,,,,
662.179,74748.0,2493.0,1956.8,,,,,
662.198,74721.0,2495.87,1959.68,,,,,
662.218,74703.0,2497.79,1961.59,,,,,
662.239,74680.0,2500.24,1964.04,,,,,
662.257,74670.0,2501.31,1965.11,,,,,
662.276,74661.0,2502.26,1966.07,,,,,
662.296,74623.0,2506.32,1970.12,,,,,
662.318,74607.0,2508.02,1971.83,,,,,
662.339,74588.0,2510.05,1973.85,,,,,
662.358,74575.0,2511.44,1975.24,,,,,
662.377,74561.0,2512.93,1976.73,,,,,
662.398,74540.0,2515.17,1978.97,,,,,
662.416,74521.0,2517.2,1981.0,,,,,
662.438,74498.0,2519.66,1983.46,,,,,
662.457,74486.0,2520.94,1984.74,,,,,
662.482,74447.0,2525.1,1988.91,,,,,
662.498,74414.0,2528.63,1992.43,,,,,
662.517,74399.0,2530.23,1994.04,,,,,
662.537,74380.0,2532.27,1996.07,,,,,
662.556,74359.0,2534.51,1998.31,,,,,
662.575,74339.0,2536.65,2000.45,,,,,
662.597,74317.0,2539.0,2002.81,,,,,
662.617,74304.0,2540.39,2004.2,,,,,
662.636,74283.0,2542.64,2006.44,,,,,
662.655,74266.0,2544.46,2008.26,,,,,
662.677,74239.0,2547.35,2011.15,,,,,
662.696,74215.0,2549.92,2013.72,,,,,
662.717,74201.0,2551.42,2015.22,,,,,
662.735,74184.0,2553.24,2017.04,,,,,
662.756,74169.0,2554.85,2018.65,,,,,
662.774,74152.0,2556.67,2020.47,,,,,
662.795,74140.0,2557.96,2021.76,,,,,
662.815,74122.0,2559.89,2023.69,,,,,
662.834,74111.0,2561.07,2024.87,,,,,
662.854,74094.0,2562.89,2026.69,,,,,
662.874,74068.0,2565.68,2029.48,,,,,
662.896,74041.0,2568.58,2032.38,,,,,
662.914,74024.0,2570.4,2034.2,,,,,
662.936,74009.0,2572.01,2035.81,,,,,
662.954,73994.0,2573.62,2037.43,,,,,
662.976,73978.0,2575.34,2039.14,,,,,
662.995,73958.0,2577.49,2041.29,,,,,
663.013,73945.0,2578.88,2042.69,,,,,
663.033,73929.0,2580.6,2044.41,,,,,
663.054,73910.0,2582.65,2046.45,,,,,
663.075,73875.0,2586.41,2050.21,,,,,
663.094,73855.0,2588.56,2052.36,,,,,
663.114,73842.0,2589.96,2053.76,,,,,
663.133,73830.0,2591.25,2055.05,,,,,
663.155,73807.0,2593.72,2057.52,,,,,
663.173,73791.0,2595.44,2059.24,,,,,
663.195,73778.0,2596.84,2060.64,,,,,
663.213,73756.0,2599.21,2063.01,,,,,
663.235,73750.0,2599.86,2063.66,,,,,
663.253,73728.0,2602.23,2066.03,,,,,
663.275,73722.0,2602.87,2066.67,,,,,
663.293,73704.0,2604.81,2068.61,,,,,
663.315,73674.0,2608.04,2071.84,,,,,
663.333,73660.0,2609.55,2073.35,,,,,
663.353,73641.0,2611.6,2075.4,,,,,
663.372,73627.0,2613.11,2076.91,,,,,
663.394,73618.0,2614.08,2077.88,,,,,
663.413,73598.0,2616.23,2080.03,,,,,
663.433,73582.0,2617.96,2081.76,,,,,
663.455,73569.0,2619.36,2083.16,,,,,
663.472,73557.0,2620.66,2084.46,,,,,
663.494,73535.0,2623.03,2086.83,,,,,
663.513,73514.0,2625.3,2089.1,,,,,
663.535,73499.0,2626.91,2090.72,,,,,
663.553,73483.0,2628.64,2092.45,,,,,
663.572,73474.0,2629.62,2093.42,,,,,
663.593,73457.0,2631.45,2095.25,,,,,
663.612,73444.0,2632.85,2096.66,,,,,
663.633,73425.0,2634.91,2098.71,,,,,
663.653,73414.0,2636.09,2099.9,,,,,
663.675,73382.0,2639.55,2103.36,,,,,
663.694,73373.0,2640.53,2104.33,,,,,
663.711,73355.0,2642.47,2106.28,,,,,
663.732,73330.0,2645.18,2108.98,,,,,
663.751,73325.0,2645.72,2109.52,,,,,
663.771,73304.0,2647.99,2111.79,,,,,
663.793,73295.0,2648.96,2112.76,,,,,
663.811,73280.0,2650.58,2114.39,,,,,
663.832,73266.0,2652.1,2115.9,,,,,
663.852,73252.0,2653.62,2117.42,,,,,
663.874,73216.0,2657.52,2121.32,,,,,
663.893,73196.0,2659.68,2123.48,,,,,
663.911,73192.0,2660.11,2123.92,,,,,
663.934,73175.0,2661.95,2125.76,,,,,
663.953,73159.0,2663.69,2127.49,,,,,
663.972,73141.0,2665.64,2129.44,,,,,
663.991,73127.0,2667.16,2130.96,,,,,
664.011,73110.0,2669.0,2132.8,,,,,
664.032,73113.0,2668.67,2132.48,,,,,
664.052,73089.0,2671.28,2135.08,,,,,
664.071,73066.0,2673.77,2137.57,,,,,
664.09,73050.0,2675.51,2139.31,,,,,
664.11,73039.0,2676.7,2140.5,,,,,
664.133,73024.0,2678.33,2142.13,,,,,
664.151,73004.0,2680.5,2144.3,,,,,
664.172,72988.0,2682.24,2146.04,,,,,
664.19,72976.0,2683.54,2147.34,,,,,
664.209,72965.0,2684.73,2148.54,,,,,
664.229,72954.0,2685.93,2149.73,,,,,
664.251,72941.0,2687.34,2151.14,,,,,
664.271,72910.0,2690.71,2154.51,,,,,
664.289,72891.0,2692.77,2156.58,,,,,
664.311,72879.0,2694.08,2157.88,,,,,
664.33,72861.0,2696.03,2159.84,,,,,
664.35,72850.0,2697.23,2161.03,,,,,
664.371,72835.0,2698.86,2162.66,,,,,
664.391,72816.0,2700.93,2164.73,,,,,
664.41,72805.0,2702.12,2165.93,,,,,
664.429,72792.0,2703.54,2167.34,,,,,
664.452,72761.0,2706.91,2170.72,,,,,
664.469,72752.0,2707.89,2171.69,,,,,
664.49,72742.0,2708.98,2172.78,,,,,
664.509,72728.0,2710.5,2174.31,,,,,
664.53,72705.0,2713.01,2176.81,,,,,
664.55,72693.0,2714.32,2178.12,,,,,
664.569,72685.0,2715.19,2178.99,,,,,
664.588,72671.0,2716.71,2180.52,,,,,
664.61,72656.0,2718.35,2182.15,,,,,
664.629,72642.0,2719.87,2183.68,,,,,
664.648,72628.0,2721.4,2185.2,,,,,
664.67,72604.0,2724.01,2187.82,,,,,
664.688,72592.0,2725.32,2189.13,,,,,
664.707,72573.0,2727.4,2191.2,,,,,
664.73,72555.0,2729.36,2193.16,,,,,
664.747,72553.0,2729.58,2193.38,,,,,
664.767,72534.0,2731.65,2195.45,,,,,
664.788,72520.0,2733.18,2196.98,,,,,
664.807,72505.0,2734.82,2198.62,,,,,
664.827,72503.0,2735.03,2198.83,,,,,
664.847,72481.0,2737.43,2201.24,,,,,
664.868,72459.0,2739.84,2203.64,,,,,
664.888,72440.0,2741.91,2205.72,,,,,
664.909,72429.0,2743.11,2206.92,,,,,
664.93,72419.0,2744.21,2208.01,,,,,
664.949,72407.0,2745.52,2209.32,,,,,
664.967,72399.0,2746.39,2210.19,,,,,
664.986,72372.0,2749.34,2213.15,,,,,
665.006,72371.0,2749.45,2213.26,,,,,
665.029,72342.0,2752.62,2216.42,,,,,
665.046,72330.0,2753.94,2217.74,,,,,
665.067,72318.0,2755.25,2219.05,,,,,
665.086,72304.0,2756.78,2220.58,,,,,
665.108,72295.0,2757.76,2221.57,,,,,
665.129,72278.0,2759.62,2223.43,,,,,
665.148,72269.0,2760.61,2224.41,,,,,
665.166,72252.0,2762.47,2226.27,,,,,
665.187,72243.0,2763.46,2227.26,,,,,
665.208,72228.0,2765.1,2228.9,,,,,
665.228,72204.0,2767.73,2231.53,,,,,
665.245,72189.0,2769.37,2233.17,,,,,
665.265,72177.0,2770.68,2234.48,,,,,
665.287,72167.0,2771.78,2235.58,,,,,
665.307,72151.0,2773.53,2237.33,,,,,
665.327,72134.0,2775.4,2239.2,,,,,
665.346,72121.0,2776.82,2240.62,,,,,
665.365,72110.0,2778.02,2241.83,,,,,
665.387,72081.0,2781.21,2245.01,,,,,
665.406,72089.0,2780.33,2244.13,,,,,
665.427,72064.0,2783.07,2246.87,,,,,
665.445,72052.0,2784.39,2248.19,,,,,
665.466,72043.0,2785.37,2249.18,,,,,
665.485,72033.0,2786.47,2250.27,,,,,
665.505,72015.0,2788.45,2252.25,,,,,
665.526,72004.0,2789.65,2253.46,,,,,
665.546,71995.0,2790.64,2254.44,,,,,
665.566,71982.0,2792.07,2255.87,,,,,
665.584,71975.0,2792.84,2256.64,,,,,
665.604,71960.0,2794.48,2258.29,,,,,
665.624,71948.0,2795.8,2259.6,,,,,
665.644,71922.0,2798.66,2262.46,,,,,
665.665,71906.0,2800.42,2264.22,,,,,
665.686,71904.0,2800.64,2264.44,,,,,
665.705,71890.0,2802.18,2265.98,,,,,
665.726,71880.0,2803.27,2267.08,,,,,
665.746,71864.0,2805.03,2268.84,,,,,
665.764,71851.0,2806.46,2270.26,,,,,
665.784,71837.0,2808.0,2271.8,,,,,
665.804,71825.0,2809.32,2273.13,,,,,
665.825,71805.0,2811.52,2275.32,,,,,
665.845,71798.0,2812.29,2276.1,,,,,
665.864,71780.0,2814.27,2278.07,,,,,
665.885,71770.0,2815.37,2279.18,,,,,
665.903,71752.0,2817.36,2281.16,,,,,
665.926,71751.0,2817.46,2281.27,,,,,
665.944,71736.0,2819.12,2282.92,,,,,
665.963,71725.0,2820.33,2284.13,,,,,
665.985,71717.0,2821.21,2285.01,,,,,
666.003,71702.0,2822.86,2286.66,,,,,
666.022,71678.0,2825.5,2289.31,,,,,
666.043,71671.0,2826.28,2290.08,,,,,
666.064,71648.0,2828.81,2292.61,,,,,
666.082,71640.0,2829.69,2293.49,,,,,
666.104,71634.0,2830.35,2294.16,,,,,
666.124,71626.0,2831.23,2295.04,,,,,
666.142,71611.0,2832.89,2296.69,,,,,
666.162,71596.0,2834.54,2298.34,,,,,
666.184,71583.0,2835.98,2299.78,,,,,
666.203,71572.0,2837.19,2300.99,,,,,
666.224,71557.0,2838.84,2302.65,,,,,
666.244,71548.0,2839.84,2303.64,,,,,
666.262,71535.0,2841.27,2305.07,,,,,
666.282,71525.0,2842.38,2306.18,,,,,
666.302,71522.0,2842.71,2306.51,,,,,
666.324,71505.0,2844.58,2308.38,,,,,
666.342,71496.0,2845.58,2309.38,,,,,
666.362,71476.0,2847.78,2311.59,,,,,
666.381,71474.0,2848.0,2311.81,,,,,
666.402,71452.0,2850.43,2314.24,,,,,
666.422,71440.0,2851.76,2315.56,,,,,
666.442,71427.0,2853.2,2317.0,,,,,
666.463,71401.0,2856.07,2319.87,,,,,
666.482,71404.0,2855.74,2319.54,,,,,
666.501,71394.0,2856.84,2320.64,,,,,
666.521,71382.0,2858.17,2321.97,,,,,
666.542,71370.0,2859.49,2323.3,,,,,
666.561,71359.0,2860.71,2324.52,,,,,
666.582,71353.0,2861.38,2325.18,,,,,
666.602,71334.0,2863.48,2327.28,,,,,
666.62,71323.0,2864.69,2328.49,,,,,
666.642,71299.0,2867.35,2331.15,,,,,
666.661,71292.0,2868.12,2331.92,,,,,
666.682,71284.0,2869.01,2332.81,,,,,
666.702,71269.0,2870.67,2334.47,,,,,
666.722,71262.0,2871.44,2335.25,,,,,
666.74,71251.0,2872.66,2336.46,,,,,
666.76,71241.0,2873.77,2337.57,,,,,
666.781,71230.0,2874.99,2338.79,,,,,
666.801,71206.0,2877.64,2341.45,,,,,
666.822,71198.0,2878.53,2342.33,,,,,
666.842,71187.0,2879.75,2343.55,,,,,
666.861,71183.0,2880.19,2343.99,,,,,
666.879,71162.0,2882.52,2346.32,,,,,
666.901,71161.0,2882.63,2346.43,,,,,
666.92,71152.0,2883.63,2347.43,,,,,
666.941,71140.0,2884.96,2348.76,,,,,
666.96,71128.0,2886.29,2350.09,,,,,
666.981,71110.0,2888.28,2352.08,,,,,
666.999,71097.0,2889.72,2353.53,,,,,
667.019,71091.0,2890.39,2354.19,,,,,
667.041,71080.0,2891.61,2355.41,,,,,
667.059,71072.0,2892.5,2356.3,,,,,
667.08,71061.0,2893.72,2357.52,,,,,
667.099,71056.0,2894.27,2358.08,,,,,
667.122,71041.0,2895.94,2359.74,,,,,
667.14,71030.0,2897.16,2360.96,,,,,
667.161,71016.0,2898.71,2362.51,,,,,
667.18,71002.0,2900.27,2364.07,,,,,
667.199,70999.0,2900.6,2364.4,,,,,
667.221,70985.0,2902.15,2365.95,,,,,
667.24,70975.0,2903.26,2367.07,,,,,
667.26,70973.0,2903.49,2367.29,,,,,
667.279,70952.0,2905.82,2369.62,,,,,
667.299,70944.0,2906.71,2370.51,,,,,
667.319,70934.0,2907.82,2371.62,,,,,
667.338,70931.0,2908.15,2371.95,,,,,
667.361,70908.0,2910.71,2374.51,,,,,
667.381,70899.0,2911.71,2375.51,,,,,
667.399,70879.0,2913.93,2377.73,,,,,
667.419,70880.0,2913.82,2377.62,,,,,
667.439,70872.0,2914.71,2378.51,,,,,
667.458,70857.0,2916.38,2380.18,,,,,
667.479,70855.0,2916.6,2380.4,,,,,
667.499,70843.0,2917.93,2381.74,,,,,
667.518,70835.0,2918.82,2382.62,,,,,
667.537,70825.0,2919.93,2383.74,,,,,
667.558,70810.0,2921.6,2385.41,,,,,
667.578,70798.0,2922.94,2386.74,,,,,
667.6,70786.0,2924.28,2388.08,,,,,
667.617,70781.0,2924.83,2388.63,,,,,
667.637,70774.0,2925.61,2389.41,,,,,
667.659,70765.0,2926.61,2390.41,,,,,
667.68,70759.0,2927.28,2391.08,,,,,
667.697,70751.0,2928.17,2391.97,,,,,
667.718,70741.0,2929.29,2393.09,,,,,
667.737,70731.0,2930.4,2394.2,,,,,
667.758,70717.0,2931.96,2395.76,,,,,
667.777,70709.0,2932.85,2396.65,,,,,
667.798,70702.0,2933.63,2397.43,,,,,
667.818,70694.0,2934.52,2398.32,,,,,
667.839,70685.0,2935.52,2399.32,,,,,
667.857,70674.0,2936.75,2400.55,,,,,
667.879,70673.0,2936.86,2400.66,,,,,
667.898,70665.0,2937.75,2401.55,,,,,
667.918,70652.0,2939.2,2403.0,,,,,
667.938,70644.0,2940.09,2403.9,,,,,
667.957,70640.0,2940.54,2404.34,,,,,
667.975,70629.0,2941.77,2405.57,,,,,
667.995,70613.0,2943.55,2407.35,,,,,
668.015,70604.0,2944.55,2408.35,,,,,
668.036,70594.0,2945.67,2409.47,,,,,
668.056,70588.0,2946.34,2410.14,,,,,
668.075,70584.0,2946.78,2410.59,,,,,
668.095,70575.0,2947.79,2411.59,,,,,
668.115,70572.0,2948.12,2411.92,,,,,
668.137,70556.0,2949.91,2413.71,,,,,
668.157,70552.0,2950.35,2414.16,,,,,
668.175,70541.0,2951.58,2415.38,,,,,
668.198,70527.0,2953.14,2416.95,,,,,
668.215,70516.0,2954.37,2418.17,,,,,
668.237,70515.0,2954.48,2418.29,,,,,
668.254,70507.0,2955.38,2419.18,,,,,
668.274,70498.0,2956.38,2420.18,,,,,
668.294,70479.0,2958.5,2422.3,,,,,
668.318,70479.0,2958.5,2422.3,,,,,
668.336,70470.0,2959.51,2423.31,,,,,
668.355,70464.0,2960.18,2423.98,,,,,
668.374,70459.0,2960.74,2424.54,,,,,
668.396,70452.0,2961.52,2425.32,,,,,
668.415,70445.0,2962.3,2426.1,,,,,
668.434,70428.0,2964.2,2428.0,,,,,
668.456,70429.0,2964.09,2427.89,,,,,
668.476,70420.0,2965.09,2428.9,,,,,
668.495,70406.0,2966.66,2430.46,,,,,
668.517,70406.0,2966.66,2430.46,,,,,
668.536,70399.0,2967.44,2431.24,,,,,
668.554,70392.0,2968.23,2432.03,,,,,
668.574,70387.0,2968.78,2432.59,,,,,
668.594,70385.0,2969.01,2432.81,,,,,
668.613,70376.0,2970.01,2433.82,,,,,
668.633,70360.0,2971.8,2435.61,,,,,
668.655,70355.0,2972.36,2436.16,,,,,
668.673,70344.0,2973.59,2437.39,,,,,
668.694,70344.0,2973.59,2437.39,,,,,
668.716,70338.0,2974.26,2438.07,,,,,
668.734,70335.0,2974.6,2438.4,,,,,
668.754,70329.0,2975.27,2439.07,,,,,
668.773,70320.0,2976.28,2440.08,,,,,
668.794,70320.0,2976.28,2440.08,,,,,
668.815,70298.0,2978.74,2442.54,,,,,
668.832,70295.0,2979.07,2442.88,,,,,
668.855,70296.0,2978.96,2442.77,,,,,
668.872,70285.0,2980.19,2444.0,,,,,
668.894,70277.0,2981.09,2444.89,,,,,
668.915,70271.0,2981.76,2445.56,,,,,
668.933,70271.0,2981.76,2445.56,,,,,
668.955,70261.0,2982.88,2446.68,,,,,
668.973,70252.0,2983.89,2447.69,,,,,
668.992,70239.0,2985.34,2449.15,,,,,
669.015,70242.0,2985.01,2448.81,,,,,
669.035,70230.0,2986.35,2450.15,,,,,
669.054,70226.0,2986.8,2450.6,,,,,
669.072,70221.0,2987.36,2451.16,,,,,
669.091,70212.0,2988.37,2452.17,,,,,
669.112,70211.0,2988.48,2452.28,,,,,
669.132,70208.0,2988.82,2452.62,,,,,
669.152,70196.0,2990.16,2453.96,,,,,
669.171,70203.0,2989.38,2453.18,,,,,
669.192,70185.0,2991.39,2455.2,,,,,
669.212,70192.0,2990.61,2454.41,,,,,
669.233,70164.0,2993.75,2457.55,,,,,
669.252,70162.0,2993.97,2457.77,,,,,
669.273,70159.0,2994.31,2458.11,,,,,
669.292,70150.0,2995.32,2459.12,,,,,
669.314,70150.0,2995.32,2459.12,,,,,
669.332,70141.0,2996.33,2460.13,,,,,
669.351,70133.0,2997.22,2461.03,,,,,
669.372,70133.0,2997.22,2461.03,,,,,
669.39,70126.0,2998.01,2461.81,,,,,
669.413,70112.0,2999.58,2463.38,,,,,
669.43,70112.0,2999.58,2463.38,,,,,
669.45,70105.0,3000.36,2464.17,,,,,
669.472,70093.0,3001.71,2465.51,,,,,
669.491,70098.0,3001.15,2464.95,,,,,
669.51,70087.0,3002.38,2466.18,,,,,
669.531,70087.0,3002.38,2466.18,,,,,
669.554,70080.0,3003.17,2466.97,,,,,
669.57,70075.0,3003.73,2467.53,,,,,
669.591,70071.0,3004.18,2467.98,,,,,
669.609,70063.0,3005.07,2468.88,,,,,
669.631,70055.0,3005.97,2469.78,,,,,
669.649,70048.0,3006.76,2470.56,,,,,
669.67,70044.0,3007.21,2471.01,,,,,
669.691,70037.0,3007.99,2471.8,,,,,
669.709,70034.0,3008.33,2472.13,,,,,
669.729,70040.0,3007.66,2471.46,,,,,
669.749,70026.0,3009.23,2473.03,,,,,
669.769,70011.0,3010.91,2474.71,,,,,
669.788,70011.0,3010.91,2474.71,,,,,
669.81,70007.0,3011.36,2475.17,,,,,
669.828,70008.0,3011.25,2475.05,,,,,
669.848,70007.0,3011.36,2475.17,,,,,
669.87,69983.0,3014.06,2477.86,,,,,
669.888,69985.0,3013.83,2477.63,,,,,
669.908,69982.0,3014.17,2477.97,,,,,
669.929,69977.0,3014.73,2478.53,,,,,
669.948,69970.0,3015.52,2479.32,,,,,
669.97,69973.0,3015.18,2478.98,,,,,
669.988,69964.0,3016.19,2479.99,,,,,
670.01,69962.0,3016.42,2480.22,,,,,
670.03,69953.0,3017.43,2481.23,,,,,
670.048,69948.0,3017.99,2481.79,,,,,
670.068,69940.0,3018.89,2482.69,,,,,
670.087,69938.0,3019.11,2482.92,,,,,
670.109,69939.0,3019.0,2482.8,,,,,
670.129,69931.0,3019.9,2483.7,,,,,
670.148,69926.0,3020.46,2484.26,,,,,
670.168,69917.0,3021.47,2485.28,,,,,
670.187,69916.0,3021.59,2485.39,,,,,
670.208,69914.0,3021.81,2485.61,,,,,
670.227,69906.0,3022.71,2486.51,,,,,
670.249,69897.0,3023.72,2487.52,,,,,
670.266,69891.0,3024.4,2488.2,,,,,
670.287,69886.0,3024.96,2488.76,,,,,
670.308,69881.0,3025.52,2489.32,,,,,
670.327,69882.0,3025.41,2489.21,,,,,
670.348,69876.0,3026.08,2489.89,,,,,
670.368,69868.0,3026.98,2490.79,,,,,
670.386,69872.0,3026.53,2490.34,,,,,
670.407,69866.0,3027.21,2491.01,,,,,
670.426,69861.0,3027.77,2491.57,,,,,
670.446,69853.0,3028.67,2492.47,,,,,
670.468,69851.0,3028.89,2492.7,,,,,
670.488,69847.0,3029.35,2493.15,,,,,
670.507,69842.0,3029.91,2493.71,,,,,
670.527,69832.0,3031.03,2494.83,,,,,
670.548,69836.0,3030.58,2494.39,,,,,
670.566,69813.0,3033.17,2496.98,,,,,
670.587,69821.0,3032.27,2496.07,,,,,
670.608,69814.0,3033.06,2496.86,,,,,
670.627,69811.0,3033.4,2497.2,,,,,
670.645,69809.0,3033.62,2497.42,,,,,
670.665,69809.0,3033.62,2497.42,,,,,
670.686,69795.0,3035.2,2499.0,,,,,
670.707,69788.0,3035.99,2499.79,,,,,
670.725,69792.0,3035.53,2499.34,,,,,
670.745,69790.0,3035.76,2499.56,,,,,
670.765,69778.0,3037.11,2500.91,,,,,
670.786,69776.0,3037.34,2501.14,,,,,
670.805,69776.0,3037.34,2501.14,,,,,
670.825,69769.0,3038.12,2501.93,,,,,
670.844,69771.0,3037.9,2501.7,,,,,
670.865,69765.0,3038.58,2502.38,,,,,
670.885,69757.0,3039.48,2503.28,,,,,
670.906,69757.0,3039.48,2503.28,,,,,
670.926,69750.0,3040.26,2504.07,,,,,
670.944,69749.0,3040.38,2504.18,,,,,
670.964,69740.0,3041.39,2505.19,,,,,
670.986,69742.0,3041.17,2504.97,,,,,
671.006,69731.0,3042.4,2506.21,,,,,
671.025,69732.0,3042.29,2506.09,,,,,
671.045,69730.0,3042.52,2506.32,,,,,
671.063,69727.0,3042.86,2506.66,,,,,
671.083,69726.0,3042.97,2506.77,,,,,
671.105,69721.0,3043.53,2507.33,,,,,
671.125,69715.0,3044.21,2508.01,,,,,
671.144,69716.0,3044.1,2507.9,,,,,
671.165,69722.0,3043.42,2507.22,,,,,
671.186,69702.0,3045.67,2509.48,,,,,
671.203,69704.0,3045.45,2509.25,,,,,
671.225,69700.0,3045.9,2509.7,,,,,
671.245,69697.0,3046.24,2510.04,,,,,
671.264,69693.0,3046.69,2510.49,,,,,
671.285,69686.0,3047.48,2511.28,,,,,
671.305,69685.0,3047.59,2511.39,,,,,
671.323,69686.0,3047.48,2511.28,,,,,
671.344,69679.0,3048.27,2512.07,,,,,
671.363,69674.0,3048.83,2512.63,,,,,
671.383,69676.0,3048.6,2512.41,,,,,
671.403,69672.0,3049.05,2512.86,,,,,
671.423,69665.0,3049.84,2513.65,,,,,
671.443,69667.0,3049.62,2513.42,,,,,
671.463,69664.0,3049.96,2513.76,,,,,
671.483,69658.0,3050.63,2514.44,,,,,
671.502,69657.0,3050.74,2514.55,,,,,
671.524,69655.0,3050.97,2514.77,,,,,
671.542,69654.0,3051.08,2514.88,,,,,
671.563,69648.0,3051.76,2515.56,,,,,
671.584,69648.0,3051.76,2515.56,,,,,
671.604,69639.0,3052.77,2516.58,,,,,
671.624,69642.0,3052.44,2516.24,,,,,
671.641,69638.0,3052.89,2516.69,,,,,
671.663,69632.0,3053.56,2517.37,,,,,
671.683,69628.0,3054.02,2517.82,,,,,
671.702,69626.0,3054.24,2518.04,,,,,
671.722,69627.0,3054.13,2517.93,,,,,
671.741,69624.0,3054.47,2518.27,,,,,
671.76,69643.0,3052.32,2516.13,,,,,
671.782,69616.0,3055.37,2519.17,,,,,
671.802,69618.0,3055.14,2518.95,,,,,
671.82,69615.0,3055.48,2519.28,,,,,
671.841,69618.0,3055.14,2518.95,,,,,
671.86,69610.0,3056.04,2519.85,,,,,
671.88,69610.0,3056.04,2519.85,,,,,
671.902,69608.0,3056.27,2520.07,,,,,
671.921,69603.0,3056.83,2520.64,,,,,
671.943,69598.0,3057.4,2521.2,,,,,
671.962,69594.0,3057.85,2521.65,,,,,
671.982,69585.0,3058.87,2522.67,,,,,
672.002,69595.0,3057.74,2521.54,,,,,
672.022,69591.0,3058.19,2521.99,,,,,
672.041,69592.0,3058.08,2521.88,,,,,
672.062,69588.0,3058.53,2522.33,,,,,
672.08,69581.0,3059.32,2523.12,,,,,
672.101,69581.0,3059.32,2523.12,,,,,
672.12,69580.0,3059.43,2523.23,,,,,
672.141,69576.0,3059.88,2523.68,,,,,
672.159,69576.0,3059.88,2523.68,,,,,
672.18,69573.0,3060.22,2524.02,,,,,
672.2,69567.0,3060.9,2524.7,,,,,
672.219,69567.0,3060.9,2524.7,,,,,
672.239,69567.0,3060.9,2524.7,,,,,
672.259,69568.0,3060.78,2524.59,,,,,
672.28,69564.0,3061.24,2525.04,,,,,
672.3,69564.0,3061.24,2525.04,,,,,
672.318,69570.0,3060.56,2524.36,,,,,
672.338,69560.0,3061.69,2525.49,,,,,
672.36,69562.0,3061.46,2525.26,,,,,
672.38,69558.0,3061.91,2525.72,,,,,
672.4,69559.0,3061.8,2525.6,,,,,
672.418,69558.0,3061.91,2525.72,,,,,
672.44,69558.0,3061.91,2525.72,,,,,
672.461,69554.0,3062.36,2526.17,,,,,
672.48,69551.0,3062.7,2526.51,,,,,
672.499,69547.0,3063.15,2526.96,,,,,
672.519,69556.0,3062.14,2525.94,,,,,
672.538,69554.0,3062.36,2526.17,,,,,
672.563,69553.0,3062.48,2526.28,,,,,
672.578,69563.0,3061.35,2525.15,,,,,
672.601,69546.0,3063.27,2527.07,,,,,
672.618,69542.0,3063.72,2527.52,,,,,
672.638,69548.0,3063.04,2526.85,,,,,
672.661,69539.0,3064.06,2527.86,,,,,
672.68,69542.0,3063.72,2527.52,,,,,
672.697,69542.0,3063.72,2527.52,,,,,
672.717,69542.0,3063.72,2527.52,,,,,
672.739,69533.0,3064.74,2528.54,,,,,
672.758,69535.0,3064.51,2528.31,,,,,
672.778,69533.0,3064.74,2528.54,,,,,
672.8,69535.0,3064.51,2528.31,,,,,
672.819,82035.0,1745.93,1209.73,,,,,
672.838,99524.0,151.007,-385.191,,,,,
672.857,69645.0,3052.1,2515.9,,,,,
672.879,69518.0,3066.43,2530.23,,,,,
672.898,69541.0,3063.83,2527.64,,,,,
672.921,69542.0,3063.72,2527.52,,,,,
672.937,69542.0,3063.72,2527.52,,,,,
672.958,69515.0,3066.77,2530.57,,,,,
672.977,69504.0,3068.01,2531.81,,,,,
672.996,69497.0,3068.8,2532.6,,,,,
673.018,69475.0,3071.29,2535.09,,,,,
673.036,69443.0,3074.91,2538.71,,,,,
673.057,69446.0,3074.56,2538.37,,,,,
673.077,69444.0,3074.79,2538.59,,,,,
673.098,69447.0,3074.45,2538.25,,,,,
673.117,69451.0,3074.0,2537.8,,,,,
673.139,69470.0,3071.85,2535.66,,,,,
673.157,69474.0,3071.4,2535.2,,,,,
673.178,69468.0,3072.08,2535.88,,,,,
673.198,69463.0,3072.64,2536.45,,,,,
673.219,69455.0,3073.55,2537.35,,,,,
673.236,69459.0,3073.09,2536.9,,,,,
673.257,69456.0,3073.43,2537.24,,,,,
673.277,69450.0,3074.11,2537.91,,,,,
673.296,69445.0,3074.68,2538.48,,,,,
673.317,69441.0,3075.13,2538.93,,,,,
673.337,69434.0,3075.92,2539.72,,,,,
673.358,69429.0,3076.49,2540.29,,,,,
673.376,69427.0,3076.71,2540.51,,,,,
673.397,69422.0,3077.28,2541.08,,,,,
673.417,69419.0,3077.62,2541.42,,,,,
673.435,69413.0,3078.3,2542.1,,,,,
673.457,69414.0,3078.18,2541.98,,,,,
673.477,69416.0,3077.96,2541.76,,,,,
673.498,69427.0,3076.71,2540.51,,,,,
673.516,69410.0,3078.64,2542.44,,,,,
673.534,69414.0,3078.18,2541.98,,,,,
673.555,69422.0,3077.28,2541.08,,,,,
673.577,69437.0,3075.58,2539.38,,,,,
673.595,69435.0,3075.81,2539.61,,,,,
673.614,69427.0,3076.71,2540.51,,,,,
673.634,69424.0,3077.05,2540.86,,,,,
673.656,69432.0,3076.15,2539.95,,,,,
673.676,69431.0,3076.26,2540.06,,,,,
673.694,69433.0,3076.04,2539.84,,,,,
673.715,72763.0,2706.69,2170.5,,,,,
673.735,69465.0,3072.42,2536.22,,,,,
673.755,69469.0,3071.97,2535.77,,,,,
673.775,69472.0,3071.63,2535.43,,,,,
673.795,69470.0,3071.85,2535.66,,,,,
673.813,69474.0,3071.4,2535.2,,,,,
673.833,69473.0,3071.51,2535.31,,,,,
673.855,69481.0,3070.61,2534.41,,,,,
673.875,69474.0,3071.4,2535.2,,,,,
673.899,69484.0,3070.27,2534.07,,,,,
673.915,69474.0,3071.4,2535.2,,,,,
673.934,69483.0,3070.38,2534.19,,,,,
673.953,69480.0,3070.72,2534.52,,,,,
673.977,69482.0,3070.5,2534.3,,,,,
673.995,69488.0,3069.82,2533.62,,,,,
674.013,69484.0,3070.27,2534.07,,,,,
674.032,69488.0,3069.82,2533.62,,,,,
674.054,69490.0,3069.59,2533.4,,,,,
674.075,69492.0,3069.37,2533.17,,,,,
674.094,69497.0,3068.8,2532.6,,,,,
674.115,69499.0,3068.58,2532.38,,,,,
674.132,69499.0,3068.58,2532.38,,,,,
674.155,69503.0,3068.12,2531.93,,,,,
674.174,69508.0,3067.56,2531.36,,,,,
674.196,69511.0,3067.22,2531.02,,,,,
674.213,69513.0,3066.99,2530.8,,,,,
674.235,69519.0,3066.32,2530.12,,,,,
674.252,69519.0,3066.32,2530.12,,,,,
674.277,69513.0,3066.99,2530.8,,,,,
674.297,69524.0,3065.75,2529.55,,,,,
674.312,69530.0,3065.08,2528.88,,,,,
674.332,69529.0,3065.19,2528.99,,,,,
674.351,69531.0,3064.96,2528.76,,,,,
674.373,69535.0,3064.51,2528.31,,,,,
674.398,69542.0,3063.72,2527.52,,,,,
674.413,69540.0,3063.95,2527.75,,,,,
674.433,69540.0,3063.95,2527.75,,,,,
674.451,69540.0,3063.95,2527.75,,,,,
674.474,69543.0,3063.61,2527.41,,,,,
674.495,69540.0,3063.95,2527.75,,,,,
674.511,69541.0,3063.83,2527.64,,,,,
674.533,69544.0,3063.49,2527.3,,,,,
674.553,69544.0,3063.49,2527.3,,,,,
674.571,69542.0,3063.72,2527.52,,,,,
674.592,69548.0,3063.04,2526.85,,,,,
674.612,69547.0,3063.15,2526.96,,,,,
674.632,69548.0,3063.04,2526.85,,,,,
674.651,69555.0,3062.25,2526.06,,,,,
674.671,69561.0,3061.57,2525.38,,,,,
674.693,69557.0,3062.03,2525.83,,,,,
674.712,69562.0,3061.46,2525.26,,,,,
674.733,69568.0,3060.78,2524.59,,,,,
674.75,69568.0,3060.78,2524.59,,,,,
674.772,69564.0,3061.24,2525.04,,,,,
674.791,69572.0,3060.33,2524.14,,,,,
674.81,69557.0,3062.03,2525.83,,,,,
674.833,69582.0,3059.2,2523.01,,,,,
674.853,69578.0,3059.66,2523.46,,,,,
674.87,69576.0,3059.88,2523.68,,,,,
674.893,69583.0,3059.09,2522.9,,,,,
674.91,69584.0,3058.98,2522.78,,,,,
674.929,69584.0,3058.98,2522.78,,,,,
674.952,69588.0,3058.53,2522.33,,,,,
674.971,69586.0,3058.75,2522.56,,,,,
674.992,69592.0,3058.08,2521.88,,,,,
675.011,69593.0,3057.96,2521.77,,,,,
675.03,69598.0,3057.4,2521.2,,,,,
675.05,69602.0,3056.95,2520.75,,,,,
675.071,69605.0,3056.61,2520.41,,,,,
675.093,69606.0,3056.5,2520.3,,,,,
675.111,69609.0,3056.16,2519.96,,,,,
675.129,69614.0,3055.6,2519.4,,,,,
675.148,69612.0,3055.82,2519.62,,,,,
675.17,69607.0,3056.39,2520.19,,,,,
675.192,69611.0,3055.93,2519.74,,,,,
675.21,69613.0,3055.71,2519.51,,,,,
675.23,69610.0,3056.04,2519.85,,,,,
675.248,69615.0,3055.48,2519.28,,,,,
675.269,69620.0,3054.92,2518.72,,,,,
675.291,69619.0,3055.03,2518.83,,,,,
675.31,69619.0,3055.03,2518.83,,,,,
675.329,69625.0,3054.35,2518.16,,,,,
675.35,69624.0,3054.47,2518.27,,,,,
675.369,69630.0,3053.79,2517.59,,,,,
675.389,69633.0,3053.45,2517.25,,,,,
675.41,69625.0,3054.35,2518.16,,,,,
675.429,69633.0,3053.45,2517.25,,,,,
675.448,69629.0,3053.9,2517.7,,,,,
675.47,69633.0,3053.45,2517.25,,,,,
675.489,69613.0,3055.71,2519.51,,,,,
675.51,69609.0,3056.16,2519.96,,,,,
675.529,69599.0,3057.29,2521.09,,,,,
675.547,69589.0,3058.41,2522.22,,,,,
675.568,69586.0,3058.75,2522.56,,,,,
675.589,69594.0,3057.85,2521.65,,,,,
675.609,69598.0,3057.4,2521.2,,,,,
675.628,69585.0,3058.87,2522.67,,,,,
675.648,69574.0,3060.11,2523.91,,,,,
675.668,69562.0,3061.46,2525.26,,,,,
675.689,69611.0,3055.93,2519.74,,,,,
675.708,69732.0,3042.29,2506.09,,,,,
675.728,69943.0,3018.55,2482.36,,,,,
675.747,69987.0,3013.61,2477.41,,,,,
675.766,70016.0,3010.35,2474.15,,,,,
675.788,70030.0,3008.78,2472.58,,,,,
675.806,70029.0,3008.89,2472.7,,,,,
675.827,70027.0,3009.12,2472.92,,,,,
675.846,70024.0,3009.45,2473.26,,,,,
675.867,70027.0,3009.12,2472.92,,,,,
675.888,70025.0,3009.34,2473.14,,,,,
675.906,70027.0,3009.12,2472.92,,,,,
675.928,70029.0,3008.89,2472.7,,,,,
675.947,70031.0,3008.67,2472.47,,,,,
675.97,70015.0,3010.46,2474.26,,,,,
675.986,69995.0,3012.71,2476.51,,,,,
676.008,69960.0,3016.64,2480.45,,,,,
676.029,69932.0,3019.79,2483.59,,,,,
676.046,69913.0,3021.92,2485.73,,,,,
676.066,69881.0,3025.52,2489.32,,,,,
676.088,69869.0,3026.87,2490.67,,,,,
676.106,69839.0,3030.25,2494.05,,,,,
676.126,69807.0,3033.85,2497.65,,,,,
676.147,69791.0,3035.65,2499.45,,,,,
676.168,69754.0,3039.82,2503.62,,,,,
676.187,69734.0,3042.07,2505.87,,,,,
676.207,69698.0,3046.12,2509.93,,,,,
676.225,69641.0,3052.55,2516.35,,,,,
676.246,69602.0,3056.95,2520.75,,,,,
676.267,69568.0,3060.78,2524.59,,,,,
676.287,69520.0,3066.2,2530.01,,,,,
676.305,69487.0,3069.93,2533.73,,,,,
676.327,69489.0,3069.71,2533.51,,,,,
676.345,69540.0,3063.95,2527.75,,,,,
676.364,69527.0,3065.41,2529.22,,,,,
676.385,69539.0,3064.06,2527.86,,,,,
676.404,69564.0,3061.24,2525.04,,,,,
676.427,69579.0,3059.54,2523.35,,,,,
676.446,69567.0,3060.9,2524.7,,,,,
676.471,69564.0,3061.24,2525.04,,,,,
676.488,69564.0,3061.24,2525.04,,,,,
676.505,69576.0,3059.88,2523.68,,,,,
676.526,69584.0,3058.98,2522.78,,,,,
676.546,69598.0,3057.4,2521.2,,,,,
676.565,69609.0,3056.16,2519.96,,,,,
676.584,69620.0,3054.92,2518.72,,,,,
676.603,69647.0,3051.87,2515.67,,,,,
676.623,69678.0,3048.38,2512.18,,,,,
676.643,69717.0,3043.98,2507.78,,,,,
676.667,69792.0,3035.53,2499.34,,,,,
676.685,69827.0,3031.6,2495.4,,,,,
676.703,69836.0,3030.58,2494.39,,,,,
676.723,69833.0,3030.92,2494.72,,,,,
676.744,69861.0,3027.77,2491.57,,,,,
676.765,69845.0,3029.57,2493.37,,,,,
676.785,69826.0,3031.71,2495.51,,,,,
676.804,69810.0,3033.51,2497.31,,,,,
676.826,69796.0,3035.09,2498.89,,,,,
676.843,69788.0,3035.99,2499.79,,,,,
676.863,69805.0,3034.07,2497.87,,,,,
676.885,69816.0,3032.83,2496.64,,,,,
676.904,69822.0,3032.16,2495.96,,,,,
676.923,69797.0,3034.97,2498.77,,,,,
676.943,69794.0,3035.31,2499.11,,,,,
676.964,69749.0,3040.38,2504.18,,,,,
676.986,69783.0,3036.55,2500.35,,,,,
677.002,69791.0,3035.65,2499.45,,,,,
677.022,69817.0,3032.72,2496.52,,,,,
677.043,69842.0,3029.91,2493.71,,,,,
677.065,69814.0,3033.06,2496.86,,,,,
677.085,69831.0,3031.15,2494.95,,,,,
677.103,69879.0,3025.75,2489.55,,,,,
677.124,69888.0,3024.73,2488.54,,,,,
677.143,69876.0,3026.08,2489.89,,,,,
677.165,69879.0,3025.75,2489.55,,,,,
677.184,69862.0,3027.66,2491.46,,,,,
677.203,69875.0,3026.2,2490.0,,,,,
677.222,69883.0,3025.3,2489.1,,,,,
677.241,69883.0,3025.3,2489.1,,,,,
677.261,69901.0,3023.27,2487.07,,,,,
677.281,69904.0,3022.93,2486.74,,,,,
677.303,69908.0,3022.48,2486.29,,,,,
677.325,69915.0,3021.7,2485.5,,,,,
677.341,69915.0,3021.7,2485.5,,,,,
677.364,69931.0,3019.9,2483.7,,,,,
677.382,69924.0,3020.69,2484.49,,,,,
677.401,69943.0,3018.55,2482.36,,,,,
677.422,69935.0,3019.45,2483.25,,,,,
677.443,69930.0,3020.01,2483.81,,,,,
677.464,69942.0,3018.66,2482.47,,,,,
677.483,69923.0,3020.8,2484.6,,,,,
677.502,69926.0,3020.46,2484.26,,,,,
677.52,69920.0,3021.14,2484.94,,,,,
677.542,69888.0,3024.73,2488.54,,,,,
677.56,69891.0,3024.4,2488.2,,,,,
677.581,69896.0,3023.83,2487.64,,,,,
677.603,69903.0,3023.05,2486.85,,,,,
677.621,69908.0,3022.48,2486.29,,,,,
677.641,69880.0,3025.63,2489.44,,,,,
677.661,69862.0,3027.66,2491.46,,,,,
677.683,69854.0,3028.56,2492.36,,,,,
677.702,69842.0,3029.91,2493.71,,,,,
677.723,69851.0,3028.89,2492.7,,,,,
677.742,69879.0,3025.75,2489.55,,,,,
677.763,69954.0,3017.32,2481.12,,,,,
677.783,70000.0,3012.15,2475.95,,,,,
677.802,70023.0,3009.56,2473.37,,,,,
677.82,70053.0,3006.2,2470.0,,,,,
677.839,70085.0,3002.61,2466.41,,,,,
677.862,70107.0,3000.14,2463.94,,,,,
677.882,70123.0,2998.34,2462.15,,,,,
677.901,70149.0,2995.43,2459.23,,,,,
677.919,70160.0,2994.2,2458.0,,,,,
677.94,70153.0,2994.98,2458.78,,,,,
677.959,70163.0,2993.86,2457.66,,,,,
677.982,70166.0,2993.52,2457.32,,,,,
678.001,70162.0,2993.97,2457.77,,,,,
678.02,70146.0,2995.77,2459.57,,,,,
678.041,70125.0,2998.12,2461.92,,,,,
678.06,70114.0,2999.35,2463.16,,,,,
678.081,70099.0,3001.03,2464.84,,,,,
678.099,70083.0,3002.83,2466.63,,,,,
678.121,70060.0,3005.41,2469.22,,,,,
678.138,70035.0,3008.22,2472.02,,,,,
678.159,69980.0,3014.39,2478.2,,,,,
678.18,69960.0,3016.64,2480.45,,,,,
678.199,69944.0,3018.44,2482.24,,,,,
678.22,69919.0,3021.25,2485.05,,,,,
678.239,69894.0,3024.06,2487.86,,,,,
678.258,69873.0,3026.42,2490.22,,,,,
678.28,69884.0,3025.19,2488.99,,,,,
678.299,69921.0,3021.02,2484.83,,,,,
678.32,69963.0,3016.3,2480.11,,,,,
678.339,69987.0,3013.61,2477.41,,,,,
678.36,70011.0,3010.91,2474.71,,,,,
678.381,70023.0,3009.56,2473.37,,,,,
678.398,70063.0,3005.07,2468.88,,,,,
678.421,70130.0,2997.56,2461.36,,,,,
678.439,70122.0,2998.46,2462.26,,,,,
678.459,70104.0,3000.47,2464.28,,,,,
678.478,70113.0,2999.46,2463.27,,,,,
678.497,70119.0,2998.79,2462.6,,,,,
678.519,70137.0,2996.78,2460.58,,,,,
678.537,70108.0,3000.03,2463.83,,,,,
678.561,70103.0,3000.59,2464.39,,,,,
678.58,70111.0,2999.69,2463.49,,,,,
678.597,70122.0,2998.46,2462.26,,,,,
678.617,70141.0,2996.33,2460.13,,,,,
678.637,70103.0,3000.59,2464.39,,,,,
678.656,70124.0,2998.23,2462.03,,,,,
678.678,70116.0,2999.13,2462.93,,,,,
678.696,70137.0,2996.78,2460.58,,,,,
678.716,70159.0,2994.31,2458.11,,,,,
678.736,70154.0,2994.87,2458.67,,,,,
678.757,70161.0,2994.08,2457.89,,,,,
678.777,70171.0,2992.96,2456.76,,,,,
678.798,70160.0,2994.2,2458.0,,,,,
678.816,70160.0,2994.2,2458.0,,,,,
678.838,70143.0,2996.1,2459.9,,,,,
678.859,70164.0,2993.75,2457.55,,,,,
678.876,70164.0,2993.75,2457.55,,,,,
678.896,70128.0,2997.78,2461.59,,,,,
678.917,70130.0,2997.56,2461.36,,,,,
678.935,70118.0,2998.9,2462.71,,,,,
678.956,70138.0,2996.66,2460.46,,,,,
678.977,70159.0,2994.31,2458.11,,,,,
678.996,70166.0,2993.52,2457.32,,,,,
679.015,70218.0,2987.7,2451.5,,,,,
679.035,70255.0,2983.55,2447.36,,,,,
679.056,70293.0,2979.3,2443.1,,,,,
679.079,70355.0,2972.36,2436.16,,,,,
679.097,70394.0,2968.0,2431.8,,,,,
679.116,70411.0,2966.1,2429.9,,,,,
679.135,70451.0,2961.63,2425.43,,,,,
679.158,70462.0,2960.4,2424.2,,,,,
679.177,70492.0,2957.05,2420.85,,,,,
679.196,70515.0,2954.48,2418.29,,,,,
679.214,70530.0,2952.81,2416.61,,,,,
679.236,70535.0,2952.25,2416.05,,,,,
679.258,70480.0,2958.39,2422.19,,,,,
679.274,70530.0,2952.81,2416.61,,,,,
679.297,70473.0,2959.17,2422.98,,,,,
679.316,70457.0,2960.96,2424.76,,,,,
679.336,70535.0,2952.25,2416.05,,,,,
679.355,70431.0,2963.87,2427.67,,,,,
679.375,70467.0,2959.84,2423.65,,,,,
679.395,70507.0,2955.38,2419.18,,,,,
679.415,70444.0,2962.41,2426.21,,,,,
679.433,70449.0,2961.85,2425.66,,,,,
679.455,70423.0,2964.76,2428.56,,,,,
679.475,70384.0,2969.12,2432.92,,,,,
679.493,70396.0,2967.78,2431.58,,,,,
679.514,70293.0,2979.3,2443.1,,,,,
679.534,70334.0,2974.71,2438.51,,,,,
679.555,70270.0,2981.87,2445.68,,,,,
679.574,70222.0,2987.25,2451.05,,,,,
679.595,70183.0,2991.62,2455.42,,,,,
679.613,70112.0,2999.58,2463.38,,,,,
679.633,70109.0,2999.91,2463.72,,,,,
679.656,70083.0,3002.83,2466.63,,,,,
679.673,70093.0,3001.71,2465.51,,,,,
679.695,70167.0,2993.41,2457.21,,,,,
679.713,70246.0,2984.56,2448.36,,,,,
679.735,70294.0,2979.19,2442.99,,,,,
679.753,70337.0,2974.37,2438.18,,,,,
679.773,70391.0,2968.34,2432.14,,,,,
679.792,70414.0,2965.77,2429.57,,,,,
679.812,70405.0,2966.77,2430.57,,,,,
679.833,70402.0,2967.1,2430.91,,,,,
679.853,70429.0,2964.09,2427.89,,,,,
679.873,70440.0,2962.86,2426.66,,,,,
679.894,70459.0,2960.74,2424.54,,,,,
679.913,70462.0,2960.4,2424.2,,,,,
679.933,70455.0,2961.18,2424.99,,,,,
679.953,70449.0,2961.85,2425.66,,,,,
679.971,70440.0,2962.86,2426.66,,,,,
679.994,70437.0,2963.19,2427.0,,,,,
680.011,70440.0,2962.86,2426.66,,,,,
680.031,70453.0,2961.41,2425.21,,,,,
680.054,70459.0,2960.74,2424.54,,,,,
680.074,70434.0,2963.53,2427.33,,,,,
680.095,70461.0,2960.51,2424.31,,,,,
680.113,70483.0,2958.05,2421.86,,,,,
680.134,70459.0,2960.74,2424.54,,,,,
680.153,70473.0,2959.17,2422.98,,,,,
680.174,70484.0,2957.94,2421.75,,,,,
680.193,70499.0,2956.27,2420.07,,,,,
680.212,70523.0,2953.59,2417.39,,,,,
680.232,70527.0,2953.14,2416.95,,,,,
680.252,70539.0,2951.8,2415.61,,,,,
680.271,70554.0,2950.13,2413.93,,,,,
680.291,70534.0,2952.36,2416.16,,,,,
680.313,70537.0,2952.03,2415.83,,,,,
680.334,70544.0,2951.25,2415.05,,,,,
680.353,70545.0,2951.13,2414.94,,,,,
680.37,70552.0,2950.35,2414.16,,,,,
680.39,70549.0,2950.69,2414.49,,,,,
680.41,70544.0,2951.25,2415.05,,,,,
680.43,70542.0,2951.47,2415.27,,,,,
680.453,70573.0,2948.01,2411.81,,,,,
680.476,70597.0,2945.33,2409.13,,,,,
680.491,70592.0,2945.89,2409.69,,,,,
680.511,70584.0,2946.78,2410.59,,,,,
680.531,70570.0,2948.34,2412.15,,,,,
680.554,70564.0,2949.01,2412.82,,,,,
680.572,70561.0,2949.35,2413.15,,,,,
680.591,70556.0,2949.91,2413.71,,,,,
680.61,70567.0,2948.68,2412.48,,,,,
680.63,70580.0,2947.23,2411.03,,,,,
680.651,70601.0,2944.89,2408.69,,,,,
680.669,70640.0,2940.54,2404.34,,,,,
680.692,70644.0,2940.09,2403.9,,,,,
680.71,70595.0,2945.56,2409.36,,,,,
680.731,70564.0,2949.01,2412.82,,,,,
680.752,70602.0,2944.77,2408.58,,,,,
680.769,70621.0,2942.66,2406.46,,,,,
680.791,70646.0,2939.87,2403.67,,,,,
680.811,70648.0,2939.65,2403.45,,,,,
680.828,70669.0,2937.3,2401.11,,,,,
680.853,70702.0,2933.63,2397.43,,,,,
680.87,70676.0,2936.53,2400.33,,,,,
680.89,70645.0,2939.98,2403.78,,,,,
680.91,70668.0,2937.42,2401.22,,,,,
680.928,70717.0,2931.96,2395.76,,,,,
680.95,70719.0,2931.74,2395.54,,,,,
680.969,70680.0,2936.08,2399.88,,,,,
680.99,70693.0,2934.63,2398.43,,,,,
681.011,70679.0,2936.19,2399.99,,,,,
681.032,70711.0,2932.63,2396.43,,,,,
681.053,70754.0,2927.84,2391.64,,,,,
681.072,70734.0,2930.07,2393.87,,,,,
681.091,70738.0,2929.62,2393.42,,,,,
681.111,70736.0,2929.84,2393.64,,,,,
681.133,70766.0,2926.5,2390.3,,,,,
681.153,70762.0,2926.95,2390.75,,,,,
681.168,70791.0,2923.72,2387.52,,,,,
681.187,70795.0,2923.27,2387.08,,,,,
681.209,70774.0,2925.61,2389.41,,,,,
681.231,70792.0,2923.61,2387.41,,,,,
681.25,70815.0,2921.05,2384.85,,,,,
681.272,70812.0,2921.38,2385.19,,,,,
681.291,70799.0,2922.83,2386.63,,,,,
681.307,70824.0,2920.05,2383.85,,,,,
681.33,70821.0,2920.38,2384.18,,,,,
681.351,70828.0,2919.6,2383.4,,,,,
681.368,70796.0,2923.16,2386.96,,,,,
681.389,70809.0,2921.72,2385.52,,,,,
681.407,70808.0,2921.83,2385.63,,,,,
681.43,70823.0,2920.16,2383.96,,,,,
681.449,70854.0,2916.71,2380.51,,,,,
681.468,70820.0,2920.49,2384.29,,,,,
681.489,70862.0,2915.82,2379.62,,,,,
681.508,70828.0,2919.6,2383.4,,,,,
681.526,70793.0,2923.5,2387.3,,,,,
681.548,70741.0,2929.29,2393.09,,,,,
681.569,70784.0,2924.5,2388.3,,,,,
681.586,70732.0,2930.29,2394.09,,,,,
681.606,70749.0,2928.4,2392.2,,,,,
681.629,70760.0,2927.17,2390.97,,,,,
681.649,70740.0,2929.4,2393.2,,,,,
681.67,70692.0,2934.74,2398.54,,,,,
681.688,70699.0,2933.96,2397.76,,,,,
681.708,70756.0,2927.61,2391.42,,,,,
681.726,70779.0,2925.05,2388.86,,,,,
681.75,70807.0,2921.94,2385.74,,,,,
681.765,70853.0,2916.82,2380.62,,,,,
681.786,70865.0,2915.49,2379.29,,,,,
681.806,70902.0,2911.37,2375.18,,,,,
681.829,70934.0,2907.82,2371.62,,,,,
681.848,70899.0,2911.71,2375.51,,,,,
681.868,70941.0,2907.04,2370.84,,,,,
681.886,70953.0,2905.71,2369.51,,,,,
681.905,70955.0,2905.48,2369.29,,,,,
681.929,70949.0,2906.15,2369.95,,,,,
681.946,70928.0,2908.48,2372.29,,,,,
681.969,70903.0,2911.26,2375.06,,,,,
681.985,70874.0,2914.49,2378.29,,,,,
682.008,70884.0,2913.37,2377.18,,,,,
682.024,70870.0,2914.93,2378.73,,,,,
682.044,70852.0,2916.93,2380.74,,,,,
682.069,70835.0,2918.82,2382.62,,,,,
682.086,70835.0,2918.82,2382.62,,,,,
682.104,70830.0,2919.38,2383.18,,,,,
682.128,70830.0,2919.38,2383.18,,,,,
682.144,70830.0,2919.38,2383.18,,,,,
682.17,70953.0,2905.71,2369.51,,,,,
682.187,70970.0,2903.82,2367.62,,,,,
682.206,70953.0,2905.71,2369.51,,,,,
682.223,71004.0,2900.04,2363.85,,,,,
682.249,71030.0,2897.16,2360.96,,,,,
682.268,71049.0,2895.05,2358.85,,,,,
682.285,71087.0,2890.83,2354.63,,,,,
682.306,71070.0,2892.72,2356.52,,,,,
682.323,71049.0,2895.05,2358.85,,,,,
682.347,71068.0,2892.94,2356.74,,,,,
682.363,71079.0,2891.72,2355.52,,,,,
682.383,71036.0,2896.49,2360.29,,,,,
682.403,70999.0,2900.6,2364.4,,,,,
682.425,71059.0,2893.94,2357.74,,,,,
682.445,71063.0,2893.5,2357.3,,,,,
682.462,71064.0,2893.38,2357.19,,,,,
682.482,71021.0,2898.16,2361.96,,,,,
682.504,71092.0,2890.28,2354.08,,,,,
682.522,71097.0,2889.72,2353.53,,,,,
682.547,71124.0,2886.73,2350.53,,,,,
682.566,71116.0,2887.62,2351.42,,,,,
682.582,71116.0,2887.62,2351.42,,,,,
682.602,71122.0,2886.95,2350.75,,,,,
682.625,71109.0,2888.39,2352.2,,,,,
682.644,71140.0,2884.96,2348.76,,,,,
682.665,71163.0,2882.41,2346.21,,,,,
682.681,71179.0,2880.64,2344.44,,,,,
682.701,71209.0,2877.31,2341.11,,,,,
682.721,71228.0,2875.21,2339.01,,,,,
682.744,71218.0,2876.31,2340.12,,,,,
682.761,71218.0,2876.31,2340.12,,,,,
682.783,71202.0,2878.09,2341.89,,,,,
682.802,71207.0,2877.53,2341.34,,,,,
682.821,71205.0,2877.76,2341.56,,,,,
682.844,71225.0,2875.54,2339.34,,,,,
682.865,71254.0,2872.33,2336.13,,,,,
682.881,71252.0,2872.55,2336.35,,,,,
682.901,71262.0,2871.44,2335.25,,,,,
682.923,71245.0,2873.32,2337.13,,,,,
682.94,71212.0,2876.98,2340.78,,,,,
682.964,71247.0,2873.1,2336.91,,,,,
682.982,71249.0,2872.88,2336.68,,,,,
683.0,71294.0,2867.9,2331.7,,,,,
683.023,71308.0,2866.35,2330.15,,,,,
683.046,71271.0,2870.45,2334.25,,,,,
683.063,71251.0,2872.66,2336.46,,,,,
683.083,71299.0,2867.35,2331.15,,,,,
683.106,71302.0,2867.02,2330.82,,,,,
683.121,71306.0,2866.57,2330.38,,,,,
683.143,71304.0,2866.8,2330.6,,,,,
683.163,71314.0,2865.69,2329.49,,,,,
683.181,71301.0,2867.13,2330.93,,,,,
683.201,71296.0,2867.68,2331.48,,,,,
683.22,71302.0,2867.02,2330.82,,,,,
683.239,71281.0,2869.34,2333.14,,,,,
683.262,71309.0,2866.24,2330.05,,,,,
683.283,71307.0,2866.46,2330.26,,,,,
683.301,71341.0,2862.7,2326.5,,,,,
683.321,71364.0,2860.16,2323.96,,,,,
683.341,71367.0,2859.83,2323.63,,,,,
683.359,71342.0,2862.59,2326.39,,,,,
683.382,71344.0,2862.37,2326.17,,,,,
683.405,71361.0,2860.49,2324.29,,,,,
683.421,71379.0,2858.5,2322.3,,,,,
683.443,71403.0,2855.85,2319.65,,,,,
683.459,71403.0,2855.85,2319.65,,,,,
683.48,71406.0,2855.52,2319.32,,,,,
683.5,71400.0,2856.18,2319.98,,,,,
683.52,71418.0,2854.19,2317.99,,,,,
683.541,71422.0,2853.75,2317.55,,,,,
683.56,71405.0,2855.63,2319.43,,,,,
683.578,71401.0,2856.07,2319.87,,,,,
683.601,71445.0,2851.21,2315.01,,,,,
683.622,71460.0,2849.55,2313.35,,,,,
683.644,71423.0,2853.64,2317.44,,,,,
683.662,71471.0,2848.34,2312.14,,,,,
683.679,71478.0,2847.56,2311.36,,,,,
683.703,71468.0,2848.67,2312.47,,,,,
683.717,71462.0,2849.33,2313.13,,,,,
683.738,71479.0,2847.45,2311.25,,,,,
683.758,71497.0,2845.46,2309.27,,,,,
683.779,71504.0,2844.69,2308.5,,,,,
683.797,71500.0,2845.13,2308.94,,,,,
683.818,71495.0,2845.69,2309.49,,,,,
683.839,71500.0,2845.13,2308.94,,,,,
683.858,71509.0,2844.14,2307.94,,,,,
683.879,71513.0,2843.7,2307.5,,,,,
683.897,71508.0,2844.25,2308.05,,,,,
683.92,71493.0,2845.91,2309.71,,,,,
683.937,71515.0,2843.48,2307.28,,,,,
683.958,71526.0,2842.26,2306.07,,,,,
683.977,71531.0,2841.71,2305.51,,,,,
683.998,71551.0,2839.51,2303.31,,,,,
684.018,71562.0,2838.29,2302.09,,,,,
684.036,71576.0,2836.75,2300.55,,,,,
684.056,71606.0,2833.44,2297.24,,,,,
684.08,71572.0,2837.19,2300.99,,,,,
684.099,71570.0,2837.41,2301.21,,,,,
684.116,71573.0,2837.08,2300.88,,,,,
684.138,71582.0,2836.09,2299.89,,,,,
684.156,71597.0,2834.43,2298.24,,,,,
684.177,71606.0,2833.44,2297.24,,,,,
684.197,71610.0,2833.0,2296.8,,,,,
684.215,71604.0,2833.66,2297.46,,,,,
684.24,71601.0,2833.99,2297.79,,,,,
684.258,71608.0,2833.22,2297.02,,,,,
684.283,71623.0,2831.57,2295.37,,,,,
684.298,71641.0,2829.58,2293.38,,,,,
684.318,71642.0,2829.47,2293.27,,,,,
684.335,71622.0,2831.68,2295.48,,,,,
684.359,71638.0,2829.91,2293.71,,,,,
684.379,71664.0,2827.04,2290.85,,,,,
684.398,71673.0,2826.05,2289.86,,,,,
684.415,71677.0,2825.61,2289.42,,,,,
684.434,71686.0,2824.62,2288.42,,,,,
684.455,71702.0,2822.86,2286.66,,,,,
684.476,71730.0,2819.78,2283.58,,,,,
684.496,71715.0,2821.43,2285.23,,,,,
684.517,71717.0,2821.21,2285.01,,,,,
684.535,71726.0,2820.22,2284.02,,,,,
684.557,71733.0,2819.45,2283.25,,,,,
684.575,71718.0,2821.1,2284.9,,,,,
684.595,71712.0,2821.76,2285.56,,,,,
684.618,71696.0,2823.52,2287.32,,,,,
684.634,71696.0,2823.52,2287.32,,,,,
684.66,71695.0,2823.63,2287.43,,,,,
684.674,71704.0,2822.64,2286.44,,,,,
684.695,71702.0,2822.86,2286.66,,,,,
684.716,71720.0,2820.88,2284.68,,,,,
684.734,71745.0,2818.12,2281.93,,,,,
684.755,71744.0,2818.24,2282.04,,,,,
684.776,71753.0,2817.24,2281.05,,,,,
684.793,71791.0,2813.06,2276.86,,,,,
684.817,71780.0,2814.27,2278.07,,,,,
684.835,71795.0,2812.62,2276.43,,,,,
684.853,71806.0,2811.41,2275.22,,,,,
684.876,71861.0,2805.36,2269.16,,,,,
684.894,71842.0,2807.45,2271.25,,,,,
684.914,71830.0,2808.77,2272.57,,,,,
684.936,71826.0,2809.21,2273.01,,,,,
684.953,71795.0,2812.62,2276.43,,,,,
684.975,71844.0,2807.23,2271.04,,,,,
684.996,71852.0,2806.35,2270.16,,,,,
685.013,71828.0,2808.99,2272.8,,,,,
685.033,71835.0,2808.22,2272.03,,,,,
685.057,71792.0,2812.95,2276.75,,,,,
685.077,71813.0,2810.64,2274.44,,,,,
685.094,71852.0,2806.35,2270.16,,,,,
685.113,71813.0,2810.64,2274.44,,,,,
685.132,71865.0,2804.92,2268.73,,,,,
685.152,71868.0,2804.59,2268.4,,,,,
685.176,71862.0,2805.25,2269.06,,,,,
685.192,71873.0,2804.04,2267.85,,,,,
685.214,71882.0,2803.06,2266.86,,,,,
685.235,71895.0,2801.63,2265.43,,,,,
685.256,71904.0,2800.64,2264.44,,,,,
685.275,71930.0,2797.78,2261.58,,,,,
685.295,71925.0,2798.33,2262.13,,,,,
685.311,71942.0,2796.46,2260.27,,,,,
685.333,71954.0,2795.14,2258.95,,,,,
685.353,71956.0,2794.93,2258.73,,,,,
685.372,71983.0,2791.96,2255.76,,,,,
685.392,71978.0,2792.51,2256.31,,,,,
685.411,71976.0,2792.73,2256.53,,,,,
685.435,71955.0,2795.03,2258.84,,,,,
685.457,71946.0,2796.02,2259.82,,,,,
685.474,71962.0,2794.26,2258.07,,,,,
685.494,71976.0,2792.73,2256.53,,,,,
685.511,72000.0,2790.09,2253.89,,,,,
685.533,72008.0,2789.22,2253.02,,,,,
685.559,72007.0,2789.32,2253.13,,,,,
685.573,72026.0,2787.24,2251.04,,,,,
685.592,72028.0,2787.02,2250.82,,,,,
685.613,72020.0,2787.9,2251.7,,,,,
685.633,72023.0,2787.57,2251.37,,,,,
685.651,72034.0,2786.36,2250.16,,,,,
685.673,72000.0,2790.09,2253.89,,,,,
685.694,71980.0,2792.29,2256.09,,,,,
685.711,71985.0,2791.74,2255.54,,,,,
685.733,71977.0,2792.62,2256.42,,,,,
685.756,71987.0,2791.52,2255.32,,,,,
685.774,71993.0,2790.86,2254.66,,,,,
685.79,71970.0,2793.39,2257.19,,,,,
685.812,71948.0,2795.8,2259.6,,,,,
685.833,71938.0,2796.9,2260.7,,,,,
685.854,72009.0,2789.1,2252.91,,,,,
685.869,72009.0,2789.1,2252.91,,,,,
685.891,72000.0,2790.09,2253.89,,,,,
685.909,72027.0,2787.13,2250.93,,,,,
685.929,72004.0,2789.65,2253.46,,,,,
685.949,72003.0,2789.76,2253.57,,,,,
685.969,71996.0,2790.53,2254.33,,,,,
685.989,71986.0,2791.63,2255.43,,,,,
686.009,72002.0,2789.87,2253.68,,,,,
686.029,72019.0,2788.01,2251.81,,,,,
686.052,72020.0,2787.9,2251.7,,,,,
686.068,72020.0,2787.9,2251.7,,,,,
686.088,72002.0,2789.87,2253.68,,,,,
686.109,71989.0,2791.3,2255.1,,,,,
686.13,71999.0,2790.2,2254.01,,,,,
686.15,72021.0,2787.79,2251.59,,,,,
686.17,72051.0,2784.5,2248.3,,,,,
686.189,72050.0,2784.61,2248.41,,,,,
686.209,72058.0,2783.73,2247.53,,,,,
686.228,72063.0,2783.18,2246.98,,,,,
686.254,72079.0,2781.43,2245.23,,,,,
686.269,72079.0,2781.43,2245.23,,,,,
686.289,72032.0,2786.58,2250.38,,,,,
686.308,72044.0,2785.26,2249.07,,,,,
686.327,72045.0,2785.15,2248.96,,,,,
686.35,72035.0,2786.25,2250.06,,,,,
686.367,72036.0,2786.14,2249.94,,,,,
686.389,71996.0,2790.53,2254.33,,,,,
686.408,72004.0,2789.65,2253.46,,,,,
686.427,71990.0,2791.19,2254.99,,,,,
686.448,71996.0,2790.53,2254.33,,,,,
686.467,72008.0,2789.22,2253.02,,,,,
686.489,72031.0,2786.69,2250.49,,,,,
686.507,72063.0,2783.18,2246.98,,,,,
686.529,72089.0,2780.33,2244.13,,,,,
686.547,72125.0,2776.38,2240.18,,,,,
686.57,72173.0,2771.12,2234.92,,,,,
686.586,72195.0,2768.71,2232.51,,,,,
686.608,72217.0,2766.3,2230.1,,,,,
686.628,72215.0,2766.52,2230.32,,,,,
686.646,72240.0,2763.78,2227.59,,,,,
686.669,72276.0,2759.84,2223.65,,,,,
686.69,72313.0,2755.8,2219.6,,,,,
686.706,72365.0,2750.11,2213.91,,,,,
686.728,72367.0,2749.89,2213.69,,,,,
686.749,72356.0,2751.09,2214.89,,,,,
686.769,72348.0,2751.97,2215.77,,,,,
686.79,72374.0,2749.12,2212.93,,,,,
686.807,72365.0,2750.11,2213.91,,,,,
686.826,72339.0,2752.95,2216.75,,,,,
686.85,72366.0,2750.0,2213.8,,,,,
686.865,72366.0,2750.0,2213.8,,,,,
686.885,72406.0,2745.63,2209.43,,,,,
686.908,72388.0,2747.59,2211.4,,,,,
686.932,72410.0,2745.19,2208.99,,,,,
686.945,72399.0,2746.39,2210.19,,,,,
686.966,72412.0,2744.97,2208.77,,,,,
686.985,72399.0,2746.39,2210.19,,,,,
687.005,72395.0,2746.83,2210.63,,,,,
687.025,72392.0,2747.16,2210.96,,,,,
687.045,72371.0,2749.45,2213.26,,,,,
687.067,72397.0,2746.61,2210.41,,,,,
687.087,72413.0,2744.86,2208.66,,,,,
687.107,72417.0,2744.43,2208.23,,,,,
687.125,72412.0,2744.97,2208.77,,,,,
687.146,72415.0,2744.64,2208.45,,,,,
687.166,72440.0,2741.91,2205.72,,,,,
687.185,72426.0,2743.44,2207.25,,,,,
687.206,72407.0,2745.52,2209.32,,,,,
687.224,72407.0,2745.52,2209.32,,,,,
687.247,72449.0,2740.93,2204.73,,,,,
687.268,72450.0,2740.82,2204.62,,,,,
687.286,72447.0,2741.15,2204.95,,,,,
687.305,72441.0,2741.8,2205.61,,,,,
687.328,72457.0,2740.06,2203.86,,,,,
687.346,72466.0,2739.07,2202.87,,,,,
687.367,72478.0,2737.76,2201.56,,,,,
687.386,72487.0,2736.78,2200.58,,,,,
687.403,72492.0,2736.23,2200.04,,,,,
687.43,72474.0,2738.2,2202.0,,,,,
687.446,72479.0,2737.65,2201.46,,,,,
687.465,72506.0,2734.71,2198.51,,,,,
687.483,72523.0,2732.85,2196.65,,,,,
687.504,72523.0,2732.85,2196.65,,,,,
687.523,72506.0,2734.71,2198.51,,,,,
687.544,72531.0,2731.98,2195.78,,,,,
687.568,72487.0,2736.78,2200.58,,,,,
687.584,72536.0,2731.43,2195.23,,,,,
687.603,72559.0,2728.92,2192.73,,,,,
687.623,72588.0,2725.76,2189.56,,,,,
687.648,72581.0,2726.52,2190.33,,,,,
687.665,72586.0,2725.98,2189.78,,,,,
687.685,72570.0,2727.72,2191.53,,,,,
687.705,72552.0,2729.69,2193.49,,,,,
687.729,72537.0,2731.32,2195.12,,,,,
687.744,72547.0,2730.23,2194.03,,,,,
687.762,72494.0,2736.02,2199.82,,,,,
687.782,72543.0,2730.67,2194.47,,,,,
687.808,72616.0,2722.71,2186.51,,,,,
687.826,72611.0,2723.25,2187.06,,,,,
687.844,72603.0,2724.12,2187.93,,,,,
687.865,72637.0,2720.42,2184.22,,,,,
687.884,72589.0,2725.65,2189.45,,,,,
687.901,72622.0,2722.05,2185.86,,,,,
687.921,72615.0,2722.81,2186.62,,,,,
687.941,72607.0,2723.69,2187.49,,,,,
687.961,72618.0,2722.49,2186.29,,,,,
687.983,72607.0,2723.69,2187.49,,,,,
688.004,72624.0,2721.83,2185.64,,,,,
688.021,72642.0,2719.87,2183.68,,,,,
688.044,72668.0,2717.04,2180.84,,,,,
688.062,72679.0,2715.84,2179.64,,,,,
688.083,72689.0,2714.75,2178.56,,,,,
688.1,72681.0,2715.62,2179.42,,,,,
688.12,72673.0,2716.49,2180.3,,,,,
688.142,72656.0,2718.35,2182.15,,,,,
688.164,72625.0,2721.73,2185.53,,,,,
688.181,72653.0,2718.67,2182.48,,,,,
688.203,72626.0,2721.62,2185.42,,,,,
688.22,72634.0,2720.75,2184.55,,,,,
688.242,72619.0,2722.38,2186.18,,,,,
688.261,72636.0,2720.53,2184.33,,,,,
688.281,72701.0,2713.44,2177.25,,,,,
688.3,72724.0,2710.94,2174.74,,,,,
688.322,72721.0,2711.27,2175.07,,,,,
688.342,72712.0,2712.25,2176.05,,,,,
688.362,72716.0,2711.81,2175.61,,,,,
688.381,72717.0,2711.7,2175.5,,,,,
688.4,72761.0,2706.91,2170.72,,,,,
688.42,72833.0,2699.08,2162.88,,,,,
688.444,72873.0,2694.73,2158.53,,,,,
688.462,72888.0,2693.1,2156.9,,,,,
688.48,72882.0,2693.75,2157.55,,,,,
688.504,72871.0,2694.95,2158.75,,,,,
688.526,72867.0,2695.38,2159.18,,,,,
688.543,72862.0,2695.93,2159.73,,,,,
688.563,72841.0,2698.21,2162.01,,,,,
688.583,72805.0,2702.12,2165.93,,,,,
688.6,72826.0,2699.84,2163.64,,,,,
688.622,72856.0,2696.58,2160.38,,,,,
688.645,72855.0,2696.69,2160.49,,,,,
688.66,72855.0,2696.69,2160.49,,,,,
688.68,72836.0,2698.75,2162.56,,,,,
688.701,72879.0,2694.08,2157.88,,,,,
688.72,72888.0,2693.1,2156.9,,,,,
688.738,72872.0,2694.84,2158.64,,,,,
688.758,72845.0,2697.77,2161.58,,,,,
688.778,72859.0,2696.25,2160.05,,,,,
688.8,72835.0,2698.86,2162.66,,,,,
688.82,72871.0,2694.95,2158.75,,,,,
688.843,72885.0,2693.42,2157.23,,,,,
688.858,72885.0,2693.42,2157.23,,,,,
688.878,72895.0,2692.34,2156.14,,,,,
688.898,72892.0,2692.66,2156.47,,,,,
688.92,72908.0,2690.92,2154.73,,,,,
688.943,72896.0,2692.23,2156.03,,,,,
688.958,72897.0,2692.12,2155.92,,,,,
688.978,72877.0,2694.29,2158.1,,,,,
689.001,72857.0,2696.47,2160.27,,,,,
689.017,72829.0,2699.51,2163.32,,,,,
689.041,72857.0,2696.47,2160.27,,,,,
689.061,72882.0,2693.75,2157.55,,,,,
689.078,72876.0,2694.4,2158.21,,,,,
689.099,72882.0,2693.75,2157.55,,,,,
689.118,72920.0,2689.62,2153.42,,,,,
689.139,72915.0,2690.16,2153.97,,,,,
689.161,72924.0,2689.19,2152.99,,,,,
689.182,72912.0,2690.49,2154.29,,,,,
689.198,72923.0,2689.29,2153.1,,,,,
689.217,72952.0,2686.14,2149.95,,,,,
689.242,72965.0,2684.73,2148.54,,,,,
689.259,72965.0,2684.73,2148.54,,,,,
689.279,72989.0,2682.13,2145.93,,,,,
689.296,73018.0,2678.98,2142.78,,,,,
689.317,73039.0,2676.7,2140.5,,,,,
689.344,73072.0,2673.12,2136.92,,,,,
689.359,73078.0,2672.47,2136.27,,,,,
689.381,73012.0,2679.63,2143.43,,,,,
689.4,73047.0,2675.83,2139.63,,,,,
689.415,73077.0,2672.58,2136.38,,,,,
689.437,73081.0,2672.15,2135.95,,,,,
689.459,73048.0,2675.72,2139.53,,,,,
689.477,73082.0,2672.03,2135.84,,,,,
689.495,73074.0,2672.9,2136.71,,,,,
689.515,73081.0,2672.15,2135.95,,,,,
689.538,73080.0,2672.25,2136.06,,,,,
689.557,73090.0,2671.17,2134.97,,,,,
689.577,73084.0,2671.82,2135.62,,,,,
689.597,73090.0,2671.17,2134.97,,,,,
689.618,73109.0,2669.11,2132.91,,,,,
689.635,73100.0,2670.08,2133.89,,,,,
689.654,73102.0,2669.87,2133.67,,,,,
689.677,73112.0,2668.78,2132.58,,,,,
689.694,73085.0,2671.71,2135.51,,,,,
689.715,73105.0,2669.54,2133.35,,,,,
689.735,73084.0,2671.82,2135.62,,,,,
689.755,73084.0,2671.82,2135.62,,,,,
689.775,73097.0,2670.41,2134.21,,,,,
689.796,73105.0,2669.54,2133.35,,,,,
689.814,73039.0,2676.7,2140.5,,,,,
689.837,72986.0,2682.45,2146.26,,,,,
689.854,72986.0,2682.45,2146.26,,,,,
689.874,73043.0,2676.27,2140.07,,,,,
689.894,73074.0,2672.9,2136.71,,,,,
689.914,73093.0,2670.84,2134.65,,,,,
689.934,73136.0,2666.18,2129.98,,,,,
689.954,73150.0,2664.66,2128.47,,,,,
689.975,73173.0,2662.17,2125.97,,,,,
689.994,73185.0,2660.87,2124.67,,,,,
690.013,73195.0,2659.79,2123.59,,,,,
690.034,73197.0,2659.57,2123.37,,,,,
690.054,73184.0,2660.98,2124.78,,,,,
690.076,73155.0,2664.12,2127.92,,,,,
690.094,73129.0,2666.94,2130.74,,,,,
690.115,73106.0,2669.43,2133.24,,,,,
690.134,73103.0,2669.76,2133.56,,,,,
690.154,73103.0,2669.76,2133.56,,,,,
690.18,73090.0,2671.17,2134.97,,,,,
690.195,73129.0,2666.94,2130.74,,,,,
690.213,73153.0,2664.34,2128.14,,,,,
690.235,73192.0,2660.11,2123.92,,,,,
690.252,73243.0,2654.59,2118.39,,,,,
690.275,73284.0,2650.15,2113.96,,,,,
690.295,73354.0,2642.58,2106.38,,,,,
690.314,73397.0,2637.93,2101.74,,,,,
690.335,73423.0,2635.12,2098.92,,,,,
690.354,73431.0,2634.26,2098.06,,,,,
690.374,73410.0,2636.53,2100.33,,,,,
690.392,73428.0,2634.58,2098.39,,,,,
690.413,73387.0,2639.01,2102.82,,,,,
690.433,73394.0,2638.26,2102.06,,,,,
690.453,73391.0,2638.58,2102.38,,,,,
690.474,73395.0,2638.15,2101.95,,,,,
690.494,73358.0,2642.15,2105.95,,,,,
690.513,73363.0,2641.61,2105.41,,,,,
690.534,73345.0,2643.55,2107.36,,,,,
690.553,73339.0,2644.2,2108.01,,,,,
690.573,73404.0,2637.17,2100.98,,,,,
690.593,73418.0,2635.66,2099.47,,,,,
690.613,73437.0,2633.61,2097.41,,,,,
690.632,73415.0,2635.99,2099.79,,,,,
690.651,73458.0,2631.34,2095.15,,,,,
690.675,73487.0,2628.21,2092.01,,,,,
690.695,73447.0,2632.53,2096.33,,,,,
690.712,73417.0,2635.77,2099.57,,,,,
690.734,73458.0,2631.34,2095.15,,,,,
690.752,73474.0,2629.62,2093.42,,,,,
690.771,73464.0,2630.69,2094.5,,,,,
690.79,73474.0,2629.62,2093.42,,,,,
690.81,73467.0,2630.37,2094.17,,,,,
690.831,73466.0,2630.48,2094.28,,,,,
690.851,73445.0,2632.75,2096.55,,,,,
690.874,73397.0,2637.93,2101.74,,,,,
690.892,73408.0,2636.74,2100.55,,,,,
690.912,73411.0,2636.42,2100.22,,,,,
690.932,73424.0,2635.02,2098.82,,,,,
690.951,73433.0,2634.04,2097.84,,,,,
690.974,73391.0,2638.58,2102.38,,,,,
690.994,73399.0,2637.72,2101.52,,,,,
691.01,73411.0,2636.42,2100.22,,,,,
691.03,73443.0,2632.96,2096.77,,,,,
691.05,73454.0,2631.77,2095.58,,,,,
691.07,73455.0,2631.67,2095.47,,,,,
691.09,73449.0,2632.31,2096.12,,,,,
691.11,73465.0,2630.58,2094.39,,,,,
691.135,73470.0,2630.05,2093.85,,,,,
691.152,73449.0,2632.31,2096.12,,,,,
691.173,73447.0,2632.53,2096.33,,,,,
691.193,73477.0,2629.29,2093.09,,,,,
691.21,73534.0,2623.14,2086.94,,,,,
691.229,73521.0,2624.54,2088.34,,,,,
691.251,73549.0,2621.52,2085.32,,,,,
691.269,73570.0,2619.25,2083.05,,,,,
691.289,73552.0,2621.19,2085.0,,,,,
691.315,73633.0,2612.46,2076.26,,,,,
691.333,73652.0,2610.41,2074.21,,,,,
691.354,73676.0,2607.82,2071.63,,,,,
691.37,73614.0,2614.51,2078.31,,,,,
691.391,73685.0,2606.86,2070.66,,,,,
691.408,73717.0,2603.41,2067.21,,,,,
691.429,73734.0,2601.58,2065.38,,,,,
691.45,73738.0,2601.15,2064.95,,,,,
691.469,73752.0,2599.64,2063.44,,,,,
691.489,73770.0,2597.7,2061.5,,,,,
691.508,73767.0,2598.02,2061.83,,,,,
691.529,73739.0,2601.04,2064.84,,,,,
691.549,73723.0,2602.76,2066.56,,,,,
691.568,73757.0,2599.1,2062.9,,,,,
691.589,73747.0,2600.18,2063.98,,,,,
691.611,73750.0,2599.86,2063.66,,,,,
691.631,73761.0,2598.67,2062.47,,,,,
691.653,73782.0,2596.41,2060.21,,,,,
691.667,73782.0,2596.41,2060.21,,,,,
691.691,73754.0,2599.42,2063.23,,,,,
691.708,73784.0,2596.2,2060.0,,,,,
691.73,73777.0,2596.95,2060.75,,,,,
691.748,73794.0,2595.12,2058.92,,,,,
691.767,73817.0,2592.64,2056.45,,,,,
691.788,73811.0,2593.29,2057.09,,,,,
691.807,73817.0,2592.64,2056.45,,,,,
691.828,73835.0,2590.71,2054.51,,,,,
691.849,73850.0,2589.1,2052.9,,,,,
691.867,73802.0,2594.26,2058.06,,,,,
691.886,73821.0,2592.21,2056.02,,,,,
691.912,73840.0,2590.17,2053.97,,,,,
691.93,73824.0,2591.89,2055.69,,,,,
691.946,73830.0,2591.25,2055.05,,,,,
691.967,73835.0,2590.71,2054.51,,,,,
691.987,73807.0,2593.72,2057.52,,,,,
692.006,73812.0,2593.18,2056.99,,,,,
692.027,73834.0,2590.82,2054.62,,,,,
692.047,73829.0,2591.35,2055.16,,,,,
692.067,73809.0,2593.51,2057.31,,,,,
692.086,73806.0,2593.83,2057.63,,,,,
692.107,73783.0,2596.3,2060.11,,,,,
692.13,73813.0,2593.07,2056.88,,,,,
692.145,73813.0,2593.07,2056.88,,,,,
692.166,73835.0,2590.71,2054.51,,,,,
692.187,73842.0,2589.96,2053.76,,,,,
692.208,73861.0,2587.91,2051.71,,,,,
692.226,73854.0,2588.67,2052.47,,,,,
692.247,73864.0,2587.59,2051.39,,,,,
692.267,73864.0,2587.59,2051.39,,,,,
692.288,73915.0,2582.11,2045.91,,,,,
692.306,73915.0,2582.11,2045.91,,,,,
692.327,73902.0,2583.5,2047.31,,,,,
692.348,73940.0,2579.42,2043.22,,,,,
692.365,73900.0,2583.72,2047.52,,,,,
692.387,73956.0,2577.7,2041.5,,,,,
692.406,73966.0,2576.63,2040.43,,,,,
692.425,73995.0,2573.51,2037.32,,,,,
692.446,74012.0,2571.69,2035.49,,,,,
692.467,74027.0,2570.08,2033.88,,,,,
692.49,74026.0,2570.19,2033.99,,,,,
692.506,74075.0,2564.93,2028.73,,,,,
692.531,74076.0,2564.82,2028.62,,,,,
692.545,74076.0,2564.82,2028.62,,,,,
692.565,74074.0,2565.04,2028.84,,,,,
692.593,74117.0,2560.42,2024.23,,,,,
692.604,74117.0,2560.42,2024.23,,,,,
692.627,74088.0,2563.53,2027.34,,,,,
692.645,74121.0,2560.0,2023.8,,,,,
692.663,74133.0,2558.71,2022.51,,,,,
692.683,74162.0,2555.6,2019.4,,,,,
692.707,74145.0,2557.42,2021.23,,,,,
692.726,74137.0,2558.28,2022.08,,,,,
692.744,74122.0,2559.89,2023.69,,,,,
692.763,74119.0,2560.21,2024.01,,,,,
692.785,74132.0,2558.81,2022.62,,,,,
692.806,74144.0,2557.53,2021.33,,,,,
692.825,74140.0,2557.96,2021.76,,,,,
692.844,74159.0,2555.92,2019.72,,,,,
692.862,74151.0,2556.78,2020.58,,,,,
692.882,74157.0,2556.14,2019.94,,,,,
692.902,74153.0,2556.56,2020.37,,,,,
692.922,74168.0,2554.96,2018.76,,,,,
692.943,74194.0,2552.17,2015.97,,,,,
692.963,74196.0,2551.96,2015.76,,,,,
692.984,74190.0,2552.6,2016.4,,,,,
693.002,74181.0,2553.56,2017.37,,,,,
693.026,74203.0,2551.21,2015.01,,,,,
693.044,74190.0,2552.6,2016.4,,,,,
693.064,74192.0,2552.39,2016.19,,,,,
693.083,74173.0,2554.42,2018.22,,,,,
693.103,74122.0,2559.89,2023.69,,,,,
693.122,74128.0,2559.25,2023.05,,,,,
693.141,74129.0,2559.14,2022.94,,,,,
693.162,74087.0,2563.64,2027.45,,,,,
693.184,74096.0,2562.68,2026.48,,,,,
693.203,74091.0,2563.21,2027.01,,,,,
693.221,74117.0,2560.42,2024.23,,,,,
693.242,74136.0,2558.39,2022.19,,,,,
693.263,74120.0,2560.1,2023.9,,,,,
693.284,74159.0,2555.92,2019.72,,,,,
693.301,74151.0,2556.78,2020.58,,,,,
693.325,74168.0,2554.96,2018.76,,,,,
693.344,74183.0,2553.35,2017.15,,,,,
693.363,74184.0,2553.24,2017.04,,,,,
693.381,74221.0,2549.28,2013.08,,,,,
693.406,74195.0,2552.06,2015.87,,,,,
693.423,74203.0,2551.21,2015.01,,,,,
693.441,74225.0,2548.85,2012.65,,,,,
693.462,74224.0,2548.96,2012.76,,,,,
693.485,74247.0,2546.49,2010.3,,,,,
693.503,74242.0,2547.03,2010.83,,,,,
693.52,74243.0,2546.92,2010.72,,,,,
693.543,74247.0,2546.49,2010.3,,,,,
693.563,74247.0,2546.49,2010.3,,,,,
693.58,74306.0,2540.18,2003.98,,,,,
693.6,74306.0,2540.18,2003.98,,,,,
693.625,74357.0,2534.72,1998.53,,,,,
693.639,74385.0,2531.73,1995.53,,,,,
693.66,74384.0,2531.84,1995.64,,,,,
693.682,74372.0,2533.12,1996.92,,,,,
693.7,74396.0,2530.55,1994.36,,,,,
693.719,74392.0,2530.98,1994.78,,,,,
693.74,74392.0,2530.98,1994.78,,,,,
693.759,74391.0,2531.09,1994.89,,,,,
693.779,74379.0,2532.37,1996.17,,,,,
693.8,74386.0,2531.62,1995.43,,,,,
693.818,74382.0,2532.05,1995.85,,,,,
693.84,74393.0,2530.88,1994.68,,,,,
693.858,74404.0,2529.7,1993.5,,,,,
693.881,74425.0,2527.45,1991.26,,,,,
693.9,74422.0,2527.78,1991.58,,,,,
693.923,74467.0,2522.97,1986.77,,,,,
693.939,74452.0,2524.57,1988.37,,,,,
693.959,74466.0,2523.07,1986.88,,,,,
693.981,74445.0,2525.32,1989.12,,,,,
693.999,74492.0,2520.3,1984.1,,,,,
694.022,74490.0,2520.51,1984.31,,,,,
694.037,74490.0,2520.51,1984.31,,,,,
694.057,74494.0,2520.08,1983.89,,,,,
694.078,74505.0,2518.91,1982.71,,,,,
694.101,74501.0,2519.34,1983.14,,,,,
694.126,74512.0,2518.16,1981.96,,,,,
694.137,74507.0,2518.69,1982.5,,,,,
694.16,74485.0,2521.04,1984.85,,,,,
694.178,74507.0,2518.69,1982.5,,,,,
694.201,74526.0,2516.67,1980.47,,,,,
694.223,74546.0,2514.53,1978.34,,,,,
694.238,74546.0,2514.53,1978.34,,,,,
694.258,74546.0,2514.53,1978.34,,,,,
694.279,74543.0,2514.85,1978.66,,,,,
694.301,74559.0,2513.15,1976.95,,,,,
694.317,74553.0,2513.79,1977.59,,,,,
694.339,74558.0,2513.25,1977.05,,,,,
694.36,74548.0,2514.32,1978.12,,,,,
694.378,74565.0,2512.5,1976.31,,,,,
694.396,74584.0,2510.48,1974.28,,,,,
694.42,74586.0,2510.26,1974.07,,,,,
694.436,74580.0,2510.91,1974.71,,,,,
694.46,74584.0,2510.48,1974.28,,,,,
694.479,74588.0,2510.05,1973.85,,,,,
694.5,74598.0,2508.98,1972.79,,,,,
694.518,74640.0,2504.51,1968.31,,,,,
694.539,74628.0,2505.78,1969.59,,,,,
694.557,74632.0,2505.36,1969.16,,,,,
694.578,74636.0,2504.93,1968.73,,,,,
694.595,74666.0,2501.73,1965.54,,,,,
694.618,74661.0,2502.26,1966.07,,,,,
694.639,74615.0,2507.17,1970.97,,,,,
694.658,74600.0,2508.77,1972.57,,,,,
694.675,74579.0,2511.01,1974.81,,,,,
694.7,74557.0,2513.36,1977.16,,,,,
694.719,74557.0,2513.36,1977.16,,,,,
694.736,74582.0,2510.69,1974.49,,,,,
694.755,74573.0,2511.65,1975.45,,,,,
694.778,74586.0,2510.26,1974.07,,,,,
694.796,74588.0,2510.05,1973.85,,,,,
694.817,74608.0,2507.92,1971.72,,,,,
694.836,74606.0,2508.13,1971.93,,,,,
694.854,74607.0,2508.02,1971.83,,,,,
694.875,74619.0,2506.74,1970.55,,,,,
694.896,74620.0,2506.64,1970.44,,,,,
694.916,74604.0,2508.34,1972.15,,,,,
694.936,74639.0,2504.61,1968.41,,,,,
694.957,74648.0,2503.65,1967.45,,,,,
694.977,74666.0,2501.73,1965.54,,,,,
695.004,74690.0,2499.18,1962.98,,,,,
695.017,74690.0,2499.18,1962.98,,,,,
695.036,74683.0,2499.92,1963.72,,,,,
695.057,74656.0,2502.8,1966.6,,,,,
695.073,74656.0,2502.8,1966.6,,,,,
695.096,74716.0,2496.41,1960.21,,,,,
695.118,74703.0,2497.79,1961.59,,,,,
695.133,74715.0,2496.51,1960.31,,,,,
695.154,74714.0,2496.62,1960.42,,,,,
695.174,74743.0,2493.53,1957.33,,,,,
695.196,74716.0,2496.41,1960.21,,,,,
695.216,74702.0,2497.9,1961.7,,,,,
695.234,74702.0,2497.9,1961.7,,,,,
695.258,74731.0,2494.81,1958.61,,,,,
695.273,74743.0,2493.53,1957.33,,,,,
695.296,74761.0,2491.61,1955.42,,,,,
695.312,74763.0,2491.4,1955.2,,,,,
695.336,74756.0,2492.14,1955.95,,,,,
695.356,74770.0,2490.65,1954.46,,,,,
695.374,74790.0,2488.52,1952.33,,,,,
695.396,74809.0,2486.5,1950.31,,,,,
695.416,74771.0,2490.55,1954.35,,,,,
695.433,74782.0,2489.38,1953.18,,,,,
695.457,74794.0,2488.1,1951.9,,,,,
695.476,74819.0,2485.44,1949.24,,,,,
695.495,74819.0,2485.44,1949.24,,,,,
695.512,74826.0,2484.69,1948.5,,,,,
695.535,74849.0,2482.25,1946.05,,,,,
695.554,74831.0,2484.16,1947.96,,,,,
695.571,74842.0,2482.99,1946.79,,,,,
695.593,74853.0,2481.82,1945.62,,,,,
695.612,74903.0,2476.5,1940.31,,,,,
695.633,74891.0,2477.78,1941.58,,,,,
695.652,74891.0,2477.78,1941.58,,,,,
695.672,74889.0,2477.99,1941.8,,,,,
695.693,74877.0,2479.27,1943.07,,,,,
695.714,74909.0,2475.87,1939.67,,,,,
695.732,74910.0,2475.76,1939.56,,,,,
695.751,74909.0,2475.87,1939.67,,,,,
695.772,74931.0,2473.53,1937.33,,,,,
695.79,74940.0,2472.57,1936.37,,,,,
695.813,74942.0,2472.36,1936.16,,,,,
695.834,74988.0,2467.47,1931.27,,,,,
695.852,74990.0,2467.26,1931.06,,,,,
695.877,75018.0,2464.29,1928.09,,,,,
695.892,75039.0,2462.06,1925.86,,,,,
695.913,75058.0,2460.04,1923.84,,,,,
695.931,75067.0,2459.08,1922.89,,,,,
695.951,75089.0,2456.75,1920.55,,,,,
695.974,75054.0,2460.46,1924.27,,,,,
695.994,75029.0,2463.12,1926.92,,,,,
696.01,74965.0,2469.92,1933.72,,,,,
696.032,74958.0,2470.66,1934.46,,,,,
696.049,74967.0,2469.7,1933.51,,,,,
696.073,75013.0,2464.82,1928.62,,,,,
696.095,74987.0,2467.58,1931.38,,,,,
696.114,75004.0,2465.77,1929.57,,,,,
696.132,74993.0,2466.94,1930.74,,,,,
696.153,75021.0,2463.97,1927.77,,,,,
696.172,74999.0,2466.3,1930.11,,,,,
696.191,74968.0,2469.6,1933.4,,,,,
696.209,74973.0,2469.06,1932.87,,,,,
696.232,74973.0,2469.06,1932.87,,,,,
696.253,74989.0,2467.37,1931.17,,,,,
696.271,74986.0,2467.69,1931.49,,,,,
696.293,75007.0,2465.45,1929.26,,,,,
696.315,74967.0,2469.7,1933.51,,,,,
696.332,74991.0,2467.15,1930.96,,,,,
696.35,75003.0,2465.88,1929.68,,,,,
696.372,75014.0,2464.71,1928.51,,,,,
696.39,75022.0,2463.86,1927.66,,,,,
696.412,75025.0,2463.54,1927.34,,,,,
696.43,75026.0,2463.44,1927.24,,,,,
696.45,75020.0,2464.07,1927.88,,,,,
696.471,75059.0,2459.93,1923.74,,,,,
696.488,75078.0,2457.92,1921.72,,,,,
696.508,75100.0,2455.58,1919.39,,,,,
696.531,75118.0,2453.67,1917.48,,,,,
696.549,75106.0,2454.95,1918.75,,,,,
696.572,75188.0,2446.25,1910.05,,,,,
696.593,75141.0,2451.23,1915.04,,,,,
696.614,75145.0,2450.81,1914.61,,,,,
696.628,75165.0,2448.69,1912.49,,,,,
696.648,75199.0,2445.09,1908.89,,,,,
696.668,75233.0,2441.48,1905.29,,,,,
696.69,75242.0,2440.53,1904.33,,,,,
696.711,75245.0,2440.21,1904.02,,,,,
696.728,75240.0,2440.74,1904.54,,,,,
696.747,75272.0,2437.35,1901.15,,,,,
696.77,75280.0,2436.51,1900.31,,,,,
696.787,75280.0,2436.51,1900.31,,,,,
696.81,75252.0,2439.47,1903.27,,,,,
696.828,75289.0,2435.55,1899.35,,,,,
696.851,75311.0,2433.22,1897.03,,,,,
696.87,75300.0,2434.39,1898.19,,,,,
696.887,75324.0,2431.85,1895.65,,,,,
696.91,75342.0,2429.94,1893.74,,,,,
696.928,75357.0,2428.36,1892.16,,,,,
696.947,75355.0,2428.57,1892.37,,,,,
696.966,75350.0,2429.1,1892.9,,,,,
696.986,75335.0,2430.69,1894.49,,,,,
697.006,75356.0,2428.46,1892.26,,,,,
697.026,75348.0,2429.31,1893.11,,,,,
697.048,75350.0,2429.1,1892.9,,,,,
697.07,75334.0,2430.79,1894.59,,,,,
697.086,75312.0,2433.12,1896.92,,,,,
697.112,75310.0,2433.33,1897.13,,,,,
697.128,75282.0,2436.29,1900.1,,,,,
697.146,75311.0,2433.22,1897.03,,,,,
697.166,75313.0,2433.01,1896.82,,,,,
697.185,75310.0,2433.33,1897.13,,,,,
697.209,75343.0,2429.84,1893.64,,,,,
697.226,75344.0,2429.73,1893.53,,,,,
697.245,75369.0,2427.09,1890.89,,,,,
697.269,75358.0,2428.25,1892.05,,,,,
697.285,75381.0,2425.82,1889.62,,,,,
697.312,75378.0,2426.14,1889.94,,,,,
697.325,75378.0,2426.14,1889.94,,,,,
697.345,75411.0,2422.64,1886.45,,,,,
697.369,75389.0,2424.97,1888.77,,,,,
697.389,75444.0,2419.16,1882.96,,,,,
697.407,75443.0,2419.26,1883.06,,,,,
697.428,75444.0,2419.16,1882.96,,,,,
697.445,75489.0,2414.4,1878.2,,,,,
697.468,75523.0,2410.81,1874.61,,,,,
697.484,75519.0,2411.23,1875.03,,,,,
697.505,75499.0,2413.34,1877.15,,,,,
697.525,75509.0,2412.29,1876.09,,,,,
697.547,75543.0,2408.7,1872.5,,,,,
697.566,75571.0,2405.74,1869.54,,,,,
697.585,75597.0,2403.0,1866.8,,,,,
697.604,75574.0,2405.42,1869.23,,,,,
697.627,75584.0,2404.37,1868.17,,,,,
697.648,75603.0,2402.36,1866.17,,,,,
697.668,75619.0,2400.68,1864.48,,,,,
697.684,75634.0,2399.09,1862.9,,,,,
697.707,75643.0,2398.15,1861.95,,,,,
697.727,75626.0,2399.94,1863.74,,,,,
697.745,75620.0,2400.57,1864.37,,,,,
697.766,75630.0,2399.52,1863.32,,,,,
697.787,75643.0,2398.15,1861.95,,,,,
697.803,75633.0,2399.2,1863.0,,,,,
697.823,75660.0,2396.35,1860.15,,,,,
697.846,75661.0,2396.25,1860.05,,,,,
697.866,75655.0,2396.88,1860.68,,,,,
697.887,75683.0,2393.93,1857.73,,,,,
697.904,75662.0,2396.14,1859.94,,,,,
697.926,75678.0,2394.45,1858.26,,,,,
697.953,75679.0,2394.35,1858.15,,,,,
697.965,75668.0,2395.51,1859.31,,,,,
697.984,75683.0,2393.93,1857.73,,,,,
698.005,75678.0,2394.45,1858.26,,,,,
698.026,75697.0,2392.45,1856.25,,,,,
698.046,75691.0,2393.08,1856.89,,,,,
698.065,75704.0,2391.71,1855.52,,,,,
698.083,75706.0,2391.5,1855.3,,,,,
698.102,75705.0,2391.61,1855.41,,,,,
698.124,75713.0,2390.77,1854.57,,,,,
698.145,75719.0,2390.13,1853.94,,,,,
698.165,75714.0,2390.66,1854.46,,,,,
698.187,75734.0,2388.55,1852.35,,,,,
698.203,75765.0,2385.29,1849.09,,,,,
698.224,75742.0,2387.71,1851.51,,,,,
698.242,75758.0,2386.02,1849.82,,,,,
698.262,75762.0,2385.6,1849.4,,,,,
698.282,75762.0,2385.6,1849.4,,,,,
698.304,75774.0,2384.34,1848.14,,,,,
698.322,75812.0,2380.34,1844.14,,,,,
698.349,75805.0,2381.07,1844.88,,,,,
698.364,75790.0,2382.65,1846.46,,,,,
698.383,75810.0,2380.55,1844.35,,,,,
698.401,75805.0,2381.07,1844.88,,,,,
698.423,75803.0,2381.28,1845.09,,,,,
698.444,75816.0,2379.92,1843.72,,,,,
698.464,75797.0,2381.92,1845.72,,,,,
698.482,75799.0,2381.7,1845.51,,,,,
698.505,75791.0,2382.55,1846.35,,,,,
698.523,75787.0,2382.97,1846.77,,,,,
698.541,75819.0,2379.6,1843.4,,,,,
698.565,75864.0,2374.86,1838.67,,,,,
698.58,75864.0,2374.86,1838.67,,,,,
698.602,75881.0,2373.07,1836.88,,,,,
698.621,75906.0,2370.45,1834.25,,,,,
698.643,75909.0,2370.13,1833.93,,,,,
698.664,75907.0,2370.34,1834.14,,,,,
698.682,75908.0,2370.23,1834.04,,,,,
698.702,75882.0,2372.97,1836.77,,,,,
698.72,75903.0,2370.76,1834.56,,,,,
698.74,75931.0,2367.82,1831.62,,,,,
698.76,75968.0,2363.93,1827.73,,,,,
698.78,76001.0,2360.46,1824.26,,,,,
698.805,75999.0,2360.67,1824.47,,,,,
698.821,75998.0,2360.77,1824.57,,,,,
698.839,75984.0,2362.24,1826.05,,,,,
698.863,75992.0,2361.4,1825.21,,,,,
698.882,75986.0,2362.04,1825.84,,,,,
698.903,75988.0,2361.82,1825.63,,,,,
698.921,76023.0,2358.15,1821.95,,,,,
698.941,76041.0,2356.26,1820.06,,,,,
698.963,76080.0,2352.16,1815.96,,,,,
698.983,76067.0,2353.53,1817.33,,,,,
699.003,76078.0,2352.37,1816.18,,,,,
699.021,76071.0,2353.11,1816.91,,,,,
699.042,76042.0,2356.15,1819.95,,,,,
699.058,76045.0,2355.84,1819.64,,,,,
699.079,76053.0,2355.0,1818.8,,,,,
699.099,76052.0,2355.1,1818.9,,,,,
699.12,76064.0,2353.84,1817.64,,,,,
699.143,76086.0,2351.53,1815.33,,,,,
699.161,76104.0,2349.64,1813.45,,,,,
699.181,76082.0,2351.95,1815.76,,,,,
699.201,76057.0,2354.58,1818.38,,,,,
699.22,76098.0,2350.27,1814.07,,,,,
699.239,76106.0,2349.43,1813.23,,,,,
699.261,76095.0,2350.59,1814.39,,,,,
699.278,76114.0,2348.59,1812.39,,,,,
699.301,76097.0,2350.38,1814.18,,,,,
699.319,76121.0,2347.86,1811.66,,,,,
699.337,76143.0,2345.55,1809.35,,,,,
699.357,76123.0,2347.65,1811.45,,,,,
699.377,76137.0,2346.18,1809.98,,,,,
699.406,76135.0,2346.39,1810.19,,,,,
699.419,76110.0,2349.01,1812.81,,,,,
699.437,76128.0,2347.12,1810.93,,,,,
699.457,76136.0,2346.28,1810.09,,,,,
699.477,76102.0,2349.85,1813.65,,,,,
699.504,76131.0,2346.81,1810.61,,,,,
699.517,76132.0,2346.71,1810.51,,,,,
699.537,76129.0,2347.02,1810.82,,,,,
699.556,76177.0,2341.98,1805.79,,,,,
699.576,76207.0,2338.84,1802.64,,,,,
699.6,76200.0,2339.57,1803.37,,,,,
699.619,76195.0,2340.1,1803.9,,,,,
699.636,76193.0,2340.31,1804.11,,,,,
699.659,76184.0,2341.25,1805.05,,,,,
699.676,76175.0,2342.19,1806.0,,,,,
699.696,76206.0,2338.94,1802.74,,,,,
699.716,76213.0,2338.21,1802.01,,,,,
699.739,76212.0,2338.31,1802.12,,,,,
699.758,76215.0,2338.0,1801.8,,,,,
699.776,76231.0,2336.32,1800.12,,,,,
699.797,76226.0,2336.85,1800.65,,,,,
699.817,76206.0,2338.94,1802.74,,,,,
699.837,76232.0,2336.22,1800.02,,,,,
699.858,76241.0,2335.27,1799.08,,,,,
699.875,76212.0,2338.31,1802.12,,,,,
699.898,76231.0,2336.32,1800.12,,,,,
699.915,76285.0,2330.66,1794.47,,,,,
699.935,76283.0,2330.87,1794.67,,,,,
699.957,76291.0,2330.03,1793.84,,,,,
699.977,76296.0,2329.51,1793.31,,,,,
699.999,76298.0,2329.3,1793.11,,,,,
700.019,76289.0,2330.25,1794.05,,,,,
700.034,76289.0,2330.25,1794.05,,,,,
700.054,76298.0,2329.3,1793.11,,,,,
700.074,76294.0,2329.72,1793.52,,,,,
700.098,76280.0,2331.19,1794.99,,,,,
700.117,76312.0,2327.84,1791.64,,,,,
700.137,76313.0,2327.73,1791.53,,,,,
700.155,76338.0,2325.11,1788.92,,,,,
700.175,76339.0,2325.01,1788.81,,,,,
700.201,76350.0,2323.86,1787.66,,,,,
700.215,76350.0,2323.86,1787.66,,,,,
700.237,76347.0,2324.17,1787.97,,,,,
700.256,76347.0,2324.17,1787.97,,,,,
700.275,76389.0,2319.77,1783.58,,,,,
700.296,76382.0,2320.51,1784.31,,,,,
700.313,76398.0,2318.83,1782.64,,,,,
700.336,76398.0,2318.83,1782.64,,,,,
700.353,76419.0,2316.64,1780.44,,,,,
700.376,76439.0,2314.55,1778.35,,,,,
700.393,76432.0,2315.28,1779.08,,,,,
700.414,76438.0,2314.65,1778.45,,,,,
700.435,76441.0,2314.34,1778.14,,,,,
700.453,76437.0,2314.75,1778.56,,,,,
700.472,76467.0,2311.62,1775.42,,,,,
700.492,76481.0,2310.15,1773.96,,,,,
700.512,76459.0,2312.46,1776.26,,,,,
700.532,76460.0,2312.35,1776.15,,,,,
700.555,76466.0,2311.72,1775.53,,,,,
700.575,76466.0,2311.72,1775.53,,,,,
700.593,76462.0,2312.14,1775.94,,,,,
700.614,76485.0,2309.74,1773.54,,,,,
700.639,76473.0,2310.99,1774.79,,,,,
700.653,76461.0,2312.24,1776.05,,,,,
700.672,76471.0,2311.2,1775.0,,,,,
700.695,76482.0,2310.05,1773.85,,,,,
700.713,76487.0,2309.53,1773.33,,,,,
700.731,76509.0,2307.23,1771.03,,,,,
700.752,76496.0,2308.59,1772.39,,,,,
700.772,76508.0,2307.33,1771.13,,,,,
700.793,76531.0,2304.93,1768.73,,,,,
700.815,76532.0,2304.82,1768.63,,,,,
700.831,76537.0,2304.3,1768.1,,,,,
700.855,76542.0,2303.78,1767.58,,,,,
700.875,76505.0,2307.65,1771.45,,,,,
700.896,76472.0,2311.09,1774.9,,,,,
700.915,76463.0,2312.04,1775.84,,,,,
700.933,76425.0,2316.01,1779.81,,,,,
700.954,76409.0,2317.68,1781.49,,,,,
700.971,76426.0,2315.91,1779.71,,,,,
700.991,76434.0,2315.07,1778.87,,,,,
701.01,76420.0,2316.53,1780.34,,,,,
701.031,76419.0,2316.64,1780.44,,,,,
701.05,76394.0,2319.25,1783.05,,,,,
701.07,76394.0,2319.25,1783.05,,,,,
701.09,76406.0,2318.0,1781.8,,,,,
701.111,76406.0,2318.0,1781.8,,,,,
701.129,76409.0,2317.68,1781.49,,,,,
701.151,76399.0,2318.73,1782.53,,,,,
701.172,76405.0,2318.1,1781.9,,,,,
701.191,76397.0,2318.94,1782.74,,,,,
701.211,76421.0,2316.43,1780.23,,,,,
701.23,76418.0,2316.74,1780.54,,,,,
701.25,76435.0,2314.96,1778.77,,,,,
701.271,76410.0,2317.58,1781.38,,,,,
701.292,76487.0,2309.53,1773.33,,,,,
701.311,76506.0,2307.54,1771.34,,,,,
701.33,76554.0,2302.53,1766.33,,,,,
701.353,76607.0,2296.99,1760.79,,,,,
701.369,76639.0,2293.65,1757.46,,,,,
701.389,76683.0,2289.06,1752.86,,,,,
701.411,76763.0,2280.72,1744.52,,,,,
701.429,76777.0,2279.26,1743.06,,,,,
701.452,76783.0,2278.63,1742.44,,,,,
701.471,76765.0,2280.51,1744.31,,,,,
701.491,76773.0,2279.68,1743.48,,,,,
701.51,76739.0,2283.22,1747.02,,,,,
701.528,76748.0,2282.28,1746.09,,,,,
701.552,76770.0,2279.99,1743.79,,,,,
701.569,76759.0,2281.14,1744.94,,,,,
701.589,76788.0,2278.11,1741.92,,,,,
701.611,76817.0,2275.09,1738.9,,,,,
701.632,76800.0,2276.86,1740.67,,,,,
701.651,76822.0,2274.57,1738.38,,,,,
701.67,76847.0,2271.97,1735.77,,,,,
701.69,76876.0,2268.95,1732.75,,,,,
701.711,76882.0,2268.32,1732.13,,,,,
701.728,76879.0,2268.64,1732.44,,,,,
701.747,76890.0,2267.49,1731.29,,,,,
701.768,76892.0,2267.28,1731.09,,,,,
701.789,76898.0,2266.66,1730.46,,,,,
701.811,76914.0,2264.99,1728.8,,,,,
701.827,76927.0,2263.64,1727.44,,,,,
701.851,76925.0,2263.85,1727.65,,,,,
701.869,76928.0,2263.54,1727.34,,,,,
701.888,76931.0,2263.22,1727.03,,,,,
701.906,76943.0,2261.98,1725.78,,,,,
701.93,76945.0,2261.77,1725.57,,,,,
701.946,76953.0,2260.94,1724.74,,,,,
701.969,76954.0,2260.83,1724.64,,,,,
701.987,76949.0,2261.35,1725.16,,,,,
702.006,76953.0,2260.94,1724.74,,,,,
702.029,76947.0,2261.56,1725.36,,,,,
702.047,76943.0,2261.98,1725.78,,,,,
702.066,76958.0,2260.42,1724.22,,,,,
702.09,76974.0,2258.75,1722.56,,,,,
702.108,76966.0,2259.58,1723.39,,,,,
702.126,76971.0,2259.07,1722.87,,,,,
702.147,76998.0,2256.26,1720.06,,,,,
702.167,77007.0,2255.32,1719.12,,,,,
702.185,76995.0,2256.57,1720.37,,,,,
702.207,77015.0,2254.49,1718.29,,,,,
702.225,77031.0,2252.83,1716.63,,,,,
702.247,77025.0,2253.45,1717.25,,,,,
702.267,77019.0,2254.07,1717.88,,,,,
702.291,77029.0,2253.04,1716.84,,,,,
702.307,77055.0,2250.33,1714.14,,,,,
702.325,77062.0,2249.61,1713.41,,,,,
702.345,77059.0,2249.92,1713.72,,,,,
702.365,77103.0,2245.35,1709.15,,,,,
702.385,77082.0,2247.53,1711.33,,,,,
702.405,77099.0,2245.76,1709.56,,,,,
702.427,77117.0,2243.89,1707.7,,,,,
702.445,77117.0,2243.89,1707.7,,,,,
702.465,77141.0,2241.4,1705.2,,,,,
702.484,77135.0,2242.03,1705.83,,,,,
702.504,77116.0,2244.0,1707.8,,,,,
702.528,77144.0,2241.09,1704.89,,,,,
702.544,77139.0,2241.61,1705.41,,,,,
702.566,77181.0,2237.25,1701.05,,,,,
702.585,77185.0,2236.84,1700.64,,,,,
702.607,77185.0,2236.84,1700.64,,,,,
702.623,77184.0,2236.94,1700.74,,,,,
702.646,77190.0,2236.32,1700.12,,,,,
702.663,77170.0,2238.39,1702.19,,,,,
702.685,77155.0,2239.95,1703.75,,,,,
702.707,77159.0,2239.53,1703.34,,,,,
702.723,77160.0,2239.43,1703.23,,,,,
702.745,77146.0,2240.88,1704.68,,,,,
702.763,77153.0,2240.15,1703.96,,,,,
702.788,77157.0,2239.74,1703.54,,,,,
702.803,77141.0,2241.4,1705.2,,,,,
702.824,77141.0,2241.4,1705.2,,,,,
702.845,77148.0,2240.68,1704.48,,,,,
702.866,77146.0,2240.88,1704.68,,,,,
702.886,77154.0,2240.05,1703.85,,,,,
702.903,77165.0,2238.91,1702.71,,,,,
702.925,77172.0,2238.18,1701.99,,,,,
702.944,77170.0,2238.39,1702.19,,,,,
702.962,77185.0,2236.84,1700.64,,,,,
702.985,77206.0,2234.66,1698.46,,,,,
703.003,77195.0,2235.8,1699.6,,,,,
703.024,77233.0,2231.85,1695.66,,,,,
703.042,77230.0,2232.17,1695.97,,,,,
703.064,77232.0,2231.96,1695.76,,,,,
703.083,77234.0,2231.75,1695.55,,,,,
703.103,77246.0,2230.51,1694.31,,,,,
703.122,77246.0,2230.51,1694.31,,,,,
703.143,77264.0,2228.64,1692.44,,,,,
703.163,77272.0,2227.81,1691.61,,,,,
703.182,77267.0,2228.33,1692.13,,,,,
703.203,77274.0,2227.6,1691.41,,,,,
703.223,77272.0,2227.81,1691.61,,,,,
703.243,77277.0,2227.29,1691.1,,,,,
703.261,77293.0,2225.64,1689.44,,,,,
703.284,77315.0,2223.35,1687.16,,,,,
703.303,77317.0,2223.15,1686.95,,,,,
703.323,77290.0,2225.95,1689.75,,,,,
703.343,77300.0,2224.91,1688.71,,,,,
703.363,77332.0,2221.59,1685.39,,,,,
703.384,77289.0,2226.05,1689.85,,,,,
703.4,77289.0,2226.05,1689.85,,,,,
703.422,77322.0,2222.63,1686.43,,,,,
703.442,77356.0,2219.11,1682.91,,,,,
703.461,77335.0,2221.28,1685.09,,,,,
703.487,77364.0,2218.28,1682.08,,,,,
703.503,77342.0,2220.56,1684.36,,,,,
703.523,77348.0,2219.94,1683.74,,,,,
703.541,77366.0,2218.07,1681.88,,,,,
703.56,77361.0,2218.59,1682.39,,,,,
703.58,77369.0,2217.76,1681.56,,,,,
703.601,77348.0,2219.94,1683.74,,,,,
703.62,77419.0,2212.58,1676.39,,,,,
703.64,77358.0,2218.9,1682.7,,,,,
703.66,77420.0,2212.48,1676.28,,,,,
703.68,77457.0,2208.65,1672.46,,,,,
703.699,77419.0,2212.58,1676.39,,,,,
703.72,77467.0,2207.62,1671.42,,,,,
703.742,77446.0,2209.79,1673.59,,,,,
703.763,77457.0,2208.65,1672.46,,,,,
703.78,77465.0,2207.82,1671.63,,,,,
703.8,77400.0,2214.55,1678.35,,,,,
703.823,77463.0,2208.03,1671.83,,,,,
703.843,77666.0,2187.05,1650.85,,,,,
703.863,77767.0,2176.63,1640.43,,,,,
703.879,77881.0,2164.88,1628.68,,,,,
703.898,78066.0,2145.84,1609.64,,,,,
703.918,78147.0,2137.52,1601.32,,,,,
703.938,78234.0,2128.58,1592.39,,,,,
703.96,78356.0,2116.07,1579.87,,,,,
703.979,78428.0,2108.69,1572.49,,,,,
703.998,78490.0,2102.34,1566.15,,,,,
704.019,78548.0,2096.41,1560.21,,,,,
704.038,78584.0,2092.73,1556.53,,,,,
704.059,78643.0,2086.7,1550.5,,,,,
704.078,78646.0,2086.39,1550.19,,,,,
704.098,78638.0,2087.21,1551.01,,,,,
704.117,78662.0,2084.75,1548.56,,,,,
704.138,78642.0,2086.8,1550.6,,,,,
704.157,78645.0,2086.49,1550.29,,,,,
704.183,78716.0,2079.24,1543.04,,,,,
704.199,78787.0,2071.99,1535.79,,,,,
704.218,78741.0,2076.68,1540.49,,,,,
704.238,78738.0,2076.99,1540.79,,,,,
704.26,78748.0,2075.97,1539.77,,,,,
704.28,78749.0,2075.87,1539.67,,,,,
704.297,78714.0,2079.44,1543.24,,,,,
704.318,78710.0,2079.85,1543.65,,,,,
704.337,78686.0,2082.3,1546.1,,,,,
704.361,78638.0,2087.21,1551.01,,,,,
704.38,78577.0,2093.44,1557.24,,,,,
704.397,78570.0,2094.16,1557.96,,,,,
704.417,78481.0,2103.27,1567.07,,,,,
704.437,78465.0,2104.9,1568.71,,,,,
704.456,78334.0,2118.32,1582.13,,,,,
704.481,78219.0,2130.12,1593.92,,,,,
704.497,78139.0,2138.34,1602.14,,,,,
704.518,78182.0,2133.92,1597.72,,,,,
704.536,78156.0,2136.59,1600.4,,,,,
704.56,78217.0,2130.33,1594.13,,,,,
704.577,78230.0,2128.99,1592.8,,,,,
704.596,78290.0,2122.84,1586.64,,,,,
704.618,78355.0,2116.17,1579.98,,,,,
704.638,78535.0,2097.74,1561.54,,,,,
704.658,78570.0,2094.16,1557.96,,,,,
704.679,78621.0,2088.94,1552.75,,,,,
704.697,78636.0,2087.41,1551.21,,,,,
704.716,78617.0,2089.35,1553.15,,,,,
704.737,78626.0,2088.43,1552.23,,,,,
704.756,78576.0,2093.54,1557.35,,,,,
704.781,78496.0,2101.73,1565.53,,,,,
704.795,78496.0,2101.73,1565.53,,,,,
704.815,78425.0,2109.0,1572.8,,,,,
704.839,78227.0,2129.3,1593.1,,,,,
704.857,78098.0,2142.55,1606.35,,,,,
704.878,78007.0,2151.91,1615.71,,,,,
704.898,77896.0,2163.34,1627.14,,,,,
704.919,77809.0,2172.3,1636.1,,,,,
704.936,77712.0,2182.3,1646.11,,,,,
704.956,77648.0,2188.91,1652.71,,,,,
704.977,77532.0,2200.9,1664.7,,,,,
704.995,77579.0,2196.04,1659.84,,,,,
705.014,77517.0,2202.45,1666.25,,,,,
705.036,77539.0,2200.17,1663.97,,,,,
705.054,77657.0,2187.98,1651.78,,,,,
705.074,77751.0,2178.28,1642.08,,,,,
705.094,77822.0,2170.96,1634.76,,,,,
705.115,77891.0,2163.85,1627.65,,,,,
705.134,77882.0,2164.78,1628.58,,,,,
705.154,77900.0,2162.92,1626.73,,,,,
705.177,77876.0,2165.39,1629.2,,,,,
705.196,77921.0,2160.76,1624.56,,,,,
705.213,77908.0,2162.1,1625.9,,,,,
705.233,77911.0,2161.79,1625.59,,,,,
705.254,77913.0,2161.58,1625.39,,,,,
705.274,77909.0,2162.0,1625.8,,,,,
705.293,77957.0,2157.05,1620.85,,,,,
705.313,77933.0,2159.52,1623.33,,,,,
705.335,77904.0,2162.51,1626.31,,,,,
705.353,77809.0,2172.3,1636.1,,,,,
705.376,77830.0,2170.13,1633.94,,,,,
705.393,77764.0,2176.94,1640.74,,,,,
705.413,77692.0,2184.37,1648.17,,,,,
705.432,77737.0,2179.72,1643.53,,,,,
705.456,77970.0,2155.71,1619.52,,,,,
705.475,78091.0,2143.27,1607.07,,,,,
705.493,78175.0,2134.64,1598.44,,,,,
705.512,78294.0,2122.43,1586.23,,,,,
705.536,78386.0,2112.99,1576.8,,,,,
705.553,78490.0,2102.34,1566.15,,,,,
705.575,78585.0,2092.62,1556.43,,,,,
705.593,78670.0,2083.93,1547.74,,,,,
705.616,78740.0,2076.79,1540.59,,,,,
705.634,78783.0,2072.4,1536.2,,,,,
705.654,78791.0,2071.58,1535.38,,,,,
705.675,78800.0,2070.66,1534.46,,,,,
705.693,78858.0,2064.75,1528.55,,,,,
705.713,78845.0,2066.07,1529.87,,,,,
705.734,78834.0,2067.19,1531.0,,,,,
705.753,78809.0,2069.74,1533.54,,,,,
705.773,78762.0,2074.54,1538.34,,,,,
705.791,78731.0,2077.7,1541.51,,,,,
705.82,78680.0,2082.91,1546.72,,,,,
705.832,78628.0,2088.23,1552.03,,,,,
705.852,78598.0,2091.3,1555.1,,,,,
705.875,78547.0,2096.51,1560.31,,,,,
705.895,78402.0,2111.36,1575.16,,,,,
705.914,78366.0,2115.04,1578.85,,,,,
705.935,78273.0,2124.58,1588.38,,,,,
705.953,78236.0,2128.38,1592.18,,,,,
705.972,78206.0,2131.46,1595.26,,,,,
705.992,78218.0,2130.22,1594.03,,,,,
706.012,78151.0,2137.1,1600.91,,,,,
706.032,78123.0,2139.98,1603.78,,,,,
706.052,78141.0,2138.13,1601.94,,,,,
706.073,78112.0,2141.11,1604.92,,,,,
706.092,78132.0,2139.06,1602.86,,,,,
706.112,78134.0,2138.85,1602.65,,,,,
706.131,78294.0,2122.43,1586.23,,,,,
706.15,78436.0,2107.87,1571.68,,,,,
706.172,78569.0,2094.26,1558.06,,,,,
706.192,78760.0,2074.74,1538.55,,,,,
706.21,78982.0,2052.11,1515.91,,,,,
706.231,79207.0,2029.22,1493.02,,,,,
706.252,79371.0,2012.57,1476.37,,,,,
706.272,79477.0,2001.82,1465.62,,,,,
706.289,79562.0,1993.21,1457.02,,,,,
706.311,79621.0,1987.24,1451.04,,,,,
706.332,79689.0,1980.36,1444.17,,,,,
706.35,79673.0,1981.98,1445.78,,,,,
706.372,79638.0,1985.52,1449.32,,,,,
706.389,79576.0,1991.79,1455.6,,,,,
706.411,79565.0,1992.91,1456.71,,,,,
706.429,79474.0,2002.13,1465.93,,,,,
706.452,79354.0,2014.29,1478.1,,,,,
706.471,79273.0,2022.51,1486.32,,,,,
706.49,79175.0,2032.47,1496.28,,,,,
706.511,78984.0,2051.9,1515.71,,,,,
706.529,78878.0,2062.71,1526.51,,,,,
706.549,78795.0,2071.17,1534.97,,,,,
706.57,78733.0,2077.5,1541.3,,,,,
706.589,78669.0,2084.04,1547.84,,,,,
706.609,78584.0,2092.73,1556.53,,,,,
706.628,78594.0,2091.7,1555.51,,,,,
706.648,78530.0,2098.25,1562.05,,,,,
706.672,78464.0,2105.0,1568.81,,,,,
706.688,78464.0,2105.0,1568.81,,,,,
706.709,78419.0,2109.61,1573.42,,,,,
706.729,78427.0,2108.8,1572.6,,,,,
706.749,78430.0,2108.49,1572.29,,,,,
706.771,78401.0,2111.46,1575.26,,,,,
706.787,78357.0,2115.97,1579.77,,,,,
706.809,78337.0,2118.02,1581.82,,,,,
706.827,78295.0,2122.32,1586.13,,,,,
706.849,78318.0,2119.96,1583.77,,,,,
706.871,78280.0,2123.86,1587.66,,,,,
706.888,78287.0,2123.15,1586.95,,,,,
706.909,78261.0,2125.81,1589.61,,,,,
706.927,78235.0,2128.48,1592.28,,,,,
706.949,78312.0,2120.58,1584.38,,,,,
706.97,78358.0,2115.86,1579.67,,,,,
706.989,78465.0,2104.9,1568.71,,,,,
707.009,78470.0,2104.39,1568.19,,,,,
707.028,78531.0,2098.15,1561.95,,,,,
707.046,78603.0,2090.78,1554.59,,,,,
707.07,78826.0,2068.01,1531.81,,,,,
707.087,78876.0,2062.91,1526.71,,,,,
707.108,78859.0,2064.64,1528.45,,,,,
707.128,78803.0,2070.36,1534.16,,,,,
707.146,78821.0,2068.52,1532.32,,,,,
707.169,78792.0,2071.48,1535.28,,,,,
707.188,78830.0,2067.6,1531.4,,,,,
707.207,78855.0,2065.05,1528.85,,,,,
707.227,78882.0,2062.3,1526.1,,,,,
707.248,78879.0,2062.6,1526.41,,,,,
707.27,78861.0,2064.44,1528.24,,,,,
707.288,78916.0,2058.83,1522.64,,,,,
707.309,78950.0,2055.37,1519.17,,,,,
707.326,78977.0,2052.62,1516.42,,,,,
707.345,78975.0,2052.82,1516.62,,,,,
707.369,79003.0,2049.97,1513.77,,,,,
707.385,79012.0,2049.05,1512.86,,,,,
707.407,79018.0,2048.44,1512.25,,,,,
707.425,79019.0,2048.34,1512.14,,,,,
707.446,79027.0,2047.53,1511.33,,,,,
707.468,79001.0,2050.17,1513.98,,,,,
707.486,79002.0,2050.07,1513.87,,,,,
707.505,78986.0,2051.7,1515.5,,,,,
707.526,78973.0,2053.02,1516.83,,,,,
707.546,78943.0,2056.08,1519.88,,,,,
707.566,78965.0,2053.84,1517.64,,,,,
707.585,78997.0,2050.58,1514.38,,,,,
707.604,78995.0,2050.78,1514.59,,,,,
707.625,79002.0,2050.07,1513.87,,,,,
707.645,79038.0,2046.41,1510.21,,,,,
707.668,79096.0,2040.51,1504.31,,,,,
707.684,79096.0,2040.51,1504.31,,,,,
707.705,79030.0,2047.22,1511.02,,,,,
707.724,78982.0,2052.11,1515.91,,,,,
707.744,78881.0,2062.4,1526.2,,,,,
707.766,79103.0,2039.79,1503.59,,,,,
707.785,79170.0,2032.98,1496.78,,,,,
707.805,79182.0,2031.76,1495.56,,,,,
707.826,79218.0,2028.1,1491.91,,,,,
707.843,79244.0,2025.46,1489.26,,,,,
707.867,79154.0,2034.61,1498.41,,,,,
707.884,79154.0,2034.61,1498.41,,,,,
707.905,78982.0,2052.11,1515.91,,,,,
707.923,78982.0,2052.11,1515.91,,,,,
707.943,78970.0,2053.33,1517.13,,,,,
707.964,78998.0,2050.48,1514.28,,,,,
707.983,79041.0,2046.1,1509.9,,,,,
708.003,79140.0,2036.03,1499.83,,,,,
708.024,79216.0,2028.31,1492.11,,,,,
708.045,79267.0,2023.12,1486.93,,,,,
708.067,79354.0,2014.29,1478.1,,,,,
708.086,79421.0,2007.5,1471.3,,,,,
708.104,79379.0,2011.76,1475.56,,,,,
708.122,79343.0,2015.41,1479.21,,,,,
708.144,79380.0,2011.66,1475.46,,,,,
708.166,79378.0,2011.86,1475.66,,,,,
708.182,79376.0,2012.06,1475.86,,,,,
708.203,79422.0,2007.4,1471.2,,,,,
708.222,79451.0,2004.46,1468.26,,,,,
708.243,79475.0,2002.03,1465.83,,,,,
708.266,79485.0,2001.01,1464.81,,,,,
708.282,79518.0,1997.67,1461.47,,,,,
708.302,79553.0,1994.12,1457.93,,,,,
708.323,79567.0,1992.71,1456.51,,,,,
708.342,79589.0,1990.48,1454.28,,,,,
708.365,79613.0,1988.05,1451.85,,,,,
708.385,79626.0,1986.73,1450.54,,,,,
708.403,79628.0,1986.53,1450.34,,,,,
708.422,79631.0,1986.23,1450.03,,,,,
708.441,79627.0,1986.63,1450.44,,,,,
708.465,79620.0,1987.34,1451.15,,,,,
708.481,79603.0,1989.06,1452.86,,,,,
708.501,79604.0,1988.96,1452.76,,,,,
708.522,79604.0,1988.96,1452.76,,,,,
708.542,79597.0,1989.67,1453.47,,,,,
708.561,79582.0,1991.19,1454.99,,,,,
708.582,79571.0,1992.3,1456.1,,,,,
708.603,79587.0,1990.68,1454.48,,,,,
708.621,79573.0,1992.1,1455.9,,,,,
708.643,79577.0,1991.69,1455.5,,,,,
708.665,79582.0,1991.19,1454.99,,,,,
708.68,79591.0,1990.28,1454.08,,,,,
708.702,79603.0,1989.06,1452.86,,,,,
708.723,79581.0,1991.29,1455.09,,,,,
708.743,79608.0,1988.56,1452.36,,,,,
708.764,79625.0,1986.84,1450.64,,,,,
708.781,79630.0,1986.33,1450.13,,,,,
708.801,79639.0,1985.42,1449.22,,,,,
708.824,79654.0,1983.9,1447.7,,,,,
708.844,79669.0,1982.39,1446.19,,,,,
708.863,79684.0,1980.87,1444.67,,,,,
708.881,79694.0,1979.86,1443.66,,,,,
708.901,79704.0,1978.85,1442.65,,,,,
708.923,79718.0,1977.43,1441.23,,,,,
708.943,79706.0,1978.64,1442.45,,,,,
708.969,79732.0,1976.02,1439.82,,,,,
708.979,79732.0,1976.02,1439.82,,,,,
708.999,79750.0,1974.2,1438.0,,,,,
709.021,79746.0,1974.6,1438.4,,,,,
709.039,79746.0,1974.6,1438.4,,,,,
709.063,79741.0,1975.11,1438.91,,,,,
709.08,79746.0,1974.6,1438.4,,,,,
709.099,79742.0,1975.01,1438.81,,,,,
709.121,79761.0,1973.08,1436.89,,,,,
709.139,79770.0,1972.18,1435.98,,,,,
709.159,79774.0,1971.77,1435.57,,,,,
709.178,79762.0,1972.98,1436.79,,,,,
709.198,79774.0,1971.77,1435.57,,,,,
709.222,79789.0,1970.26,1434.06,,,,,
709.239,79785.0,1970.66,1434.46,,,,,
709.264,79809.0,1968.24,1432.04,,,,,
709.279,79791.0,1970.05,1433.86,,,,,
709.301,79801.0,1969.04,1432.85,,,,,
709.319,79796.0,1969.55,1433.35,,,,,
709.34,79805.0,1968.64,1432.44,,,,,
709.362,79808.0,1968.34,1432.14,,,,,
709.379,79817.0,1967.43,1431.23,,,,,
709.401,79835.0,1965.61,1429.41,,,,,
709.419,79833.0,1965.81,1429.62,,,,,
709.44,79842.0,1964.9,1428.71,,,,,
709.467,79853.0,1963.79,1427.6,,,,,
709.48,79856.0,1963.49,1427.29,,,,,
709.5,79848.0,1964.3,1428.1,,,,,
709.52,79855.0,1963.59,1427.4,,,,,
709.537,79870.0,1962.08,1425.88,,,,,
709.557,79868.0,1962.28,1426.08,,,,,
709.577,79873.0,1961.78,1425.58,,,,,
709.598,79880.0,1961.07,1424.87,,,,,
709.618,79893.0,1959.76,1423.56,,,,,
709.638,79885.0,1960.57,1424.37,,,,,
709.668,79908.0,1958.24,1422.05,,,,,
709.68,79911.0,1957.94,1421.74,,,,,
709.7,79926.0,1956.43,1420.23,,,,,
709.717,79921.0,1956.93,1420.73,,,,,
709.736,79948.0,1954.21,1418.01,,,,,
709.761,79931.0,1955.92,1419.73,,,,,
709.776,79932.0,1955.82,1419.62,,,,,
709.796,79937.0,1955.32,1419.12,,,,,
709.82,79946.0,1954.41,1418.21,,,,,
709.84,79944.0,1954.61,1418.41,,,,,
709.865,79952.0,1953.81,1417.61,,,,,
709.879,79961.0,1952.9,1416.7,,,,,
709.896,79960.0,1953.0,1416.8,,,,,
709.918,79965.0,1952.5,1416.3,,,,,
709.938,79971.0,1951.89,1415.69,,,,,
709.959,79979.0,1951.08,1414.88,,,,,
709.979,79970.0,1951.99,1415.79,,,,,
709.999,79983.0,1950.68,1414.48,,,,,
710.015,80006.0,1948.36,1412.16,,,,,
710.035,79993.0,1949.67,1413.47,,,,,
710.06,80028.0,1946.14,1409.95,,,,,
710.075,80045.0,1944.43,1408.23,,,,,
710.097,80052.0,1943.73,1407.53,,,,,
710.115,80069.0,1942.01,1405.82,,,,,
710.138,80086.0,1940.3,1404.1,,,,,
710.157,80082.0,1940.71,1404.51,,,,,
710.175,80100.0,1938.89,1402.69,,,,,
710.195,80122.0,1936.68,1400.48,,,,,
710.218,80135.0,1935.37,1399.17,,,,,
710.238,80142.0,1934.66,1398.47,,,,,
710.264,80151.0,1933.76,1397.56,,,,,
710.275,80162.0,1932.65,1396.45,,,,,
710.294,80174.0,1931.44,1395.24,,,,,
710.319,80187.0,1930.14,1393.94,,,,,
710.334,80200.0,1928.83,1392.63,,,,,
710.355,80207.0,1928.12,1391.93,,,,,
710.375,80205.0,1928.32,1392.13,,,,,
710.396,80209.0,1927.92,1391.73,,,,,
710.415,80224.0,1926.41,1390.22,,,,,
710.436,80223.0,1926.51,1390.32,,,,,
710.455,80233.0,1925.51,1389.31,,,,,
710.473,80232.0,1925.61,1389.41,,,,,
710.493,80238.0,1925.01,1388.81,,,,,
710.515,80246.0,1924.2,1388.0,,,,,
710.533,80253.0,1923.5,1387.3,,,,,
710.558,80259.0,1922.89,1386.7,,,,,
710.575,80269.0,1921.89,1385.69,,,,,
710.595,80265.0,1922.29,1386.09,,,,,
710.613,80256.0,1923.2,1387.0,,,,,
710.635,80257.0,1923.1,1386.9,,,,,
710.657,80259.0,1922.89,1386.7,,,,,
710.676,80265.0,1922.29,1386.09,,,,,
710.696,80264.0,1922.39,1386.19,,,,,
710.713,80269.0,1921.89,1385.69,,,,,
710.735,80277.0,1921.08,1384.89,,,,,
710.756,80286.0,1920.18,1383.98,,,,,
710.774,80291.0,1919.68,1383.48,,,,,
710.793,80291.0,1919.68,1383.48,,,,,
710.813,80278.0,1920.98,1384.79,,,,,
710.832,80274.0,1921.39,1385.19,,,,,
710.855,80259.0,1922.89,1386.7,,,,,
710.874,80250.0,1923.8,1387.6,,,,,
710.893,80261.0,1922.69,1386.5,,,,,
710.912,80261.0,1922.69,1386.5,,,,,
710.934,80278.0,1920.98,1384.79,,,,,
710.954,80284.0,1920.38,1384.18,,,,,
710.972,80259.0,1922.89,1386.7,,,,,
710.996,80276.0,1921.18,1384.99,,,,,
711.011,80331.0,1915.66,1379.46,,,,,
711.033,80364.0,1912.34,1376.15,,,,,
711.055,80391.0,1909.63,1373.44,,,,,
711.071,80391.0,1909.63,1373.44,,,,,
711.091,80346.0,1914.15,1377.95,,,,,
711.111,80313.0,1917.47,1381.27,,,,,
711.131,80187.0,1930.14,1393.94,,,,,
711.152,80237.0,1925.11,1388.91,,,,,
711.173,80279.0,1920.88,1384.69,,,,,
711.192,80380.0,1910.74,1374.54,,,,,
711.213,80519.0,1896.79,1360.59,,,,,
711.232,80683.0,1880.36,1344.16,,,,,
711.251,80838.0,1864.86,1328.66,,,,,
711.274,81139.0,1834.82,1298.62,,,,,
711.292,81263.0,1822.47,1286.27,,,,,
711.311,81329.0,1815.9,1279.71,,,,,
711.332,81391.0,1809.74,1273.54,,,,,
711.352,81442.0,1804.67,1268.47,,,,,
711.371,81458.0,1803.08,1266.88,,,,,
711.392,81476.0,1801.29,1265.09,,,,,
711.411,81494.0,1799.5,1263.31,,,,,
711.43,81503.0,1798.61,1262.41,,,,,
711.451,81511.0,1797.82,1261.62,,,,,
711.471,81525.0,1796.43,1260.23,,,,,
711.492,81537.0,1795.23,1259.04,,,,,
711.511,81544.0,1794.54,1258.34,,,,,
711.531,81555.0,1793.45,1257.25,,,,,
711.551,81549.0,1794.05,1257.85,,,,,
711.57,81552.0,1793.75,1257.55,,,,,
711.591,81550.0,1793.95,1257.75,,,,,
711.609,81546.0,1794.34,1258.14,,,,,
711.631,81518.0,1797.12,1260.92,,,,,
711.65,81482.0,1800.7,1264.5,,,,,
711.671,81409.0,1807.95,1271.75,,,,,
711.69,81353.0,1813.51,1277.32,,,,,
711.709,81282.0,1820.58,1284.38,,,,,
711.731,81204.0,1828.34,1292.15,,,,,
711.751,81091.0,1839.6,1303.4,,,,,
711.77,80957.0,1852.97,1316.77,,,,,
711.79,80862.0,1862.46,1326.26,,,,,
711.81,80766.0,1872.05,1335.86,,,,,
711.838,80569.0,1891.78,1355.58,,,,,
711.849,80569.0,1891.78,1355.58,,,,,
711.869,80372.0,1911.54,1375.34,,,,,
711.889,80376.0,1911.14,1374.94,,,,,
711.91,80355.0,1913.25,1377.05,,,,,
711.929,80337.0,1915.06,1378.86,,,,,
711.95,80418.0,1906.92,1370.72,,,,,
711.968,80461.0,1902.61,1366.41,,,,,
711.988,80484.0,1900.3,1364.1,,,,,
712.008,80479.0,1900.8,1364.6,,,,,
712.032,80438.0,1904.92,1368.72,,,,,
712.049,80459.0,1902.81,1366.61,,,,,
712.07,80435.0,1905.22,1369.02,,,,,
712.093,80473.0,1901.4,1365.21,,,,,
712.11,80521.0,1896.59,1360.39,,,,,
712.13,81244.0,1824.36,1288.16,,,,,
712.152,81124.0,1836.31,1300.11,,,,,
712.167,81223.0,1826.45,1290.25,,,,,
712.193,81348.0,1814.01,1277.82,,,,,
712.208,81564.0,1792.56,1256.36,,,,,
712.227,81707.0,1778.38,1242.18,,,,,
712.248,81811.0,1768.08,1231.88,,,,,
712.268,81856.0,1763.62,1227.43,,,,,
712.288,81931.0,1756.21,1220.01,,,,,
712.307,81980.0,1751.36,1215.16,,,,,
712.331,82001.0,1749.29,1213.09,,,,,
712.347,82010.0,1748.4,1212.2,,,,,
712.367,82019.0,1747.51,1211.31,,,,,
712.388,82017.0,1747.71,1211.51,,,,,
712.406,82014.0,1748.0,1211.81,,,,,
712.428,82030.0,1746.42,1210.23,,,,,
712.447,82029.0,1746.52,1210.32,,,,,
712.466,82021.0,1747.31,1211.11,,,,,
712.489,82016.0,1747.81,1211.61,,,,,
712.507,81989.0,1750.47,1214.28,,,,,
712.528,81896.0,1759.67,1223.47,,,,,
712.548,81607.0,1788.29,1252.09,,,,,
712.567,81350.0,1813.81,1277.61,,,,,
712.586,81078.0,1840.9,1304.7,,,,,
712.606,80858.0,1862.86,1326.66,,,,,
712.626,80654.0,1883.26,1347.06,,,,,
712.647,80645.0,1884.16,1347.97,,,,,
712.666,80676.0,1881.06,1344.86,,,,,
712.688,80816.0,1867.05,1330.86,,,,,
712.706,80967.0,1851.97,1315.77,,,,,
712.725,80996.0,1849.08,1312.88,,,,,
712.746,81022.0,1846.48,1310.28,,,,,
712.766,80997.0,1848.98,1312.78,,,,,
712.785,81015.0,1847.18,1310.98,,,,,
712.808,80956.0,1853.07,1316.87,,,,,
712.826,80959.0,1852.77,1316.57,,,,,
712.849,80968.0,1851.87,1315.67,,,,,
712.869,80978.0,1850.87,1314.68,,,,,
712.887,80991.0,1849.58,1313.38,,,,,
712.904,80983.0,1850.37,1314.18,,,,,
712.924,81001.0,1848.58,1312.38,,,,,
712.947,81014.0,1847.28,1311.08,,,,,
712.965,81009.0,1847.78,1311.58,,,,,
712.987,81036.0,1845.09,1308.89,,,,,
713.007,81063.0,1842.39,1306.19,,,,,
713.026,81052.0,1843.49,1307.29,,,,,
713.048,81061.0,1842.59,1306.39,,,,,
713.064,81071.0,1841.6,1305.4,,,,,
713.084,81048.0,1843.89,1307.69,,,,,
713.105,81044.0,1844.29,1308.09,,,,,
713.124,81050.0,1843.69,1307.49,,,,,
713.146,81064.0,1842.29,1306.1,,,,,
713.164,81081.0,1840.6,1304.4,,,,,
713.185,81064.0,1842.29,1306.1,,,,,
713.204,81095.0,1839.2,1303.0,,,,,
713.225,81092.0,1839.5,1303.3,,,,,
713.246,81095.0,1839.2,1303.0,,,,,
713.265,81113.0,1837.41,1301.21,,,,,
713.284,81154.0,1833.32,1297.13,,,,,
713.305,81154.0,1833.32,1297.13,,,,,
713.323,81136.0,1835.11,1298.92,,,,,
713.346,81091.0,1839.6,1303.4,,,,,
713.363,81195.0,1829.24,1293.04,,,,,
713.384,81184.0,1830.33,1294.14,,,,,
713.403,81167.0,1832.03,1295.83,,,,,
713.424,81188.0,1829.94,1293.74,,,,,
713.443,81220.0,1826.75,1290.55,,,,,
713.464,81211.0,1827.65,1291.45,,,,,
713.483,81228.0,1825.95,1289.75,,,,,
713.504,81269.0,1821.87,1285.67,,,,,
713.523,81246.0,1824.16,1287.96,,,,,
713.544,81226.0,1826.15,1289.95,,,,,
713.564,81181.0,1830.63,1294.44,,,,,
713.585,81144.0,1834.32,1298.12,,,,,
713.604,81141.0,1834.62,1298.42,,,,,
713.624,81131.0,1835.61,1299.42,,,,,
713.644,81090.0,1839.7,1303.5,,,,,
713.663,81068.0,1841.89,1305.7,,,,,
713.682,81104.0,1838.31,1302.11,,,,,
713.702,81154.0,1833.32,1297.13,,,,,
713.721,81148.0,1833.92,1297.72,,,,,
713.745,81139.0,1834.82,1298.62,,,,,
713.763,81153.0,1833.42,1297.22,,,,,
713.782,81173.0,1831.43,1295.23,,,,,
713.803,81218.0,1826.95,1290.75,,,,,
713.822,81261.0,1822.67,1286.47,,,,,
713.842,81288.0,1819.98,1283.78,,,,,
713.863,81317.0,1817.09,1280.9,,,,,
713.881,81336.0,1815.21,1279.01,,,,,
713.901,81409.0,1807.95,1271.75,,,,,
713.921,81447.0,1804.17,1267.98,,,,,
713.944,81437.0,1805.17,1268.97,,,,,
713.962,81465.0,1802.38,1266.19,,,,,
713.984,81460.0,1802.88,1266.68,,,,,
714.0,81476.0,1801.29,1265.09,,,,,
714.022,81509.0,1798.01,1261.82,,,,,
714.041,81535.0,1795.43,1259.24,,,,,
714.062,81579.0,1791.07,1254.87,,,,,
714.08,81653.0,1783.73,1247.53,,,,,
714.1,81589.0,1790.08,1253.88,,,,,
714.12,81612.0,1787.79,1251.6,,,,,
714.144,81585.0,1790.47,1254.28,,,,,
714.162,81640.0,1785.02,1248.82,,,,,
714.18,81654.0,1783.63,1247.43,,,,,
714.201,81648.0,1784.22,1248.03,,,,,
714.221,81652.0,1783.83,1247.63,,,,,
714.24,81628.0,1786.21,1250.01,,,,,
714.261,81635.0,1785.51,1249.32,,,,,
714.281,81642.0,1784.82,1248.62,,,,,
714.301,81669.0,1782.14,1245.94,,,,,
714.32,81660.0,1783.04,1246.84,,,,,
714.34,81641.0,1784.92,1248.72,,,,,
714.36,81661.0,1782.94,1246.74,,,,,
714.38,81678.0,1781.25,1245.05,,,,,
714.401,81688.0,1780.26,1244.06,,,,,
714.42,81686.0,1780.46,1244.26,,,,,
714.441,81684.0,1780.66,1244.46,,,,,
714.459,81677.0,1781.35,1245.15,,,,,
714.481,81691.0,1779.96,1243.76,,,,,
714.501,81714.0,1777.68,1241.49,,,,,
714.522,81740.0,1775.11,1238.91,,,,,
714.541,81736.0,1775.5,1239.31,,,,,
714.558,81736.0,1775.5,1239.31,,,,,
714.579,81749.0,1774.22,1238.02,,,,,
714.599,81760.0,1773.13,1236.93,,,,,
714.618,81768.0,1772.33,1236.14,,,,,
714.641,81774.0,1771.74,1235.54,,,,,
714.659,81781.0,1771.05,1234.85,,,,,
714.679,81781.0,1771.05,1234.85,,,,,
714.7,81780.0,1771.15,1234.95,,,,,
714.717,81782.0,1770.95,1234.75,,,,,
714.739,81793.0,1769.86,1233.66,,,,,
714.761,81816.0,1767.58,1231.39,,,,,
714.777,81829.0,1766.3,1230.1,,,,,
714.8,81830.0,1766.2,1230.0,,,,,
714.82,81841.0,1765.11,1228.91,,,,,
714.844,81852.0,1764.02,1227.82,,,,,
714.858,81867.0,1762.54,1226.34,,,,,
714.878,81885.0,1760.76,1224.56,,,,,
714.897,81898.0,1759.47,1223.27,,,,,
714.918,81902.0,1759.07,1222.87,,,,,
714.941,81918.0,1757.49,1221.29,,,,,
714.957,81918.0,1757.49,1221.29,,,,,
714.978,81925.0,1756.8,1220.6,,,,,
714.996,81939.0,1755.42,1219.22,,,,,
715.02,81937.0,1755.61,1219.42,,,,,
715.036,81936.0,1755.71,1219.51,,,,,
715.057,81945.0,1754.82,1218.62,,,,,
715.079,81950.0,1754.33,1218.13,,,,,
715.1,81966.0,1752.75,1216.55,,,,,
715.117,81962.0,1753.14,1216.94,,,,,
715.142,81980.0,1751.36,1215.16,,,,,
715.156,81983.0,1751.07,1214.87,,,,,
715.178,81979.0,1751.46,1215.26,,,,,
715.197,81977.0,1751.66,1215.46,,,,,
715.215,81980.0,1751.36,1215.16,,,,,
715.243,81996.0,1749.78,1213.58,,,,,
715.255,82001.0,1749.29,1213.09,,,,,
715.277,82014.0,1748.0,1211.81,,,,,
715.296,82026.0,1746.82,1210.62,,,,,
715.315,82030.0,1746.42,1210.23,,,,,
715.341,82031.0,1746.32,1210.13,,,,,
715.36,82059.0,1743.56,1207.36,,,,,
715.377,82073.0,1742.18,1205.98,,,,,
715.395,82019.0,1747.51,1211.31,,,,,
715.415,82021.0,1747.31,1211.11,,,,,
715.438,82046.0,1744.84,1208.65,,,,,
715.457,82046.0,1744.84,1208.65,,,,,
715.474,82054.0,1744.05,1207.86,,,,,
715.494,82050.0,1744.45,1208.25,,,,,
715.516,82072.0,1742.28,1206.08,,,,,
715.541,82073.0,1742.18,1205.98,,,,,
715.555,82076.0,1741.88,1205.68,,,,,
715.576,82076.0,1741.88,1205.68,,,,,
715.596,82090.0,1740.5,1204.3,,,,,
715.614,82118.0,1737.74,1201.54,,,,,
715.643,82135.0,1736.06,1199.86,,,,,
715.656,82139.0,1735.66,1199.46,,,,,
715.675,82164.0,1733.2,1197.0,,,,,
715.698,82166.0,1733.0,1196.8,,,,,
715.714,82170.0,1732.6,1196.41,,,,,
715.74,82181.0,1731.52,1195.32,,,,,
715.754,82196.0,1730.04,1193.84,,,,,
715.776,82213.0,1728.36,1192.17,,,,,
715.794,82225.0,1727.18,1190.98,,,,,
715.814,82224.0,1727.28,1191.08,,,,,
715.836,82217.0,1727.97,1191.77,,,,,
715.854,82214.0,1728.27,1192.07,,,,,
715.875,82233.0,1726.39,1190.19,,,,,
715.893,82240.0,1725.7,1189.51,,,,,
715.913,82266.0,1723.14,1186.94,,,,,
715.936,82282.0,1721.56,1185.36,,,,,
715.956,82285.0,1721.27,1185.07,,,,,
715.976,82299.0,1719.89,1183.69,,,,,
715.996,82305.0,1719.3,1183.1,,,,,
716.012,82317.0,1718.12,1181.92,,,,,
716.033,82322.0,1717.62,1181.43,,,,,
716.055,82346.0,1715.26,1179.06,,,,,
716.072,82323.0,1717.52,1181.33,,,,,
716.093,82329.0,1716.93,1180.74,,,,,
716.112,82335.0,1716.34,1180.15,,,,,
716.135,82380.0,1711.91,1175.72,,,,,
716.153,82390.0,1710.93,1174.73,,,,,
716.175,82398.0,1710.14,1173.94,,,,,
716.195,82398.0,1710.14,1173.94,,,,,
716.213,82416.0,1708.37,1172.17,,,,,
716.231,82424.0,1707.58,1171.38,,,,,
716.252,82421.0,1707.88,1171.68,,,,,
716.274,82421.0,1707.88,1171.68,,,,,
716.293,82422.0,1707.78,1171.58,,,,,
716.314,82435.0,1706.5,1170.3,,,,,
716.335,82440.0,1706.01,1169.81,,,,,
716.351,82433.0,1706.7,1170.5,,,,,
716.373,82439.0,1706.11,1169.91,,,,,
716.393,82459.0,1704.14,1167.94,,,,,
716.415,82450.0,1705.02,1168.83,,,,,
716.431,82442.0,1705.81,1169.61,,,,,
716.452,82452.0,1704.83,1168.63,,,,,
716.472,82450.0,1705.02,1168.83,,,,,
716.49,82479.0,1702.17,1165.98,,,,,
716.511,82480.0,1702.08,1165.88,,,,,
716.532,82487.0,1701.39,1165.19,,,,,
716.552,82485.0,1701.58,1165.39,,,,,
716.571,82496.0,1700.5,1164.3,,,,,
716.593,82506.0,1699.52,1163.32,,,,,
716.613,82508.0,1699.32,1163.12,,,,,
716.633,82516.0,1698.53,1162.34,,,,,
716.652,82520.0,1698.14,1161.94,,,,,
716.671,82521.0,1698.04,1161.85,,,,,
716.693,82546.0,1695.59,1159.39,,,,,
716.712,82545.0,1695.68,1159.49,,,,,
716.732,82553.0,1694.9,1158.7,,,,,
716.75,82553.0,1694.9,1158.7,,,,,
716.771,82562.0,1694.01,1157.82,,,,,
716.792,82582.0,1692.05,1155.85,,,,,
716.812,82581.0,1692.15,1155.95,,,,,
716.831,82585.0,1691.75,1155.56,,,,,
716.849,82594.0,1690.87,1154.67,,,,,
716.869,82592.0,1691.07,1154.87,,,,,
716.889,82590.0,1691.26,1155.07,,,,,
716.911,82601.0,1690.18,1153.98,,,,,
716.93,82595.0,1690.77,1154.57,,,,,
716.951,82597.0,1690.58,1154.38,,,,,
716.97,82593.0,1690.97,1154.77,,,,,
716.989,82587.0,1691.56,1155.36,,,,,
717.009,82581.0,1692.15,1155.95,,,,,
717.029,82576.0,1692.64,1156.44,,,,,
717.05,82588.0,1691.46,1155.26,,,,,
717.069,82577.0,1692.54,1156.34,,,,,
717.091,82565.0,1693.72,1157.52,,,,,
717.11,82564.0,1693.82,1157.62,,,,,
717.129,82549.0,1695.29,1159.09,,,,,
717.149,82554.0,1694.8,1158.6,,,,,
717.173,82553.0,1694.9,1158.7,,,,,
717.188,82514.0,1698.73,1162.54,,,,,
717.208,82520.0,1698.14,1161.94,,,,,
717.229,82507.0,1699.42,1163.22,,,,,
717.25,82565.0,1693.72,1157.52,,,,,
717.268,82564.0,1693.82,1157.62,,,,,
717.29,82606.0,1689.69,1153.49,,,,,
717.31,82580.0,1692.25,1156.05,,,,,
717.33,82612.0,1689.1,1152.91,,,,,
717.349,82611.0,1689.2,1153.0,,,,,
717.37,82593.0,1690.97,1154.77,,,,,
717.39,82557.0,1694.51,1158.31,,,,,
717.409,82679.0,1682.53,1146.33,,,,,
717.427,82940.0,1656.94,1120.74,,,,,
717.449,83350.0,1616.89,1080.69,,,,,
717.467,83489.0,1603.34,1067.15,,,,,
717.487,83632.0,1589.43,1053.23,,,,,
717.507,83576.0,1594.87,1058.68,,,,,
717.527,83834.0,1569.81,1033.61,,,,,
717.55,83680.0,1584.76,1048.57,,,,,
717.569,83975.0,1556.13,1019.94,,,,,
717.588,83888.0,1564.57,1028.37,,,,,
717.607,83651.0,1587.58,1051.38,,,,,
717.629,83241.0,1627.52,1091.32,,,,,
717.65,83874.0,1565.93,1029.73,,,,,
717.667,83736.0,1579.32,1043.12,,,,,
717.687,83617.0,1590.89,1054.69,,,,,
717.707,83628.0,1589.82,1053.62,,,,,
717.73,83088.0,1642.47,1106.27,,,,,
717.75,82936.0,1657.33,1121.14,,,,,
717.767,82757.0,1674.87,1138.68,,,,,
717.79,82775.0,1673.11,1136.91,,,,,
717.807,82723.0,1678.21,1142.01,,,,,
717.827,82860.0,1664.78,1128.58,,,,,
717.848,82937.0,1657.24,1121.04,,,,,
717.866,82927.0,1658.22,1122.02,,,,,
717.886,82969.0,1654.1,1117.91,,,,,
717.908,82822.0,1668.5,1132.3,,,,,
717.928,82813.0,1669.38,1133.18,,,,,
717.948,82722.0,1678.31,1142.11,,,,,
717.968,82698.0,1680.66,1144.46,,,,,
717.987,82751.0,1675.46,1139.26,,,,,
718.008,82816.0,1669.09,1132.89,,,,,
718.027,82874.0,1663.41,1127.21,,,,,
718.046,82936.0,1657.33,1121.14,,,,,
718.07,82922.0,1658.7,1122.51,,,,,
718.086,82961.0,1654.89,1118.69,,,,,
718.106,82974.0,1653.62,1117.42,,,,,
718.126,82910.0,1659.88,1123.68,,,,,
718.146,82848.0,1665.95,1129.75,,,,,
718.166,82816.0,1669.09,1132.89,,,,,
718.186,82805.0,1670.17,1133.97,,,,,
718.205,82800.0,1670.66,1134.46,,,,,
718.227,82874.0,1663.41,1127.21,,,,,
718.246,82862.0,1664.58,1128.38,,,,,
718.265,82935.0,1657.43,1121.23,,,,,
718.287,82882.0,1662.62,1126.43,,,,,
718.305,82950.0,1655.96,1119.77,,,,,
718.326,82886.0,1662.23,1126.03,,,,,
718.348,82852.0,1665.56,1129.36,,,,,
718.365,82802.0,1670.46,1134.26,,,,,
718.388,82752.0,1675.36,1139.17,,,,,
718.408,82740.0,1676.54,1140.34,,,,,
718.424,82730.0,1677.52,1141.32,,,,,
718.444,82784.0,1672.23,1136.03,,,,,
718.464,82858.0,1664.97,1128.77,,,,,
718.485,82840.0,1666.74,1130.54,,,,,
718.506,82867.0,1664.09,1127.89,,,,,
718.526,82848.0,1665.95,1129.75,,,,,
718.544,82883.0,1662.53,1126.33,,,,,
718.564,82801.0,1670.56,1134.36,,,,,
718.585,82863.0,1664.48,1128.29,,,,,
718.604,82911.0,1659.78,1123.59,,,,,
718.623,83006.0,1650.48,1114.29,,,,,
718.646,83177.0,1633.77,1097.57,,,,,
718.666,83187.0,1632.79,1096.59,,,,,
718.683,83187.0,1632.79,1096.59,,,,,
718.703,83294.0,1622.35,1086.15,,,,,
718.725,83258.0,1625.86,1089.66,,,,,
718.743,83228.0,1628.79,1092.59,,,,,
718.763,83218.0,1629.77,1093.57,,,,,
718.783,83278.0,1623.91,1087.71,,,,,
718.804,83262.0,1625.47,1089.27,,,,,
718.825,83279.0,1623.81,1087.62,,,,,
718.842,83261.0,1625.57,1089.37,,,,,
718.862,83234.0,1628.2,1092.01,,,,,
718.883,83240.0,1627.62,1091.42,,,,,
718.902,83212.0,1630.35,1094.16,,,,,
718.922,83242.0,1627.42,1091.23,,,,,
718.942,83361.0,1615.82,1079.62,,,,,
718.964,83353.0,1616.59,1080.4,,,,,
718.984,83276.0,1624.1,1087.91,,,,,
719.003,83283.0,1623.42,1087.22,,,,,
719.025,83294.0,1622.35,1086.15,,,,,
719.042,83339.0,1617.96,1081.76,,,,,
719.063,83330.0,1618.84,1082.64,,,,,
719.084,83358.0,1616.11,1079.91,,,,,
719.102,83345.0,1617.37,1081.18,,,,,
719.121,83293.0,1622.45,1086.25,,,,,
719.143,83431.0,1608.99,1072.79,,,,,
719.162,83361.0,1615.82,1079.62,,,,,
719.183,83384.0,1613.57,1077.37,,,,,
719.201,83396.0,1612.4,1076.21,,,,,
719.222,83392.0,1612.79,1076.59,,,,,
719.242,83377.0,1614.26,1078.06,,,,,
719.261,83418.0,1610.26,1074.06,,,,,
719.281,83468.0,1605.39,1069.19,,,,,
719.303,83440.0,1608.12,1071.92,,,,,
719.325,83397.0,1612.31,1076.11,,,,,
719.341,83289.0,1622.84,1086.64,,,,,
719.36,83236.0,1628.01,1091.81,,,,,
719.381,83325.0,1619.32,1083.13,,,,,
719.4,83492.0,1603.05,1066.86,,,,,
719.422,83615.0,1591.08,1054.89,,,,,
719.441,83746.0,1578.35,1042.15,,,,,
719.462,83924.0,1561.08,1024.88,,,,,
719.482,84166.0,1537.64,1001.44,,,,,
719.501,84226.0,1531.84,995.64,,,,,
719.524,84305.0,1524.2,988.004,,,,,
719.542,84361.0,1518.79,982.595,,,,,
719.561,84369.0,1518.02,981.824,,,,,
719.581,84348.0,1520.05,983.85,,,,,
719.602,84357.0,1519.18,982.983,,,,,
719.623,84351.0,1519.76,983.562,,,,,
719.641,84308.0,1523.91,987.716,,,,,
719.659,84265.0,1528.07,991.87,,,,,
719.68,84202.0,1534.16,997.96,,,,,
719.701,84087.0,1545.28,1009.09,,,,,
719.719,84036.0,1550.22,1014.03,,,,,
719.74,83975.0,1556.13,1019.94,,,,,
719.762,83846.0,1568.64,1032.44,,,,,
719.781,83724.0,1580.49,1044.29,,,,,
719.8,83652.0,1587.48,1051.29,,,,,
719.821,83573.0,1595.17,1058.97,,,,,
719.839,83466.0,1605.58,1069.39,,,,,
719.859,83402.0,1611.82,1075.62,,,,,
719.882,83394.0,1612.6,1076.4,,,,,
719.901,83362.0,1615.72,1079.52,,,,,
719.923,83407.0,1611.33,1075.13,,,,,
719.942,83582.0,1594.29,1058.1,,,,,
719.96,83624.0,1590.21,1054.01,,,,,
719.978,83729.0,1580.0,1043.8,,,,,
719.998,83796.0,1573.5,1037.3,,,,,
720.021,83804.0,1572.72,1036.52,,,,,
720.04,83807.0,1572.43,1036.23,,,,,
720.059,83733.0,1579.61,1043.42,,,,,
720.078,83790.0,1574.08,1037.88,,,,,
720.098,83710.0,1581.85,1045.65,,,,,
720.121,83783.0,1574.76,1038.56,,,,,
720.14,83832.0,1570.0,1033.8,,,,,
720.158,83835.0,1569.71,1033.51,,,,,
720.178,83864.0,1566.9,1030.7,,,,,
720.198,83849.0,1568.35,1032.15,,,,,
720.218,83858.0,1567.48,1031.28,,,,,
720.238,83894.0,1563.99,1027.79,,,,,
720.257,83883.0,1565.05,1028.86,,,,,
720.279,83869.0,1566.41,1030.21,,,,,
720.3,83853.0,1567.96,1031.77,,,,,
720.317,83865.0,1566.8,1030.6,,,,,
720.339,83905.0,1562.92,1026.72,,,,,
720.358,83925.0,1560.98,1024.78,,,,,
720.377,83920.0,1561.46,1025.27,,,,,
720.397,83954.0,1558.17,1021.97,,,,,
720.418,83984.0,1555.26,1019.06,,,,,
720.439,83975.0,1556.13,1019.94,,,,,
720.457,84000.0,1553.71,1017.51,,,,,
720.476,83973.0,1556.33,1020.13,,,,,
720.497,83997.0,1554.0,1017.8,,,,,
720.518,84046.0,1549.25,1013.06,,,,,
720.537,84075.0,1546.45,1010.25,,,,,
720.557,84006.0,1553.13,1016.93,,,,,
720.577,83994.0,1554.29,1018.09,,,,,
720.596,84078.0,1546.16,1009.96,,,,,
720.618,84053.0,1548.58,1012.38,,,,,
720.638,84071.0,1546.83,1010.64,,,,,
720.656,84106.0,1543.45,1007.25,,,,,
720.678,84058.0,1548.09,1011.9,,,,,
720.698,84061.0,1547.8,1011.6,,,,,
720.717,84038.0,1550.03,1013.83,,,,,
720.738,84056.0,1548.29,1012.09,,,,,
720.756,84070.0,1546.93,1010.73,,,,,
720.775,84078.0,1546.16,1009.96,,,,,
720.796,84069.0,1547.03,1010.83,,,,,
720.819,84062.0,1547.7,1011.51,,,,,
720.837,84097.0,1544.32,1008.12,,,,,
720.857,84126.0,1541.51,1005.31,,,,,
720.877,84054.0,1548.48,1012.28,,,,,
720.896,84092.0,1544.8,1008.6,,,,,
720.919,84096.0,1544.41,1008.21,,,,,
720.937,84076.0,1546.35,1010.15,,,,,
720.957,84106.0,1543.45,1007.25,,,,,
720.979,84062.0,1547.7,1011.51,,,,,
720.996,83925.0,1560.98,1024.78,,,,,
721.018,83932.0,1560.3,1024.1,,,,,
721.037,83997.0,1554.0,1017.8,,,,,
721.054,84121.0,1541.99,1005.79,,,,,
721.075,84140.0,1540.16,1003.96,,,,,
721.095,84171.0,1537.16,1000.96,,,,,
721.117,84235.0,1530.97,994.768,,,,,
721.138,84223.0,1532.13,995.928,,,,,
721.154,84234.0,1531.06,994.866,,,,,
721.175,84214.0,1533.0,996.8,,,,,
721.194,84156.0,1538.61,1002.41,,,,,
721.216,84161.0,1538.12,1001.93,,,,,
721.235,84128.0,1541.32,1005.12,,,,,
721.254,84098.0,1544.22,1008.02,,,,,
721.274,84091.0,1544.9,1008.7,,,,,
721.293,84054.0,1548.48,1012.28,,,,,
721.313,84132.0,1540.93,1004.73,,,,,
721.335,84233.0,1531.16,994.961,,,,,
721.353,84265.0,1528.07,991.87,,,,,
721.374,84333.0,1521.5,985.298,,,,,
721.394,84328.0,1521.98,985.782,,,,,
721.416,84396.0,1515.42,979.218,,,,,
721.435,84412.0,1513.87,977.673,,,,,
721.454,84424.0,1512.71,976.515,,,,,
721.473,84422.0,1512.91,976.708,,,,,
721.496,84391.0,1515.9,979.699,,,,,
721.515,84394.0,1515.61,979.411,,,,,
721.535,84353.0,1519.57,983.369,,,,,
721.555,84348.0,1520.05,983.85,,,,,
721.573,84388.0,1516.19,979.99,,,,,
721.595,84418.0,1513.29,977.094,,,,,
721.619,84399.0,1515.13,978.928,,,,,
721.638,84398.0,1515.22,979.023,,,,,
721.654,84417.0,1513.39,977.189,,,,,
721.674,84404.0,1514.64,978.444,,,,,
721.692,84428.0,1512.33,976.129,,,,,
721.715,84475.0,1507.79,971.595,,,,,
721.735,84467.0,1508.56,972.367,,,,,
721.752,84443.0,1510.88,974.681,,,,,
721.772,84493.0,1506.06,969.859,,,,,
721.792,84507.0,1504.71,968.509,,,,,
721.816,84512.0,1504.22,968.025,,,,,
721.836,84539.0,1501.62,965.423,,,,,
721.852,84542.0,1501.33,965.135,,,,,
721.873,84522.0,1503.26,967.064,,,,,
721.893,84498.0,1505.57,969.376,,,,,
721.921,84569.0,1498.73,962.532,,,,,
721.934,84564.0,1499.21,963.013,,,,,
721.954,84585.0,1497.19,960.992,,,,,
721.972,84612.0,1494.59,958.389,,,,,
721.992,84592.0,1496.51,960.315,,,,,
722.011,84614.0,1494.39,958.196,,,,,
722.035,84599.0,1495.84,959.642,,,,,
722.053,84619.0,1493.91,957.715,,,,,
722.071,84623.0,1493.53,957.33,,,,,
722.094,84632.0,1492.66,956.463,,,,,
722.12,84638.0,1492.08,955.887,,,,,
722.136,84627.0,1493.14,956.944,,,,,
722.152,84623.0,1493.53,957.33,,,,,
722.174,84624.0,1493.43,957.234,,,,,
722.192,84622.0,1493.62,957.427,,,,,
722.215,84611.0,1494.68,958.487,,,,,
722.233,84613.0,1494.49,958.294,,,,,
722.253,84647.0,1491.22,955.02,,,,,
722.273,84647.0,1491.22,955.02,,,,,
722.292,84661.0,1489.87,953.67,,,,,
722.315,84650.0,1490.93,954.729,,,,,
722.333,84703.0,1485.82,949.627,,,,,
722.35,84700.0,1486.12,949.918,,,,,
722.371,84690.0,1487.08,950.88,,,,,
722.392,84699.0,1486.21,950.013,,,,,
722.41,84640.0,1491.89,955.694,,,,,
722.434,84707.0,1485.44,949.244,,,,,
722.451,84731.0,1483.13,946.935,,,,,
722.472,84751.0,1481.21,945.011,,,,,
722.49,84768.0,1479.57,943.376,,,,,
722.513,84774.0,1478.99,942.797,,,,,
722.533,84747.0,1481.59,945.394,,,,,
722.551,84753.0,1481.02,944.818,,,,,
722.571,84762.0,1480.15,943.952,,,,,
722.589,84766.0,1479.76,943.566,,,,,
722.614,84713.0,1484.86,948.665,,,,,
722.632,84686.0,1487.46,951.265,,,,,
722.652,84650.0,1490.93,954.729,,,,,
722.67,84661.0,1489.87,953.67,,,,,
722.689,84663.0,1489.68,953.48,,,,,
722.715,84662.0,1489.77,953.575,,,,,
722.733,84663.0,1489.68,953.48,,,,,
722.749,84672.0,1488.81,952.613,,,,,
722.771,84689.0,1487.17,950.975,,,,,
722.789,84718.0,1484.38,948.185,,,,,
722.812,84753.0,1481.02,944.818,,,,,
722.833,84765.0,1479.86,943.664,,,,,
722.848,84815.0,1475.05,938.855,,,,,
722.871,84821.0,1474.48,938.279,,,,,
722.888,84822.0,1474.38,938.183,,,,,
722.909,84836.0,1473.03,936.836,,,,,
722.932,84861.0,1470.63,934.434,,,,,
722.949,84897.0,1467.17,930.975,,,,,
722.969,84942.0,1462.85,926.652,,,,,
722.988,84976.0,1459.59,923.389,,,,,
723.011,84979.0,1459.3,923.101,,,,,
723.028,84972.0,1459.97,923.772,,,,,
723.049,85012.0,1456.13,919.933,,,,,
723.067,84972.0,1459.97,923.772,,,,,
723.087,84961.0,1461.03,924.829,,,,,
723.111,84962.0,1460.93,924.734,,,,,
723.127,84977.0,1459.49,923.294,,,,,
723.151,84924.0,1464.58,928.383,,,,,
723.168,84969.0,1460.26,924.06,,,,,
723.187,84980.0,1459.2,923.006,,,,,
723.211,84953.0,1461.8,925.598,,,,,
723.227,85002.0,1457.09,920.895,,,,,
723.249,85027.0,1454.69,918.496,,,,,
723.269,85031.0,1454.31,918.113,,,,,
723.293,85075.0,1450.09,913.89,,,,,
723.312,85058.0,1451.72,915.52,,,,,
723.329,85062.0,1451.33,915.137,,,,,
723.346,85080.0,1449.61,913.412,,,,,
723.368,85102.0,1447.5,911.301,,,,,
723.386,85098.0,1447.88,911.686,,,,,
723.406,85093.0,1448.36,912.165,,,,,
723.426,85127.0,1445.1,908.904,,,,,
723.446,85092.0,1448.46,912.26,,,,,
723.47,85136.0,1444.24,908.043,,,,,
723.486,85136.0,1444.24,908.043,,,,,
723.511,85168.0,1441.18,904.978,,,,,
723.527,85200.0,1438.11,901.91,,,,,
723.546,85185.0,1439.55,903.347,,,,,
723.569,85192.0,1438.87,902.676,,,,,
723.589,85169.0,1441.08,904.88,,,,,
723.606,85157.0,1442.23,906.029,,,,,
723.625,85175.0,1440.5,904.307,,,,,
723.647,85223.0,1435.91,899.709,,,,,
723.666,85191.0,1438.97,902.771,,,,,
723.686,85210.0,1437.15,900.954,,,,,
723.707,85215.0,1436.67,900.473,,,,,
723.725,85234.0,1434.85,898.655,,,,,
723.745,85255.0,1432.84,896.644,,,,,
723.765,85256.0,1432.75,896.549,,,,,
723.787,85260.0,1432.36,896.166,,,,,
723.807,85269.0,1431.5,895.304,,,,,
723.83,85276.0,1430.83,894.633,,,,,
723.845,85284.0,1430.06,893.867,,,,,
723.864,85283.0,1430.16,893.965,,,,,
723.888,85302.0,1428.34,892.144,,,,,
723.909,85312.0,1427.39,891.188,,,,,
723.924,85311.0,1427.48,891.285,,,,,
723.944,85314.0,1427.19,890.997,,,,,
723.966,85313.0,1427.29,891.092,,,,,
723.987,85314.0,1427.19,890.997,,,,,
724.006,85313.0,1427.29,891.092,,,,,
724.024,85327.0,1425.95,889.753,,,,,
724.046,85328.0,1425.86,889.658,,,,,
724.065,85331.0,1425.57,889.37,,,,,
724.089,85310.0,1427.58,891.38,,,,,
724.107,85330.0,1425.67,889.467,,,,,
724.123,85330.0,1425.67,889.467,,,,,
724.144,85328.0,1425.86,889.658,,,,,
724.163,85324.0,1426.24,890.041,,,,,
724.187,85328.0,1425.86,889.658,,,,,
724.204,85319.0,1426.72,890.519,,,,,
724.227,85340.0,1424.71,888.511,,,,,
724.243,85354.0,1423.37,887.171,,,,,
724.266,85354.0,1423.37,887.171,,,,,
724.285,85364.0,1422.41,886.215,,,,,
724.304,85359.0,1422.89,886.693,,,,,
724.323,85362.0,1422.6,886.405,,,,,
724.345,85381.0,1420.78,884.587,,,,,
724.363,85379.0,1420.98,884.78,,,,,
724.385,85383.0,1420.59,884.397,,,,,
724.403,85403.0,1418.68,882.487,,,,,
724.422,85413.0,1417.73,881.53,,,,,
724.443,85421.0,1416.96,880.764,,,,,
724.463,85427.0,1416.39,880.19,,,,,
724.482,85437.0,1415.43,879.237,,,,,
724.504,85438.0,1415.34,879.139,,,,,
724.523,85465.0,1412.76,876.56,,,,,
724.544,85471.0,1412.18,875.987,,,,,
724.563,85486.0,1410.75,874.554,,,,,
724.586,85485.0,1410.85,874.649,,,,,
724.602,85493.0,1410.08,873.886,,,,,
724.622,85505.0,1408.94,872.739,,,,,
724.644,85504.0,1409.03,872.834,,,,,
724.664,85519.0,1407.6,871.402,,,,,
724.683,85517.0,1407.79,871.592,,,,,
724.706,85520.0,1407.5,871.307,,,,,
724.723,85531.0,1406.45,870.255,,,,,
724.742,85521.0,1407.41,871.209,,,,,
724.762,85532.0,1406.36,870.16,,,,,
724.781,85533.0,1406.26,870.065,,,,,
724.805,85532.0,1406.36,870.16,,,,,
724.827,85536.0,1405.98,869.78,,,,,
724.843,85539.0,1405.69,869.492,,,,,
724.864,85532.0,1406.36,870.16,,,,,
724.883,85523.0,1407.22,871.019,,,,,
724.904,85532.0,1406.36,870.16,,,,,
724.921,85537.0,1405.88,869.682,,,,,
724.942,85544.0,1405.21,869.013,,,,,
724.961,85551.0,1404.55,868.348,,,,,
724.984,85561.0,1403.59,867.391,,,,,
725.006,85565.0,1403.21,867.011,,,,,
725.022,85578.0,1401.97,865.769,,,,,
725.044,85600.0,1399.87,863.671,,,,,
725.062,85607.0,1399.2,863.002,,,,,
725.08,85589.0,1400.92,864.72,,,,,
725.102,85598.0,1400.06,863.861,,,,,
725.12,85610.0,1398.91,862.714,,,,,
725.141,85608.0,1399.1,862.907,,,,,
725.164,85621.0,1397.86,861.665,,,,,
725.183,85624.0,1397.58,861.38,,,,,
725.206,85608.0,1399.1,862.907,,,,,
725.222,85612.0,1398.72,862.524,,,,,
725.244,85636.0,1396.43,860.236,,,,,
725.264,85642.0,1395.86,859.662,,,,,
725.283,85618.0,1398.15,861.953,,,,,
725.304,85641.0,1395.96,859.758,,,,,
725.319,85643.0,1395.76,859.567,,,,,
725.341,85651.0,1395.0,858.804,,,,,
725.361,85664.0,1393.76,857.564,,,,,
725.381,85636.0,1396.43,860.236,,,,,
725.399,85640.0,1396.05,859.853,,,,,
725.419,85685.0,1391.76,855.562,,,,,
725.439,85684.0,1391.85,855.657,,,,,
725.46,85675.0,1392.71,856.515,,,,,
725.479,85737.0,1386.8,850.605,,,,,
725.499,85732.0,1387.28,851.083,,,,,
725.519,85754.0,1385.18,848.985,,,,,
725.54,85744.0,1386.14,849.939,,,,,
725.56,85766.0,1384.04,847.843,,,,,
725.579,85772.0,1383.47,847.27,,,,,
725.599,85748.0,1385.76,849.558,,,,,
725.625,85729.0,1387.57,851.368,,,,,
725.643,85690.0,1391.28,855.086,,,,,
725.658,85615.0,1398.44,862.239,,,,,
725.678,85589.0,1400.92,864.72,,,,,
725.699,85570.0,1402.73,866.532,,,,,
725.719,85646.0,1395.48,859.282,,,,,
725.738,85698.0,1390.52,854.322,,,,,
725.759,85762.0,1384.42,848.224,,,,,
725.778,85774.0,1383.28,847.08,,,,,
725.801,85784.0,1382.32,846.126,,,,,
725.818,85803.0,1380.52,844.319,,,,,
725.841,85790.0,1381.75,845.555,,,,,
725.864,85777.0,1382.99,846.794,,,,,
725.878,85768.0,1383.85,847.651,,,,,
725.901,85752.0,1385.37,849.175,,,,,
725.918,85748.0,1385.76,849.558,,,,,
725.938,85739.0,1386.61,850.414,,,,,
725.957,85709.0,1389.47,853.273,,,,,
725.98,85855.0,1375.56,839.367,,,,,
726.002,85860.0,1375.09,838.891,,,,,
726.02,85933.0,1368.14,831.945,,,,,
726.039,85921.0,1369.28,833.086,,,,,
726.059,85979.0,1363.77,827.569,,,,,
726.078,86074.0,1354.74,818.54,,,,,
726.099,86083.0,1353.88,817.687,,,,,
726.118,86064.0,1355.69,819.492,,,,,
726.138,86063.0,1355.78,819.587,,,,,
726.158,86017.0,1360.15,823.957,,,,,
726.18,86045.0,1357.49,821.296,,,,,
726.196,86045.0,1357.49,821.296,,,,,
726.218,86060.0,1356.07,819.872,,,,,
726.236,86025.0,1359.39,823.196,,,,,
726.259,86007.0,1361.11,824.908,,,,,
726.279,85986.0,1363.1,826.903,,,,,
726.3,86022.0,1359.68,823.482,,,,,
726.317,86025.0,1359.39,823.196,,,,,
726.336,85999.0,1361.87,825.669,,,,,
726.357,86003.0,1361.49,825.289,,,,,
726.375,86002.0,1361.58,825.384,,,,,
726.398,86016.0,1360.25,824.052,,,,,
726.417,86026.0,1359.3,823.101,,,,,
726.437,86000.0,1361.77,825.572,,,,,
726.455,86020.0,1359.87,823.672,,,,,
726.475,86025.0,1359.39,823.196,,,,,
726.498,86058.0,1356.26,820.06,,,,,
726.516,86077.0,1354.45,818.255,,,,,
726.535,86094.0,1352.84,816.641,,,,,
726.556,86092.0,1353.03,816.831,,,,,
726.575,86101.0,1352.17,815.977,,,,,
726.598,86152.0,1347.33,811.134,,,,,
726.617,86164.0,1346.19,809.995,,,,,
726.635,86121.0,1350.28,814.078,,,,,
726.657,86132.0,1349.23,813.034,,,,,
726.674,86142.0,1348.28,812.083,,,,,
726.697,86172.0,1345.43,809.237,,,,,
726.715,86152.0,1347.33,811.134,,,,,
726.734,86144.0,1348.09,811.892,,,,,
726.755,86145.0,1348.0,811.8,,,,,
726.777,86137.0,1348.76,812.558,,,,,
726.794,86117.0,1350.66,814.458,,,,,
726.818,86081.0,1354.07,817.877,,,,,
726.838,86056.0,1356.45,820.25,,,,,
726.855,86059.0,1356.16,819.965,,,,,
726.875,86083.0,1353.88,817.687,,,,,
726.894,86115.0,1350.84,814.646,,,,,
726.913,86167.0,1345.91,809.71,,,,,
726.933,86168.0,1345.81,809.615,,,,,
726.956,86145.0,1348.0,811.8,,,,,
726.976,86155.0,1347.05,810.849,,,,,
726.995,86197.0,1343.06,806.864,,,,,
727.017,86242.0,1338.79,802.594,,,,,
727.033,86236.0,1339.36,803.162,,,,,
727.055,86220.0,1340.88,804.682,,,,,
727.073,86204.0,1342.4,806.198,,,,,
727.094,86204.0,1342.4,806.198,,,,,
727.115,86257.0,1337.37,801.173,,,,,
727.135,86265.0,1336.61,800.412,,,,,
727.154,86247.0,1338.32,802.121,,,,,
727.172,86258.0,1337.28,801.077,,,,,
727.197,86286.0,1334.62,798.422,,,,,
727.212,86300.0,1333.29,797.096,,,,,
727.233,86293.0,1333.96,797.759,,,,,
727.252,86299.0,1333.39,797.191,,,,,
727.272,86333.0,1330.16,793.967,,,,,
727.293,86308.0,1332.53,796.337,,,,,
727.314,86317.0,1331.68,795.484,,,,,
727.336,86328.0,1330.64,794.44,,,,,
727.351,86380.0,1325.71,789.515,,,,,
727.373,86334.0,1330.07,793.872,,,,,
727.397,86295.0,1333.77,797.569,,,,,
727.415,86279.0,1335.28,799.085,,,,,
727.431,86310.0,1332.34,796.147,,,,,
727.454,86309.0,1332.44,796.242,,,,,
727.475,86295.0,1333.77,797.569,,,,,
727.492,86262.0,1336.89,800.697,,,,,
727.511,86267.0,1336.42,800.224,,,,,
727.535,86241.0,1338.89,802.689,,,,,
727.552,86241.0,1338.89,802.689,,,,,
727.57,86244.0,1338.6,802.404,,,,,
727.593,86259.0,1337.18,800.982,,,,,
727.612,86248.0,1338.22,802.026,,,,,
727.632,86274.0,1335.76,799.561,,,,,
727.65,86289.0,1334.33,798.137,,,,,
727.674,86273.0,1335.85,799.656,,,,,
727.698,86297.0,1333.58,797.378,,,,,
727.711,86317.0,1331.68,795.484,,,,,
727.73,86343.0,1329.22,793.018,,,,,
727.753,86427.0,1321.26,785.063,,,,,
727.774,86459.0,1318.23,782.034,,,,,
727.794,86528.0,1311.7,775.505,,,,,
727.814,86548.0,1309.81,773.613,,,,,
727.832,86557.0,1308.96,772.763,,,,,
727.852,86605.0,1304.42,768.223,,,,,
727.869,86615.0,1303.48,767.28,,,,,
727.89,86648.0,1300.36,764.159,,,,,
727.909,86674.0,1297.9,761.705,,,,,
727.931,90504.0,942.413,406.216,,,,,
727.949,86554.0,1309.24,773.045,,,,,
727.969,86641.0,1301.02,764.823,,,,,
727.989,86691.0,1296.3,760.098,,,,,
728.01,86653.0,1299.88,763.686,,,,,
728.03,86676.0,1297.71,761.514,,,,,
728.048,86677.0,1297.62,761.419,,,,,
728.069,86707.0,1294.78,758.587,,,,,
728.09,86699.0,1295.54,759.342,,,,,
728.108,86718.0,1293.75,757.548,,,,,
728.128,86688.0,1296.58,760.381,,,,,
728.15,86718.0,1293.75,757.548,,,,,
728.168,86711.0,1294.41,758.209,,,,,
728.192,86752.0,1290.54,754.338,,,,,
728.208,86751.0,1290.63,754.433,,,,,
728.228,86773.0,1288.55,752.356,,,,,
728.248,86774.0,1288.46,752.261,,,,,
728.267,86802.0,1285.82,749.619,,,,,
728.289,86805.0,1285.53,749.336,,,,,
728.309,86816.0,1284.5,748.3,,,,,
728.328,86817.0,1284.4,748.205,,,,,
728.348,86809.0,1285.16,748.958,,,,,
728.368,86826.0,1283.55,747.354,,,,,
728.388,86828.0,1283.36,747.167,,,,,
728.407,86835.0,1282.7,746.506,,,,,
728.427,86829.0,1283.27,747.072,,,,,
728.448,86828.0,1283.36,747.167,,,,,
728.469,86845.0,1281.76,745.563,,,,,
728.488,86836.0,1282.61,746.411,,,,,
728.506,86842.0,1282.04,745.846,,,,,
728.526,86872.0,1279.22,743.018,,,,,
728.547,86911.0,1275.54,739.34,,,,,
728.566,86969.0,1270.07,733.876,,,,,
728.586,86998.0,1267.34,731.144,,,,,
728.607,87020.0,1265.27,729.072,,,,,
728.626,87051.0,1262.35,726.153,,,,,
728.647,87120.0,1255.86,719.66,,,,,
728.666,87134.0,1254.54,718.345,,,,,
728.688,87130.0,1254.92,718.72,,,,,
728.708,87184.0,1249.84,713.641,,,,,
728.729,87209.0,1247.49,711.292,,,,,
728.748,87174.0,1250.78,714.582,,,,,
728.767,87153.0,1252.75,716.556,,,,,
728.786,87143.0,1253.69,717.497,,,,,
728.807,86988.0,1268.28,732.085,,,,,
728.825,86975.0,1269.51,733.311,,,,,
728.846,87180.0,1250.22,714.019,,,,,
728.866,87264.0,1242.32,706.124,,,,,
728.886,87222.0,1246.27,710.069,,,,,
728.905,87304.0,1238.56,702.367,,,,,
728.925,87334.0,1235.75,699.55,,,,,
728.946,87464.0,1223.55,687.353,,,,,
728.965,87478.0,1222.24,686.04,,,,,
728.987,87613.0,1209.59,673.389,,,,,
729.005,87608.0,1210.06,673.859,,,,,
729.03,87630.0,1208.0,671.798,,,,,
729.044,87630.0,1208.0,671.798,,,,,
729.065,87317.0,1237.34,701.146,,,,,
729.084,87138.0,1254.16,717.967,,,,,
729.105,87317.0,1237.34,701.146,,,,,
729.124,87114.0,1256.42,720.226,,,,,
729.144,86963.0,1270.64,734.441,,,,,
729.164,86903.0,1276.29,740.093,,,,,
729.186,87026.0,1264.7,728.507,,,,,
729.204,87097.0,1258.02,721.825,,,,,
729.227,87141.0,1253.88,717.687,,,,,
729.245,87068.0,1260.75,724.554,,,,,
729.266,87044.0,1263.01,726.813,,,,,
729.285,87104.0,1257.36,721.167,,,,,
729.303,87111.0,1256.71,720.509,,,,,
729.323,87114.0,1256.42,720.226,,,,,
729.345,87104.0,1257.36,721.167,,,,,
729.365,87136.0,1254.35,718.157,,,,,
729.385,87162.0,1251.91,715.71,,,,,
729.403,87179.0,1250.31,714.112,,,,,
729.425,87142.0,1253.79,717.592,,,,,
729.444,87182.0,1250.03,713.829,,,,,
729.464,87194.0,1248.9,712.701,,,,,
729.485,87178.0,1250.4,714.207,,,,,
729.504,87218.0,1246.64,710.447,,,,,
729.524,87231.0,1245.42,709.223,,,,,
729.543,87245.0,1244.11,707.91,,,,,
729.565,87252.0,1243.45,707.25,,,,,
729.582,87251.0,1243.54,707.345,,,,,
729.602,87252.0,1243.45,707.25,,,,,
729.624,87258.0,1242.88,706.687,,,,,
729.642,87268.0,1241.95,705.749,,,,,
729.662,87262.0,1242.51,706.312,,,,,
729.684,87263.0,1242.41,706.216,,,,,
729.704,87269.0,1241.85,705.654,,,,,
729.722,87268.0,1241.95,705.749,,,,,
729.744,87275.0,1241.29,705.091,,,,,
729.763,87277.0,1241.1,704.903,,,,,
729.784,87275.0,1241.29,705.091,,,,,
729.802,87245.0,1244.11,707.91,,,,,
729.822,87247.0,1243.92,707.72,,,,,
729.841,87255.0,1243.17,706.97,,,,,
729.861,87266.0,1242.13,705.936,,,,,
729.884,87263.0,1242.41,706.216,,,,,
729.904,87277.0,1241.1,704.903,,,,,
729.922,87268.0,1241.95,705.749,,,,,
729.943,87261.0,1242.6,706.404,,,,,
729.962,87256.0,1243.07,706.874,,,,,
729.983,87247.0,1243.92,707.72,,,,,
730.003,87261.0,1242.6,706.404,,,,,
730.022,87281.0,1240.72,704.525,,,,,
730.042,87313.0,1237.72,701.521,,,,,
730.061,87357.0,1233.59,697.391,,,,,
730.082,87366.0,1232.74,696.546,,,,,
730.101,87401.0,1229.46,693.261,,,,,
730.123,87388.0,1230.68,694.482,,,,,
730.141,87379.0,1231.52,695.325,,,,,
730.162,87378.0,1231.62,695.42,,,,,
730.183,87393.0,1230.21,694.012,,,,,
730.202,87400.0,1229.55,693.354,,,,,
730.22,87405.0,1229.08,692.886,,,,,
730.24,87422.0,1227.49,691.29,,,,,
730.26,87404.0,1229.18,692.981,,,,,
730.284,87403.0,1229.27,693.074,,,,,
730.303,87415.0,1228.15,691.948,,,,,
730.323,87429.0,1226.83,690.635,,,,,
730.341,87433.0,1226.46,690.26,,,,,
730.361,87438.0,1225.99,689.789,,,,,
730.383,87437.0,1226.08,689.884,,,,,
730.4,87432.0,1226.55,690.352,,,,,
730.422,87428.0,1226.92,690.727,,,,,
730.441,87424.0,1227.3,691.103,,,,,
730.463,87418.0,1227.86,691.665,,,,,
730.484,87416.0,1228.05,691.853,,,,,
730.5,87411.0,1228.52,692.323,,,,,
730.521,87402.0,1229.36,693.166,,,,,
730.541,87416.0,1228.05,691.853,,,,,
730.56,87426.0,1227.11,690.915,,,,,
730.58,87450.0,1224.86,688.664,,,,,
730.601,87469.0,1223.08,686.883,,,,,
730.624,87456.0,1224.3,688.101,,,,,
730.64,87461.0,1223.83,687.633,,,,,
730.662,87472.0,1222.8,686.603,,,,,
730.681,87466.0,1223.36,687.166,,,,,
730.7,87463.0,1223.64,687.446,,,,,
730.722,87508.0,1219.42,683.226,,,,,
730.741,87459.0,1224.02,687.821,,,,,
730.762,87493.0,1220.83,684.632,,,,,
730.78,87514.0,1218.86,682.663,,,,,
730.801,87530.0,1217.36,681.165,,,,,
730.819,87517.0,1218.58,682.383,,,,,
730.84,87495.0,1220.64,684.447,,,,,
730.859,87493.0,1220.83,684.632,,,,,
730.882,87467.0,1223.27,687.07,,,,,
730.901,87459.0,1224.02,687.821,,,,,
730.922,87451.0,1224.77,688.571,,,,,
730.94,87471.0,1222.89,686.695,,,,,
730.959,87537.0,1216.71,680.51,,,,,
730.979,87503.0,1219.89,683.696,,,,,
730.999,87640.0,1207.06,670.863,,,,,
731.018,87643.0,1206.78,670.58,,,,,
731.039,87692.0,1202.19,665.996,,,,,
731.059,87826.0,1189.66,653.463,,,,,
731.079,87798.0,1192.28,656.082,,,,,
731.098,87787.0,1193.31,657.11,,,,,
731.122,87792.0,1192.84,656.642,,,,,
731.139,87704.0,1201.07,664.873,,,,,
731.16,87659.0,1205.28,669.082,,,,,
731.179,87608.0,1210.06,673.859,,,,,
731.198,87577.0,1212.96,676.76,,,,,
731.219,87555.0,1215.02,678.821,,,,,
731.24,87557.0,1214.83,678.634,,,,,
731.258,87544.0,1216.05,679.854,,,,,
731.278,87553.0,1215.21,679.009,,,,,
731.298,87562.0,1214.36,678.166,,,,,
731.319,87570.0,1213.62,677.418,,,,,
731.338,87580.0,1212.68,676.48,,,,,
731.357,87581.0,1212.59,676.388,,,,,
731.381,87563.0,1214.27,678.073,,,,,
731.397,87557.0,1214.83,678.634,,,,,
731.417,87575.0,1213.15,676.948,,,,,
731.437,87572.0,1213.43,677.231,,,,,
731.458,87570.0,1213.62,677.418,,,,,
731.477,87579.0,1212.77,676.573,,,,,
731.501,87592.0,1211.55,675.357,,,,,
731.52,87604.0,1210.43,674.232,,,,,
731.538,87602.0,1210.62,674.419,,,,,
731.559,87614.0,1209.49,673.296,,,,,
731.58,87656.0,1205.56,669.364,,,,,
731.6,87643.0,1206.78,670.58,,,,,
731.618,87640.0,1207.06,670.863,,,,,
731.638,87629.0,1208.09,671.89,,,,,
731.658,87638.0,1207.25,671.048,,,,,
731.678,87642.0,1206.87,670.675,,,,,
731.698,87640.0,1207.06,670.863,,,,,
731.717,87652.0,1205.93,669.737,,,,,
731.738,87658.0,1205.37,669.177,,,,,
731.757,87670.0,1204.25,668.054,,,,,
731.778,87653.0,1205.84,669.645,,,,,
731.796,87645.0,1206.59,670.392,,,,,
731.815,87680.0,1203.32,667.118,,,,,
731.836,87683.0,1203.03,666.836,,,,,
731.857,87685.0,1202.85,666.651,,,,,
731.876,87689.0,1202.47,666.276,,,,,
731.897,87674.0,1203.88,667.679,,,,,
731.918,87687.0,1202.66,666.463,,,,,
731.935,87701.0,1201.35,665.153,,,,,
731.955,87685.0,1202.85,666.651,,,,,
731.976,87678.0,1203.5,667.304,,,,,
731.996,87697.0,1201.73,665.528,,,,,
732.016,87701.0,1201.35,665.153,,,,,
732.036,87691.0,1202.29,666.088,,,,,
732.057,87730.0,1198.64,662.439,,,,,
732.077,87723.0,1199.29,663.094,,,,,
732.094,87710.0,1200.51,664.31,,,,,
732.116,87706.0,1200.88,664.685,,,,,
732.134,87721.0,1199.48,663.282,,,,,
732.155,87737.0,1197.98,661.784,,,,,
732.175,87704.0,1201.07,664.873,,,,,
732.194,87666.0,1204.62,668.426,,,,,
732.216,87674.0,1203.88,667.679,,,,,
732.234,87691.0,1202.29,666.088,,,,,
732.255,87741.0,1197.61,661.411,,,,,
732.274,87787.0,1193.31,657.11,,,,,
732.296,87799.0,1192.18,655.987,,,,,
732.315,87825.0,1189.75,653.556,,,,,
732.334,87844.0,1187.98,651.78,,,,,
732.355,87867.0,1185.83,649.632,,,,,
732.375,87875.0,1185.08,648.884,,,,,
732.396,87880.0,1184.61,648.416,,,,,
732.414,87888.0,1183.87,647.671,,,,,
732.433,87912.0,1181.63,645.428,,,,,
732.454,87800.0,1192.09,655.894,,,,,
732.476,87771.0,1194.8,658.605,,,,,
732.496,87755.0,1196.3,660.101,,,,,
732.514,87753.0,1196.49,660.288,,,,,
732.533,87705.0,1200.97,664.777,,,,,
732.555,87720.0,1199.57,663.374,,,,,
732.575,87708.0,1200.69,664.497,,,,,
732.595,87688.0,1202.57,666.368,,,,,
732.615,87717.0,1199.85,663.654,,,,,
732.634,87744.0,1197.33,661.131,,,,,
732.657,87738.0,1197.89,661.691,,,,,
732.672,87738.0,1197.89,661.691,,,,,
732.694,87758.0,1196.02,659.82,,,,,
732.716,87812.0,1190.97,654.771,,,,,
732.732,87829.0,1189.38,653.183,,,,,
732.752,87853.0,1187.14,650.94,,,,,
732.774,87921.0,1180.79,644.588,,,,,
732.793,87946.0,1178.45,642.255,,,,,
732.813,87949.0,1178.17,641.974,,,,,
732.833,87968.0,1176.4,640.201,,,,,
732.852,87972.0,1176.02,639.826,,,,,
732.872,87942.0,1178.82,642.627,,,,,
732.894,87963.0,1176.86,640.667,,,,,
732.914,87964.0,1176.77,640.574,,,,,
732.934,87997.0,1173.69,637.496,,,,,
732.952,87985.0,1174.81,638.613,,,,,
732.971,88027.0,1170.89,634.695,,,,,
732.993,87987.0,1174.63,638.429,,,,,
733.014,87995.0,1173.88,637.681,,,,,
733.031,88013.0,1172.2,636.0,,,,,
733.052,87993.0,1174.07,637.868,,,,,
733.074,88020.0,1171.55,635.348,,,,,
733.094,88022.0,1171.36,635.163,,,,,
733.114,88014.0,1172.11,635.908,,,,,
733.133,88014.0,1172.11,635.908,,,,,
733.152,88015.0,1172.01,635.815,,,,,
733.172,88027.0,1170.89,634.695,,,,,
733.191,88031.0,1170.52,634.322,,,,,
733.213,88087.0,1165.3,629.101,,,,,
733.232,87995.0,1173.88,637.681,,,,,
733.254,87944.0,1178.64,642.442,,,,,
733.273,87920.0,1180.88,644.683,,,,,
733.291,88054.0,1168.37,632.177,,,,,
733.312,88143.0,1160.08,623.88,,,,,
733.331,88200.0,1154.77,618.569,,,,,
733.352,88310.0,1144.53,608.33,,,,,
733.371,88324.0,1143.23,607.028,,,,,
733.39,88281.0,1147.23,611.028,,,,,
733.41,88375.0,1138.48,602.285,,,,,
733.432,88383.0,1137.74,601.539,,,,,
733.452,88389.0,1137.18,600.982,,,,,
733.472,88310.0,1144.53,608.33,,,,,
733.492,88324.0,1143.23,607.028,,,,,
733.512,88221.0,1152.81,616.614,,,,,
733.531,88284.0,1146.95,610.75,,,,,
733.549,88236.0,1151.42,615.219,,,,,
733.571,88320.0,1143.6,607.4,,,,,
733.589,88300.0,1145.46,609.26,,,,,
733.611,88317.0,1143.88,607.68,,,,,
733.629,88269.0,1148.34,612.146,,,,,
733.649,88250.0,1150.11,613.913,,,,,
733.672,88180.0,1156.63,620.432,,,,,
733.689,88199.0,1154.86,618.664,,,,,
733.71,88075.0,1166.42,630.219,,,,,
733.73,88053.0,1168.47,632.269,,,,,
733.751,88074.0,1166.51,630.311,,,,,
733.77,88091.0,1164.92,628.726,,,,,
733.792,88124.0,1161.85,625.65,,,,,
733.809,88159.0,1158.59,622.39,,,,,
733.829,88161.0,1158.4,622.202,,,,,
733.85,88179.0,1156.72,620.527,,,,,
733.868,88135.0,1160.82,624.625,,,,,
733.888,88187.0,1155.98,619.782,,,,,
733.908,88184.0,1156.26,620.062,,,,,
733.933,88129.0,1161.38,625.185,,,,,
733.948,88106.0,1163.53,627.328,,,,,
733.97,88134.0,1160.92,624.718,,,,,
733.989,88153.0,1159.14,622.947,,,,,
734.011,88144.0,1159.99,623.788,,,,,
734.028,88151.0,1159.33,623.135,,,,,
734.049,88158.0,1158.68,622.482,,,,,
734.068,88161.0,1158.4,622.202,,,,,
734.087,88171.0,1157.47,621.272,,,,,
734.109,88212.0,1153.65,617.451,,,,,
734.129,88145.0,1159.89,623.695,,,,,
734.149,88185.0,1156.16,619.967,,,,,
734.169,88162.0,1158.31,622.11,,,,,
734.188,88189.0,1155.79,619.594,,,,,
734.207,88172.0,1157.37,621.177,,,,,
734.228,88232.0,1151.79,615.591,,,,,
734.247,88270.0,1148.25,612.053,,,,,
734.267,88250.0,1150.11,613.913,,,,,
734.292,88243.0,1150.76,614.566,,,,,
734.31,88237.0,1151.32,615.123,,,,,
734.326,88215.0,1153.37,617.174,,,,,
734.347,88189.0,1155.79,619.594,,,,,
734.367,88247.0,1150.39,614.193,,,,,
734.386,88249.0,1150.21,614.008,,,,,
734.408,88239.0,1151.14,614.939,,,,,
734.429,88246.0,1150.48,614.286,,,,,
734.448,88233.0,1151.69,615.496,,,,,
734.469,88260.0,1149.18,612.983,,,,,
734.488,88248.0,1150.3,614.101,,,,,
734.506,88245.0,1150.58,614.378,,,,,
734.528,88305.0,1144.99,608.795,,,,,
734.55,88298.0,1145.65,609.448,,,,,
734.57,88287.0,1146.67,610.47,,,,,
734.589,88268.0,1148.44,612.238,,,,,
734.609,88314.0,1144.16,607.958,,,,,
734.625,88298.0,1145.65,609.448,,,,,
734.647,88334.0,1142.29,606.097,,,,,
734.665,88329.0,1142.76,606.562,,,,,
734.685,88316.0,1143.97,607.773,,,,,
734.707,88391.0,1136.99,600.797,,,,,
734.73,88392.0,1136.9,600.705,,,,,
734.746,88414.0,1134.86,598.659,,,,,
734.766,88426.0,1133.74,597.544,,,,,
734.787,88409.0,1135.32,599.122,,,,,
734.807,88426.0,1133.74,597.544,,,,,
734.827,88435.0,1132.9,596.707,,,,,
734.844,88434.0,1133.0,596.799,,,,,
734.864,88407.0,1135.51,599.309,,,,,
734.884,88419.0,1134.39,598.194,,,,,
734.904,88424.0,1133.93,597.729,,,,,
734.926,88441.0,1132.35,596.149,,,,,
734.946,88439.0,1132.53,596.334,,,,,
734.966,88449.0,1131.6,595.404,,,,,
734.987,88436.0,1132.81,596.614,,,,,
735.005,88474.0,1129.28,593.081,,,,,
735.024,88487.0,1128.07,591.874,,,,,
735.046,88509.0,1126.03,589.831,,,,,
735.066,88499.0,1126.96,590.759,,,,,
735.084,88490.0,1127.79,591.596,,,,,
735.104,88488.0,1127.98,591.781,,,,,
735.125,88478.0,1128.91,592.711,,,,,
735.144,88480.0,1128.72,592.524,,,,,
735.163,88471.0,1129.56,593.362,,,,,
735.183,88460.0,1130.58,594.384,,,,,
735.203,88494.0,1127.42,591.224,,,,,
735.224,88479.0,1128.82,592.619,,,,,
735.244,88484.0,1128.35,592.154,,,,,
735.267,88510.0,1125.94,589.739,,,,,
735.288,88516.0,1125.38,589.181,,,,,
735.31,88512.0,1125.75,589.554,,,,,
735.326,88473.0,1129.37,593.174,,,,,
735.343,88507.0,1126.21,590.016,,,,,
735.365,88478.0,1128.91,592.711,,,,,
735.385,88515.0,1125.47,589.274,,,,,
735.407,88505.0,1126.4,590.204,,,,,
735.422,88466.0,1130.02,593.827,,,,,
735.443,88527.0,1124.36,588.159,,,,,
735.463,88514.0,1125.56,589.366,,,,,
735.482,88577.0,1119.72,583.519,,,,,
735.502,88592.0,1118.32,582.127,,,,,
735.524,88635.0,1114.33,578.137,,,,,
735.546,88615.0,1116.19,579.992,,,,,
735.562,88615.0,1116.19,579.992,,,,,
735.584,88693.0,1108.95,572.757,,,,,
735.603,88653.0,1112.66,576.467,,,,,
735.623,88644.0,1113.5,577.302,,,,,
735.643,88654.0,1112.57,576.374,,,,,
735.662,88582.0,1119.25,583.054,,,,,
735.682,88569.0,1120.46,584.262,,,,,
735.701,88594.0,1118.14,581.939,,,,,
735.723,88616.0,1116.1,579.899,,,,,
735.743,88589.0,1118.6,582.404,,,,,
735.766,88610.0,1116.65,580.457,,,,,
735.783,88572.0,1120.18,583.981,,,,,
735.801,88560.0,1121.29,585.096,,,,,
735.823,88561.0,1121.2,585.004,,,,,
735.841,88609.0,1116.75,580.549,,,,,
735.862,88573.0,1120.09,583.889,,,,,
735.882,88660.0,1112.01,575.817,,,,,
735.904,88667.0,1111.36,575.167,,,,,
735.922,88701.0,1108.21,572.014,,,,,
735.943,88703.0,1108.03,571.83,,,,,
735.964,88669.0,1111.18,574.982,,,,,
735.98,88650.0,1112.94,576.744,,,,,
736.0,88715.0,1106.91,570.717,,,,,
736.02,88710.0,1107.38,571.18,,,,,
736.041,88689.0,1109.32,573.127,,,,,
736.06,88670.0,1111.09,574.889,,,,,
736.082,88696.0,1108.68,572.48,,,,,
736.1,88690.0,1109.23,573.034,,,,,
736.122,88730.0,1105.52,569.327,,,,,
736.141,88744.0,1104.23,568.03,,,,,
736.165,88706.0,1107.75,571.552,,,,,
736.182,88718.0,1106.64,570.44,,,,,
736.202,88736.0,1104.97,568.77,,,,,
736.222,88737.0,1104.87,568.677,,,,,
736.241,88709.0,1107.47,571.275,,,,,
736.263,88714.0,1107.01,570.81,,,,,
736.279,88696.0,1108.68,572.48,,,,,
736.301,88669.0,1111.18,574.982,,,,,
736.319,88690.0,1109.23,573.034,,,,,
736.339,88687.0,1109.51,573.315,,,,,
736.363,88805.0,1098.58,562.378,,,,,
736.379,88805.0,1098.58,562.378,,,,,
736.4,88785.0,1100.43,564.23,,,,,
736.419,88771.0,1101.73,565.528,,,,,
736.441,88819.0,1097.28,561.081,,,,,
736.459,88775.0,1101.36,565.158,,,,,
736.481,88733.0,1105.25,569.05,,,,,
736.502,88696.0,1108.68,572.48,,,,,
736.522,88684.0,1109.79,573.592,,,,,
736.54,88693.0,1108.95,572.757,,,,,
736.564,88738.0,1104.78,568.585,,,,,
736.579,88738.0,1104.78,568.585,,,,,
736.599,88710.0,1107.38,571.18,,,,,
736.62,88686.0,1109.6,573.407,,,,,
736.638,88695.0,1108.77,572.572,,,,,
736.66,88700.0,1108.3,572.107,,,,,
736.682,88677.0,1110.44,574.239,,,,,
736.698,88675.0,1110.62,574.427,,,,,
736.718,88743.0,1104.32,568.122,,,,,
736.74,88740.0,1104.6,568.4,,,,,
736.759,88804.0,1098.67,562.471,,,,,
736.78,88826.0,1096.63,560.433,,,,,
736.798,88789.0,1100.06,563.86,,,,,
736.819,88798.0,1099.22,563.025,,,,,
736.838,88766.0,1102.19,565.99,,,,,
736.861,88817.0,1097.46,561.266,,,,,
736.881,88784.0,1100.52,564.323,,,,,
736.898,88808.0,1098.3,562.101,,,,,
736.919,88821.0,1097.09,560.896,,,,,
736.938,88842.0,1095.15,558.951,,,,,
736.961,88879.0,1091.72,555.527,,,,,
736.977,88895.0,1090.24,554.044,,,,,
737.0,88921.0,1087.84,551.64,,,,,
737.022,88907.0,1089.13,552.935,,,,,
737.037,88913.0,1088.58,552.38,,,,,
737.059,88949.0,1085.25,549.048,,,,,
737.079,88963.0,1083.95,547.753,,,,,
737.097,88980.0,1082.38,546.181,,,,,
737.118,88965.0,1083.77,547.568,,,,,
737.136,88967.0,1083.58,547.383,,,,,
737.156,88970.0,1083.3,547.106,,,,,
737.176,88977.0,1082.66,546.458,,,,,
737.198,88958.0,1084.41,548.215,,,,,
737.22,88965.0,1083.77,547.568,,,,,
737.237,88981.0,1082.29,546.088,,,,,
737.26,88979.0,1082.47,546.273,,,,,
737.276,88970.0,1083.3,547.106,,,,,
737.296,88983.0,1082.1,545.903,,,,,
737.317,88961.0,1084.14,547.938,,,,,
737.339,88979.0,1082.47,546.273,,,,,
737.356,88976.0,1082.75,546.551,,,,,
737.376,88989.0,1081.55,545.348,,,,,
737.397,89005.0,1080.07,543.871,,,,,
737.416,89014.0,1079.24,543.039,,,,,
737.437,89030.0,1077.76,541.559,,,,,
737.457,89067.0,1074.34,538.14,,,,,
737.477,89010.0,1079.61,543.409,,,,,
737.497,89018.0,1078.87,542.669,,,,,
737.515,89020.0,1078.68,542.484,,,,,
737.535,89031.0,1077.66,541.467,,,,,
737.56,88992.0,1081.27,545.071,,,,,
737.576,89010.0,1079.61,543.409,,,,,
737.598,89024.0,1078.31,542.114,,,,,
737.618,89038.0,1077.02,540.82,,,,,
737.638,89059.0,1075.08,538.88,,,,,
737.654,89080.0,1073.14,536.938,,,,,
737.675,89033.0,1077.48,541.282,,,,,
737.697,89052.0,1075.72,539.525,,,,,
737.717,89028.0,1077.94,541.744,,,,,
737.736,89029.0,1077.85,541.652,,,,,
737.757,89043.0,1076.55,540.357,,,,,
737.774,89070.0,1074.06,537.863,,,,,
737.796,89075.0,1073.6,537.4,,,,,
737.817,89090.0,1072.21,536.016,,,,,
737.833,89090.0,1072.21,536.016,,,,,
737.854,89067.0,1074.34,538.14,,,,,
737.875,89070.0,1074.06,537.863,,,,,
737.895,89120.0,1069.44,533.244,,,,,
737.913,89127.0,1068.79,532.597,,,,,
737.935,89143.0,1067.32,531.12,,,,,
737.955,89140.0,1067.59,531.397,,,,,
737.973,89132.0,1068.33,532.134,,,,,
737.995,89125.0,1068.98,532.782,,,,,
738.013,89132.0,1068.33,532.134,,,,,
738.035,89182.0,1063.72,527.518,,,,,
738.057,89211.0,1061.04,524.842,,,,,
738.075,89221.0,1060.12,523.919,,,,,
738.092,89172.0,1064.64,528.443,,,,,
738.115,89215.0,1060.67,524.472,,,,,
738.135,89185.0,1063.44,527.241,,,,,
738.154,89184.0,1063.53,527.333,,,,,
738.172,89209.0,1061.22,525.027,,,,,
738.195,89185.0,1063.44,527.241,,,,,
738.212,89202.0,1061.87,525.674,,,,,
738.233,89204.0,1061.69,525.489,,,,,
738.254,89224.0,1059.84,523.642,,,,,
738.275,89215.0,1060.67,524.472,,,,,
738.292,89210.0,1061.13,524.934,,,,,
738.312,89205.0,1061.59,525.397,,,,,
738.333,89230.0,1059.29,523.09,,,,,
738.353,89213.0,1060.85,524.657,,,,,
738.375,89208.0,1061.32,525.119,,,,,
738.391,89232.0,1059.1,522.905,,,,,
738.412,89195.0,1062.52,526.319,,,,,
738.432,89204.0,1061.69,525.489,,,,,
738.451,89218.0,1060.39,524.197,,,,,
738.473,89226.0,1059.65,523.457,,,,,
738.493,89220.0,1060.21,524.012,,,,,
738.513,89242.0,1058.18,521.983,,,,,
738.532,89263.0,1056.24,520.046,,,,,
738.556,89194.0,1062.61,526.411,,,,,
738.573,89196.0,1062.42,526.226,,,,,
738.594,89205.0,1061.59,525.397,,,,,
738.611,89185.0,1063.44,527.241,,,,,
738.631,89216.0,1060.58,524.382,,,,,
738.65,89250.0,1057.44,521.243,,,,,
738.671,89263.0,1056.24,520.046,,,,,
738.691,89237.0,1058.64,522.442,,,,,
738.711,89230.0,1059.29,523.09,,,,,
738.733,89201.0,1061.96,525.764,,,,,
738.755,89275.0,1055.14,518.939,,,,,
738.772,89281.0,1054.58,518.384,,,,,
738.791,89309.0,1052.0,515.802,,,,,
738.812,89346.0,1048.59,512.391,,,,,
738.83,89271.0,1055.5,519.306,,,,,
738.853,89243.0,1058.09,521.89,,,,,
738.87,89234.0,1058.92,522.72,,,,,
738.892,89276.0,1055.04,518.846,,,,,
738.91,89271.0,1055.5,519.306,,,,,
738.93,89289.0,1053.84,517.647,,,,,
738.95,89332.0,1049.88,513.683,,,,,
738.971,89367.0,1046.65,510.457,,,,,
738.989,89343.0,1048.87,512.669,,,,,
739.01,89359.0,1047.39,511.194,,,,,
739.032,89395.0,1044.07,507.875,,,,,
739.049,89420.0,1041.77,505.574,,,,,
739.073,89386.0,1044.9,508.705,,,,,
739.089,89372.0,1046.19,509.997,,,,,
739.109,89378.0,1045.64,509.442,,,,,
739.13,89399.0,1043.71,507.508,,,,,
739.151,89378.0,1045.64,509.442,,,,,
739.17,89368.0,1046.56,510.364,,,,,
739.188,89380.0,1045.45,509.257,,,,,
739.208,89408.0,1042.88,506.679,,,,,
739.228,89398.0,1043.8,507.601,,,,,
739.248,89417.0,1042.05,505.852,,,,,
739.268,89417.0,1042.05,505.852,,,,,
739.288,89445.0,1039.47,503.27,,,,,
739.308,89450.0,1039.01,502.81,,,,,
739.328,89458.0,1038.27,502.073,,,,,
739.348,89442.0,1039.74,503.547,,,,,
739.368,89450.0,1039.01,502.81,,,,,
739.392,89474.0,1036.8,500.601,,,,,
739.411,89442.0,1039.74,503.547,,,,,
739.428,89446.0,1039.38,503.18,,,,,
739.45,89476.0,1036.61,500.416,,,,,
739.467,89437.0,1040.2,504.007,,,,,
739.488,89481.0,1036.15,499.956,,,,,
739.508,89446.0,1039.38,503.18,,,,,
739.53,89524.0,1032.2,495.998,,,,,
739.548,89513.0,1033.21,497.01,,,,,
739.567,89468.0,1037.35,501.154,,,,,
739.59,89476.0,1036.61,500.416,,,,,
739.609,89524.0,1032.2,495.998,,,,,
739.627,89521.0,1032.47,496.276,,,,,
739.649,89530.0,1031.64,495.446,,,,,
739.667,89636.0,1021.9,485.699,,,,,
739.686,89640.0,1021.53,485.331,,,,,
739.707,89599.0,1025.3,489.099,,,,,
739.728,89618.0,1023.55,487.353,,,,,
739.746,89614.0,1023.92,487.72,,,,,
739.768,89533.0,1031.37,495.171,,,,,
739.788,89699.0,1016.1,479.907,,,,,
739.807,89619.0,1023.46,487.26,,,,,
739.826,89585.0,1026.58,490.386,,,,,
739.849,89573.0,1027.69,491.491,,,,,
739.871,89601.0,1025.11,488.917,,,,,
739.886,89601.0,1025.11,488.917,,,,,
739.91,89532.0,1031.46,495.264,,,,,
739.929,89673.0,1018.5,482.298,,,,,
739.947,89549.0,1029.9,493.7,,,,,
739.966,89566.0,1028.33,492.135,,,,,
739.987,89502.0,1034.22,498.022,,,,,
740.006,89548.0,1029.99,493.792,,,,,
740.027,89552.0,1029.62,493.422,,,,,
740.047,89578.0,1027.23,491.031,,,,,
740.065,89575.0,1027.51,491.308,,,,,
740.085,89608.0,1024.47,488.272,,,,,
740.109,89590.0,1026.12,489.926,,,,,
740.126,89623.0,1023.09,486.893,,,,,
740.146,89631.0,1022.36,486.158,,,,,
740.167,89664.0,1019.32,483.125,,,,,
740.187,89671.0,1018.68,482.48,,,,,
740.205,89678.0,1018.04,481.838,,,,,
740.226,89672.0,1018.59,482.388,,,,,
740.247,89647.0,1020.88,484.687,,,,,
740.266,89663.0,1019.41,483.215,,,,,
740.285,89642.0,1021.34,485.146,,,,,
740.305,89666.0,1019.14,482.94,,,,,
740.325,89687.0,1017.21,481.011,,,,,
740.345,89714.0,1014.73,478.53,,,,,
740.366,89704.0,1015.65,479.45,,,,,
740.384,89711.0,1015.0,478.805,,,,,
740.406,89719.0,1014.27,478.07,,,,,
740.426,89740.0,1012.34,476.141,,,,,
740.446,89737.0,1012.61,476.416,,,,,
740.469,89751.0,1011.33,475.132,,,,,
740.484,89751.0,1011.33,475.132,,,,,
740.506,89771.0,1009.49,473.296,,,,,
740.523,89742.0,1012.16,475.959,,,,,
740.545,89706.0,1015.46,479.265,,,,,
740.567,89714.0,1014.73,478.53,,,,,
740.586,89795.0,1007.29,471.092,,,,,
740.604,89808.0,1006.1,469.898,,,,,
740.626,89777.0,1008.94,472.744,,,,,
740.643,89736.0,1012.71,476.509,,,,,
740.664,89758.0,1010.69,474.49,,,,,
740.684,89844.0,1002.79,466.595,,,,,
740.704,89817.0,1005.27,469.073,,,,,
740.723,89859.0,1001.42,465.218,,,,,
740.744,89818.0,1005.18,468.981,,,,,
740.764,89812.0,1005.73,469.53,,,,,
740.783,89765.0,1010.04,473.845,,,,,
740.802,89802.0,1006.65,470.45,,,,,
740.823,89780.0,1008.67,472.469,,,,,
740.844,89756.0,1010.87,474.672,,,,,
740.862,89754.0,1011.05,474.857,,,,,
740.883,89765.0,1010.04,473.845,,,,,
740.903,89812.0,1005.73,469.53,,,,,
740.922,89769.0,1009.68,473.478,,,,,
740.946,89805.0,1006.37,470.175,,,,,
740.962,89773.0,1009.31,473.111,,,,,
740.982,89822.0,1004.81,468.614,,,,,
741.004,89784.0,1008.3,472.101,,,,,
741.022,89765.0,1010.04,473.845,,,,,
741.044,89794.0,1007.38,471.185,,,,,
741.065,89784.0,1008.3,472.101,,,,,
741.083,89802.0,1006.65,470.45,,,,,
741.101,89800.0,1006.83,470.632,,,,,
741.121,89803.0,1006.56,470.358,,,,,
741.141,89842.0,1002.98,466.78,,,,,
741.162,89816.0,1005.36,469.166,,,,,
741.181,89776.0,1009.03,472.836,,,,,
741.201,89805.0,1006.37,470.175,,,,,
741.222,89771.0,1009.49,473.296,,,,,
741.243,89802.0,1006.65,470.45,,,,,
741.261,89826.0,1004.44,468.246,,,,,
741.281,89854.0,1001.88,465.678,,,,,
741.302,89903.0,997.381,461.183,,,,,
741.321,89918.0,996.004,459.807,,,,,
741.341,89920.0,995.822,459.625,,,,,
741.365,89921.0,995.73,459.532,,,,,
741.382,89930.0,994.905,458.708,,,,,
741.406,89950.0,993.071,456.874,,,,,
741.423,89964.0,991.787,455.59,,,,,
741.445,89947.0,993.346,457.149,,,,,
741.46,89948.0,993.254,457.056,,,,,
741.482,89946.0,993.439,457.241,,,,,
741.503,89950.0,993.071,456.874,,,,,
741.52,89971.0,991.145,454.948,,,,,
741.544,89979.0,990.413,454.216,,,,,
741.56,89956.0,992.522,456.324,,,,,
741.582,89996.0,988.854,452.657,,,,,
741.601,89994.0,989.039,452.842,,,,,
741.621,89983.0,990.046,453.848,,,,,
741.641,90018.0,986.841,450.643,,,,,
741.661,90016.0,987.023,450.826,,,,,
741.68,90042.0,984.64,448.442,,,,,
741.7,90026.0,986.106,449.909,,,,,
741.721,90046.0,984.275,448.078,,,,,
741.739,90055.0,983.451,447.253,,,,,
741.759,90038.0,985.007,448.81,,,,,
741.781,89993.0,989.129,452.932,,,,,
741.799,89993.0,989.129,452.932,,,,,
741.819,90008.0,987.755,451.558,,,,,
741.84,90013.0,987.298,451.1,,,,,
741.862,90005.0,988.03,451.832,,,,,
741.879,89987.0,989.681,453.484,,,,,
741.9,90013.0,987.298,451.1,,,,,
741.922,90023.0,986.381,450.184,,,,,
741.94,90013.0,987.298,451.1,,,,,
741.961,90020.0,986.656,450.458,,,,,
741.979,89986.0,989.771,453.574,,,,,
741.998,89990.0,989.404,453.206,,,,,
742.018,89997.0,988.765,452.567,,,,,
742.041,89993.0,989.129,452.932,,,,,
742.059,90005.0,988.03,451.832,,,,,
742.079,90056.0,983.358,447.161,,,,,
742.1,90043.0,984.55,448.352,,,,,
742.12,90034.0,985.374,449.177,,,,,
742.139,90071.0,981.984,445.787,,,,,
742.158,90093.0,979.971,443.773,,,,,
742.18,90140.0,975.669,439.472,,,,,
742.198,90238.0,966.704,430.506,,,,,
742.218,90073.0,981.802,445.604,,,,,
742.24,90070.0,982.077,445.879,,,,,
742.257,90138.0,975.852,439.654,,,,,
742.277,90094.0,979.878,443.681,,,,,
742.299,90107.0,978.689,442.492,,,,,
742.318,90093.0,979.971,443.773,,,,,
742.338,90103.0,979.057,442.859,,,,,
742.358,90135.0,976.126,439.929,,,,,
742.377,90159.0,973.931,437.733,,,,,
742.4,90208.0,969.449,433.252,,,,,
742.418,90157.0,974.113,437.915,,,,,
742.44,90157.0,974.113,437.915,,,,,
742.459,90197.0,970.453,434.256,,,,,
742.478,90223.0,968.075,431.878,,,,,
742.501,90203.0,969.906,433.709,,,,,
742.517,90211.0,969.175,432.977,,,,,
742.537,90190.0,971.096,434.898,,,,,
742.557,90211.0,969.175,432.977,,,,,
742.579,90239.0,966.614,430.417,,,,,
742.598,90264.0,964.329,428.131,,,,,
742.617,90246.0,965.975,429.777,,,,,
742.636,90286.0,962.318,426.12,,,,,
742.657,90235.0,966.979,430.781,,,,,
742.676,90282.0,962.682,426.485,,,,,
742.697,90253.0,965.333,429.135,,,,,
742.716,90262.0,964.511,428.313,,,,,
742.744,90261.0,964.603,428.406,,,,,
742.758,90267.0,964.054,427.856,,,,,
742.778,90256.0,965.061,428.863,,,,,
742.799,90271.0,963.689,427.492,,,,,
742.815,90274.0,963.414,427.217,,,,,
742.837,90264.0,964.329,428.131,,,,,
742.856,90259.0,964.786,428.588,,,,,
742.876,90264.0,964.329,428.131,,,,,
742.896,90247.0,965.882,429.685,,,,,
742.918,90301.0,960.946,424.749,,,,,
742.939,90270.0,963.779,427.581,,,,,
742.956,90259.0,964.786,428.588,,,,,
742.975,90287.0,962.225,426.028,,,,,
742.996,90286.0,962.318,426.12,,,,,
743.015,90288.0,962.135,425.938,,,,,
743.038,90327.0,958.571,422.373,,,,,
743.056,90329.0,958.389,422.191,,,,,
743.074,90272.0,963.597,427.399,,,,,
743.096,90312.0,959.942,423.745,,,,,
743.114,90305.0,960.582,424.384,,,,,
743.138,90296.0,961.404,425.206,,,,,
743.156,90319.0,959.303,423.105,,,,,
743.174,90339.0,957.474,421.277,,,,,
743.196,90311.0,960.032,423.835,,,,,
743.214,90287.0,962.225,426.028,,,,,
743.237,90339.0,957.474,421.277,,,,,
743.253,90339.0,957.474,421.277,,,,,
743.273,90360.0,955.556,419.359,,,,,
743.293,90356.0,955.923,419.726,,,,,
743.313,90368.0,954.827,418.629,,,,,
743.336,90398.0,952.087,415.889,,,,,
743.353,90359.0,955.649,419.451,,,,,
743.373,90391.0,952.726,416.529,,,,,
743.393,90403.0,951.63,415.432,,,,,
743.414,90399.0,951.994,415.797,,,,,
743.436,90451.0,947.249,411.051,,,,,
743.455,90457.0,946.702,410.504,,,,,
743.474,90472.0,945.333,409.136,,,,,
743.492,90471.0,945.423,409.225,,,,,
743.514,90462.0,946.245,410.047,,,,,
743.532,90481.0,944.511,408.314,,,,,
743.552,90471.0,945.423,409.225,,,,,
743.575,90485.0,944.147,407.949,,,,,
743.592,90474.0,945.151,408.953,,,,,
743.612,90492.0,943.507,407.31,,,,,
743.638,90479.0,944.694,408.496,,,,,
743.653,90442.0,948.071,411.873,,,,,
743.672,90424.0,949.714,413.517,,,,,
743.693,90464.0,946.062,409.865,,,,,
743.713,90469.0,945.605,409.408,,,,,
743.732,90525.0,940.498,404.3,,,,,
743.754,90534.0,939.679,403.481,,,,,
743.772,90510.0,941.866,405.669,,,,,
743.791,90553.0,937.945,401.748,,,,,
743.811,90498.0,942.96,406.763,,,,,
743.832,90524.0,940.59,404.393,,,,,
743.852,90495.0,943.235,407.038,,,,,
743.872,90520.0,940.955,404.757,,,,,
743.891,90508.0,942.049,405.851,,,,,
743.915,90558.0,937.491,401.293,,,,,
743.933,90511.0,941.774,405.576,,,,,
743.953,90496.0,943.143,406.945,,,,,
743.973,90480.0,944.604,408.406,,,,,
743.995,90521.0,940.862,404.665,,,,,
744.013,90528.0,940.226,404.028,,,,,
744.031,90528.0,940.226,404.028,,,,,
744.051,90601.0,933.57,397.372,,,,,
744.072,90595.0,934.117,397.919,,,,,
744.091,90584.0,935.121,398.923,,,,,
744.111,90610.0,932.751,396.553,,,,,
744.134,90584.0,935.121,398.923,,,,,
744.15,90614.0,932.386,396.188,,,,,
744.173,90609.0,932.84,396.643,,,,,
744.193,90578.0,935.665,399.467,,,,,
744.211,90561.0,937.216,401.018,,,,,
744.233,90594.0,934.209,398.012,,,,,
744.251,90587.0,934.846,398.648,,,,,
744.27,90591.0,934.481,398.284,,,,,
744.291,90627.0,931.2,395.002,,,,,
744.312,90634.0,930.563,394.365,,,,,
744.331,90623.0,931.564,395.367,,,,,
744.35,90636.0,930.38,394.183,,,,,
744.372,90665.0,927.738,391.541,,,,,
744.389,90698.0,924.734,388.536,,,,,
744.409,90636.0,930.38,394.183,,,,,
744.431,90681.0,926.282,390.085,,,,,
744.449,90677.0,926.647,390.449,,,,,
744.471,90697.0,924.824,388.626,,,,,
744.49,90676.0,926.737,390.539,,,,,
744.511,90673.0,927.012,390.814,,,,,
744.531,90697.0,924.824,388.626,,,,,
744.551,90705.0,924.097,387.899,,,,,
744.569,90712.0,923.46,387.263,,,,,
744.591,90659.0,928.285,392.088,,,,,
744.609,90715.0,923.185,386.988,,,,,
744.628,90708.0,923.822,387.625,,,,,
744.652,90710.0,923.64,387.442,,,,,
744.668,90710.0,923.64,387.442,,,,,
744.69,90714.0,923.278,387.08,,,,,
744.708,90706.0,924.005,387.807,,,,,
744.73,90750.0,919.999,383.801,,,,,
744.75,90700.0,924.552,388.354,,,,,
744.769,90725.0,922.276,386.079,,,,,
744.791,90727.0,922.094,385.897,,,,,
744.81,90746.0,920.364,384.166,,,,,
744.829,90725.0,922.276,386.079,,,,,
744.85,90789.0,916.45,380.253,,,,,
744.87,90748.0,920.181,383.984,,,,,
744.888,90792.0,916.178,379.981,,,,,
744.911,90733.0,921.547,385.35,,,,,
744.93,90794.0,915.996,379.798,,,,,
744.947,90781.0,917.18,380.982,,,,,
744.976,90790.0,916.36,380.163,,,,,
744.99,90790.0,916.36,380.163,,,,,
745.007,90790.0,916.36,380.163,,,,,
745.029,90867.0,909.358,373.161,,,,,
745.047,90805.0,914.994,378.797,,,,,
745.069,90792.0,916.178,379.981,,,,,
745.089,90823.0,913.359,377.161,,,,,
745.11,90875.0,908.629,372.432,,,,,
745.127,90851.0,910.812,374.614,,,,,
745.147,90813.0,914.268,378.07,,,,,
745.169,90827.0,912.994,376.797,,,,,
745.188,90844.0,911.448,375.251,,,,,
745.207,90860.0,909.992,373.795,,,,,
745.231,90866.0,909.448,373.251,,,,,
745.25,90882.0,907.992,371.795,,,,,
745.268,90874.0,908.722,372.524,,,,,
745.288,90901.0,906.267,370.069,,,,,
745.306,90916.0,904.903,368.706,,,,,
745.33,90911.0,905.358,369.16,,,,,
745.346,90939.0,902.813,366.616,,,,,
745.366,90974.0,899.635,363.437,,,,,
745.388,90964.0,900.541,364.343,,,,,
745.405,90916.0,904.903,368.706,,,,,
745.429,90917.0,904.811,368.613,,,,,
745.447,90918.0,904.721,368.524,,,,,
745.467,90940.0,902.724,366.526,,,,,
745.486,90935.0,903.178,366.98,,,,,
745.505,90938.0,902.903,366.706,,,,,
745.527,90914.0,905.086,368.888,,,,,
745.546,90933.0,903.358,367.16,,,,,
745.567,90888.0,907.448,371.25,,,,,
745.587,90929.0,903.722,367.525,,,,,
745.605,90929.0,903.722,367.525,,,,,
745.628,90902.0,906.174,369.977,,,,,
745.646,90899.0,906.449,370.252,,,,,
745.668,90912.0,905.265,369.068,,,,,
745.685,90979.0,899.18,362.983,,,,,
745.706,90992.0,897.999,361.802,,,,,
745.725,90931.0,903.54,367.342,,,,,
745.744,90928.0,903.812,367.615,,,,,
745.767,90892.0,907.083,370.886,,,,,
745.784,90952.0,901.632,365.435,,,,,
745.805,90932.0,903.45,367.253,,,,,
745.824,90923.0,904.267,368.069,,,,,
745.844,90960.0,900.906,364.708,,,,,
745.867,91005.0,896.818,360.62,,,,,
745.885,90956.0,901.268,365.07,,,,,
745.907,90983.0,898.816,362.618,,,,,
745.924,90998.0,897.455,361.257,,,,,
745.947,90983.0,898.816,362.618,,,,,
745.965,90974.0,899.635,363.437,,,,,
745.985,90970.0,899.997,363.799,,,,,
746.003,90952.0,901.632,365.435,,,,,
746.028,91009.0,896.456,360.258,,,,,
746.045,90997.0,897.545,361.347,,,,,
746.067,91018.0,895.637,359.439,,,,,
746.087,91030.0,894.548,358.351,,,,,
746.104,90990.0,898.181,361.984,,,,,
746.125,91025.0,895.003,358.805,,,,,
746.143,91035.0,894.094,357.896,,,,,
746.164,91075.0,890.463,354.266,,,,,
746.183,91084.0,889.647,353.449,,,,,
746.207,91108.0,887.47,351.272,,,,,
746.227,91117.0,886.653,350.456,,,,,
746.244,91132.0,885.292,349.095,,,,,
746.263,91129.0,885.565,349.367,,,,,
746.283,91096.0,888.558,352.361,,,,,
746.305,91114.0,886.925,350.728,,,,,
746.327,91106.0,887.652,351.454,,,,,
746.347,91104.0,887.832,351.634,,,,,
746.363,91081.0,889.919,353.721,,,,,
746.383,91094.0,888.741,352.543,,,,,
746.404,91113.0,887.015,350.818,,,,,
746.423,91111.0,887.197,351.0,,,,,
746.443,91124.0,886.019,349.821,,,,,
746.463,91148.0,883.842,347.644,,,,,
746.49,91166.0,882.209,346.011,,,,,
746.507,91158.0,882.935,346.738,,,,,
746.523,91146.0,884.024,347.826,,,,,
746.544,91143.0,884.294,348.096,,,,,
746.561,91164.0,882.391,346.194,,,,,
746.581,91204.0,878.763,342.566,,,,,
746.603,91196.0,879.49,343.292,,,,,
746.625,91198.0,879.308,343.11,,,,,
746.642,91208.0,878.401,342.204,,,,,
746.662,91141.0,884.476,348.278,,,,,
746.687,91156.0,883.115,346.918,,,,,
746.702,91177.0,881.213,345.015,,,,,
746.723,91120.0,886.381,350.183,,,,,
746.741,91144.0,884.204,348.006,,,,,
746.761,91149.0,883.749,347.552,,,,,
746.781,91163.0,882.481,346.283,,,,,
746.8,91149.0,883.749,347.552,,,,,
746.823,91179.0,881.03,344.833,,,,,
746.842,91243.0,875.23,339.033,,,,,
746.863,91264.0,873.325,337.128,,,,,
746.881,91264.0,873.325,337.128,,,,,
746.901,91177.0,881.213,345.015,,,,,
746.922,91216.0,877.677,341.48,,,,,
746.943,91191.0,879.942,343.744,,,,,
746.962,91215.0,877.767,341.57,,,,,
746.981,91213.0,877.947,341.749,,,,,
747.002,91246.0,874.958,338.761,,,,,
747.02,91246.0,874.958,338.761,,,,,
747.04,91274.0,872.422,336.224,,,,,
747.06,91311.0,869.069,332.871,,,,,
747.079,91309.0,869.251,333.053,,,,,
747.099,91331.0,867.259,331.061,,,,,
747.123,91262.0,873.508,337.31,,,,,
747.14,91303.0,869.793,333.595,,,,,
747.16,91360.0,864.632,328.435,,,,,
747.179,91355.0,865.087,328.889,,,,,
747.199,91383.0,862.55,326.353,,,,,
747.22,91411.0,860.016,323.819,,,,,
747.24,91410.0,860.109,323.911,,,,,
747.259,91379.0,862.912,326.715,,,,,
747.279,91397.0,861.284,325.087,,,,,
747.3,91407.0,860.378,324.181,,,,,
747.32,91389.0,862.008,325.811,,,,,
747.339,91361.0,864.542,328.345,,,,,
747.361,91457.0,855.857,319.66,,,,,
747.379,91459.0,855.675,319.477,,,,,
747.398,91505.0,851.516,315.318,,,,,
747.42,91505.0,851.516,315.318,,,,,
747.438,91494.0,852.509,316.312,,,,,
747.458,91504.0,851.606,315.408,,,,,
747.478,91489.0,852.961,316.764,,,,,
747.5,91488.0,853.054,316.856,,,,,
747.519,91472.0,854.499,318.302,,,,,
747.54,91505.0,851.516,315.318,,,,,
747.558,91487.0,853.144,316.946,,,,,
747.578,91542.0,848.171,311.973,,,,,
747.6,91526.0,849.619,313.421,,,,,
747.621,91593.0,843.563,307.365,,,,,
747.638,91552.0,847.267,311.07,,,,,
747.659,91638.0,839.499,303.301,,,,,
747.677,91576.0,845.1,308.903,,,,,
747.7,91611.0,841.938,305.74,,,,,
747.717,91636.0,839.678,303.481,,,,,
747.738,91611.0,841.938,305.74,,,,,
747.758,91572.0,845.46,309.262,,,,,
747.778,91545.0,847.901,311.704,,,,,
747.796,91533.0,848.985,312.787,,,,,
747.818,91547.0,847.719,311.521,,,,,
747.837,91531.0,849.167,312.969,,,,,
747.857,91528.0,849.436,313.239,,,,,
747.878,91509.0,851.154,314.956,,,,,
747.896,91529.0,849.347,313.149,,,,,
747.916,91536.0,848.712,312.515,,,,,
747.936,91555.0,846.998,310.8,,,,,
747.958,91617.0,841.396,305.198,,,,,
747.976,91616.0,841.486,305.288,,,,,
747.997,91638.0,839.499,303.301,,,,,
748.016,91625.0,840.675,304.477,,,,,
748.038,91623.0,840.854,304.657,,,,,
748.057,91636.0,839.678,303.481,,,,,
748.076,91667.0,836.88,300.683,,,,,
748.097,91658.0,837.694,301.497,,,,,
748.117,91645.0,838.867,302.67,,,,,
748.137,91627.0,840.492,304.295,,,,,
748.156,91639.0,839.409,303.211,,,,,
748.176,91630.0,840.223,304.025,,,,,
748.196,91614.0,841.665,305.468,,,,,
748.217,91621.0,841.034,304.836,,,,,
748.235,91662.0,837.332,301.135,,,,,
748.256,91649.0,838.505,302.308,,,,,
748.276,91655.0,837.964,301.766,,,,,
748.295,91686.0,835.165,298.968,,,,,
748.321,91634.0,839.861,303.663,,,,,
748.335,91634.0,839.861,303.663,,,,,
748.355,91634.0,839.861,303.663,,,,,
748.375,91662.0,837.332,301.135,,,,,
748.395,91611.0,841.938,305.74,,,,,
748.416,91633.0,839.951,303.753,,,,,
748.436,91625.0,840.675,304.477,,,,,
748.456,91628.0,840.402,304.205,,,,,
748.474,91618.0,841.306,305.109,,,,,
748.496,91611.0,841.938,305.74,,,,,
748.515,91632.0,840.04,303.843,,,,,
748.534,91641.0,839.229,303.032,,,,,
748.555,91691.0,834.714,298.516,,,,,
748.574,91690.0,834.806,298.608,,,,,
748.593,91703.0,833.633,297.435,,,,,
748.614,91759.0,828.578,292.381,,,,,
748.634,91789.0,825.872,289.675,,,,,
748.654,91757.0,828.76,292.563,,,,,
748.675,91749.0,829.482,293.284,,,,,
748.693,91731.0,831.104,294.907,,,,,
748.715,91694.0,834.444,298.246,,,,,
748.734,91658.0,837.694,301.497,,,,,
748.754,91640.0,839.319,303.122,,,,,
748.775,91620.0,841.124,304.926,,,,,
748.793,91626.0,840.582,304.385,,,,,
748.814,91656.0,837.874,301.676,,,,,
748.832,91642.0,839.139,302.942,,,,,
748.852,91682.0,835.527,299.33,,,,,
748.876,91718.0,832.277,296.08,,,,,
748.894,91716.0,832.46,296.262,,,,,
748.916,91770.0,827.587,291.39,,,,,
748.937,91819.0,823.169,286.972,,,,,
748.955,91827.0,822.448,286.25,,,,,
748.973,91843.0,821.005,284.808,,,,,
748.994,91831.0,822.086,285.888,,,,,
749.014,91815.0,823.529,287.331,,,,,
749.035,91818.0,823.259,287.062,,,,,
749.052,91787.0,826.055,289.857,,,,,
749.074,91800.0,824.882,288.684,,,,,
749.094,91798.0,825.061,288.864,,,,,
749.112,91803.0,824.612,288.414,,,,,
749.132,91847.0,820.643,284.446,,,,,
749.155,91842.0,821.095,284.898,,,,,
749.176,91829.0,822.268,286.071,,,,,
749.192,91839.0,821.365,285.167,,,,,
749.211,91820.0,823.08,286.882,,,,,
749.231,91832.0,821.996,285.799,,,,,
749.251,91829.0,822.268,286.071,,,,,
749.271,91879.0,817.761,281.563,,,,,
749.292,91878.0,817.85,281.653,,,,,
749.312,91870.0,818.572,282.374,,,,,
749.332,91866.0,818.931,282.734,,,,,
749.351,91869.0,818.662,282.464,,,,,
749.371,91904.0,815.507,279.309,,,,,
749.391,91864.0,819.113,282.916,,,,,
749.413,91859.0,819.563,283.365,,,,,
749.432,91900.0,815.869,279.671,,,,,
749.45,91894.0,816.408,280.21,,,,,
749.471,91891.0,816.68,280.482,,,,,
749.491,91938.0,812.447,276.249,,,,,
749.513,91897.0,816.138,279.941,,,,,
749.53,91917.0,814.336,278.139,,,,,
749.551,91884.0,817.311,281.114,,,,,
749.573,91915.0,814.518,278.321,,,,,
749.59,91951.0,811.274,275.076,,,,,
749.613,91931.0,813.076,276.878,,,,,
749.631,91881.0,817.581,281.383,,,,,
749.651,91905.0,815.42,279.222,,,,,
749.67,91889.0,816.86,280.662,,,,,
749.689,91884.0,817.311,281.114,,,,,
749.716,91896.0,816.228,280.031,,,,,
749.731,91901.0,815.779,279.581,,,,,
749.753,91902.0,815.689,279.492,,,,,
749.773,91926.0,813.528,277.33,,,,,
749.79,91955.0,810.914,274.717,,,,,
749.81,91932.0,812.986,276.788,,,,,
749.83,91951.0,811.274,275.076,,,,,
749.852,91936.0,812.627,276.429,,,,,
749.87,91931.0,813.076,276.878,,,,,
749.89,91957.0,810.735,274.537,,,,,
749.91,91939.0,812.354,276.157,,,,,
749.928,91926.0,813.528,277.33,,,,,
749.949,91985.0,808.214,272.016,,,,,
749.968,91993.0,807.493,271.295,,,,,
749.988,92016.0,805.424,269.226,,,,,
750.008,92033.0,803.894,267.696,,,,,
750.028,92050.0,802.364,266.166,,,,,
750.048,92067.0,800.834,264.637,,,,,
750.069,92084.0,799.304,263.107,,,,,
750.088,92104.0,797.507,261.31,,,,,
750.109,92110.0,796.968,260.771,,,,,
750.127,92111.0,796.879,260.681,,,,,
750.147,92149.0,793.462,257.265,,,,,
750.171,92129.0,795.259,259.061,,,,,
750.187,92161.0,792.381,256.184,,,,,
750.208,92170.0,791.573,255.375,,,,,
750.229,92153.0,793.1,256.903,,,,,
750.247,92160.0,792.471,256.274,,,,,
750.269,92159.0,792.561,256.364,,,,,
750.288,92167.0,791.842,255.645,,,,,
750.309,92182.0,790.495,254.297,,,,,
750.328,92169.0,791.663,255.465,,,,,
750.347,92119.0,796.157,259.96,,,,,
750.366,92134.0,794.81,258.612,,,,,
750.386,92169.0,791.663,255.465,,,,,
750.407,92192.0,789.596,253.399,,,,,
750.426,92166.0,791.932,255.735,,,,,
750.448,92166.0,791.932,255.735,,,,,
750.466,92143.0,794.001,257.804,,,,,
750.489,92155.0,792.92,256.723,,,,,
750.506,92160.0,792.471,256.274,,,,,
750.527,92145.0,793.821,257.624,,,,,
750.55,92163.0,792.202,256.004,,,,,
750.567,92174.0,791.214,255.016,,,,,
750.587,92166.0,791.932,255.735,,,,,
750.605,92161.0,792.381,256.184,,,,,
750.626,92177.0,790.944,254.746,,,,,
750.648,92225.0,786.632,250.434,,,,,
750.667,92235.0,785.733,249.536,,,,,
750.686,92197.0,789.147,252.95,,,,,
750.707,92201.0,788.788,252.59,,,,,
750.728,92254.0,784.026,247.829,,,,,
750.748,92256.0,783.847,247.649,,,,,
750.766,92207.0,788.249,252.051,,,,,
750.787,92214.0,787.62,251.422,,,,,
750.809,92230.0,786.183,249.985,,,,,
750.824,92254.0,784.026,247.829,,,,,
750.847,92285.0,781.244,245.047,,,,,
750.865,92262.0,783.308,247.11,,,,,
750.886,92209.0,788.069,251.872,,,,,
750.905,92198.0,789.057,252.86,,,,,
750.926,92217.0,787.35,251.153,,,,,
750.946,92244.0,784.925,248.727,,,,,
750.965,92191.0,789.686,253.489,,,,,
750.984,92178.0,790.854,254.657,,,,,
751.006,92149.0,793.462,257.265,,,,,
751.024,92163.0,792.202,256.004,,,,,
751.044,92181.0,790.585,254.387,,,,,
751.065,92266.0,782.948,246.751,,,,,
751.085,92273.0,782.32,246.122,,,,,
751.106,92299.0,779.986,243.789,,,,,
751.124,92290.0,780.795,244.597,,,,,
751.145,92277.0,781.96,245.763,,,,,
751.163,92259.0,783.577,247.38,,,,,
751.183,92287.0,781.064,244.867,,,,,
751.207,92309.0,779.088,242.89,,,,,
751.223,92273.0,782.32,246.122,,,,,
751.245,92275.0,782.14,245.942,,,,,
751.264,92311.0,778.908,242.711,,,,,
751.283,92292.0,780.615,244.418,,,,,
751.304,92355.0,774.961,238.763,,,,,
751.324,92365.0,774.062,237.865,,,,,
751.345,92324.0,777.743,241.546,,,,,
751.365,92367.0,773.883,237.685,,,,,
751.384,92396.0,771.283,235.085,,,,,
751.407,92397.0,771.193,234.995,,,,,
751.423,92359.0,774.601,238.404,,,,,
751.444,92399.0,771.013,234.816,,,,,
751.462,92405.0,770.474,234.277,,,,,
751.483,92418.0,769.309,233.111,,,,,
751.506,92470.0,764.645,228.448,,,,,
751.523,92471.0,764.558,228.36,,,,,
751.543,92460.0,765.544,229.346,,,,,
751.563,92467.0,764.915,228.717,,,,,
751.584,92433.0,767.964,231.766,,,,,
751.605,92449.0,766.529,230.332,,,,,
751.622,92467.0,764.915,228.717,,,,,
751.643,92483.0,763.48,227.282,,,,,
751.663,92464.0,765.184,228.987,,,,,
751.683,92507.0,761.329,225.132,,,,,
751.704,92477.0,764.019,227.821,,,,,
751.723,92485.0,763.3,227.103,,,,,
751.743,92484.0,763.39,227.193,,,,,
751.763,92474.0,764.289,228.091,,,,,
751.781,92471.0,764.558,228.36,,,,,
751.801,92488.0,763.033,226.836,,,,,
751.822,92465.0,765.094,228.897,,,,,
751.842,92485.0,763.3,227.103,,,,,
751.863,92463.0,765.274,229.077,,,,,
751.883,92493.0,762.584,226.387,,,,,
751.902,92451.0,766.35,230.152,,,,,
751.921,92438.0,767.515,231.317,,,,,
751.943,92497.0,762.225,226.027,,,,,
751.96,92556.0,756.94,220.743,,,,,
751.98,92532.0,759.091,222.894,,,,,
752.004,92586.0,754.253,218.056,,,,,
752.02,92580.0,754.789,218.592,,,,,
752.04,92532.0,759.091,222.894,,,,,
752.062,92493.0,762.584,226.387,,,,,
752.084,92498.0,762.138,225.94,,,,,
752.103,92537.0,758.642,222.444,,,,,
752.124,92537.0,758.642,222.444,,,,,
752.143,92536.0,758.732,222.534,,,,,
752.161,92526.0,759.628,223.43,,,,,
752.182,92526.0,759.628,223.43,,,,,
752.2,92518.0,760.344,224.146,,,,,
752.222,92535.0,758.822,222.624,,,,,
752.243,92526.0,759.628,223.43,,,,,
752.261,92517.0,760.433,224.236,,,,,
752.28,92571.0,755.598,219.4,,,,,
752.304,92587.0,754.163,217.966,,,,,
752.323,92567.0,755.955,219.757,,,,,
752.339,92567.0,755.955,219.757,,,,,
752.36,92629.0,750.403,214.206,,,,,
752.382,92602.0,752.821,216.623,,,,,
752.404,92634.0,749.957,213.759,,,,,
752.419,92641.0,749.331,213.133,,,,,
752.442,92677.0,746.107,209.909,,,,,
752.462,92701.0,743.961,207.764,,,,,
752.481,92702.0,743.872,207.674,,,,,
752.5,92719.0,742.35,206.152,,,,,
752.521,92724.0,741.903,205.705,,,,,
752.54,92727.0,741.633,205.436,,,,,
752.56,92740.0,740.474,204.276,,,,,
752.579,92728.0,741.546,205.349,,,,,
752.599,92725.0,741.813,205.616,,,,,
752.619,92687.0,745.214,209.016,,,,,
752.638,92710.0,743.155,206.958,,,,,
752.659,92699.0,744.138,207.941,,,,,
752.679,92706.0,743.512,207.315,,,,,
752.698,92708.0,743.335,207.138,,,,,
752.719,92696.0,744.408,208.21,,,,,
752.74,92722.0,742.083,205.885,,,,,
752.759,92727.0,741.633,205.436,,,,,
752.778,92736.0,740.83,204.633,,,,,
752.798,92696.0,744.408,208.21,,,,,
752.82,92707.0,743.425,207.227,,,,,
752.839,92733.0,741.097,204.9,,,,,
752.862,92703.0,743.782,207.584,,,,,
752.879,92718.0,742.439,206.242,,,,,
752.897,92700.0,744.051,207.854,,,,,
752.917,92687.0,745.214,209.016,,,,,
752.937,92638.0,749.597,213.4,,,,,
752.959,92677.0,746.107,209.909,,,,,
752.979,92659.0,747.719,211.521,,,,,
752.999,92653.0,748.255,212.058,,,,,
753.018,92666.0,747.092,210.895,,,,,
753.037,92725.0,741.813,205.616,,,,,
753.06,92728.0,741.546,205.349,,,,,
753.079,92772.0,737.612,201.414,,,,,
753.097,92712.0,742.976,206.778,,,,,
753.119,92738.0,740.651,204.453,,,,,
753.137,92714.0,742.799,206.601,,,,,
753.156,92766.0,738.148,201.951,,,,,
753.176,92769.0,737.879,201.681,,,,,
753.197,92820.0,733.321,197.123,,,,,
753.218,92802.0,734.93,198.732,,,,,
753.238,92820.0,733.321,197.123,,,,,
753.257,92857.0,730.015,193.818,,,,,
753.278,92787.0,736.27,200.072,,,,,
753.298,92831.0,732.338,196.14,,,,,
753.317,92815.0,733.767,197.57,,,,,
753.338,92860.0,729.746,193.548,,,,,
753.356,92894.0,726.71,190.512,,,,,
753.379,92883.0,727.693,191.495,,,,,
753.396,92920.0,724.387,188.19,,,,,
753.417,92917.0,724.657,188.459,,,,,
753.437,92951.0,721.621,185.423,,,,,
753.457,92949.0,721.798,185.6,,,,,
753.475,92987.0,718.408,182.21,,,,,
753.495,92986.0,718.498,182.3,,,,,
753.516,92962.0,720.638,184.44,,,,,
753.538,92999.0,717.338,181.14,,,,,
753.557,92965.0,720.371,184.173,,,,,
753.578,92978.0,719.211,183.013,,,,,
753.598,92986.0,718.498,182.3,,,,,
753.615,93017.0,715.731,179.534,,,,,
753.637,93048.0,712.965,176.767,,,,,
753.657,92995.0,717.694,181.497,,,,,
753.676,93000.0,717.248,181.05,,,,,
753.696,93048.0,712.965,176.767,,,,,
753.716,93049.0,712.877,176.68,,,,,
753.735,93051.0,712.698,176.5,,,,,
753.755,93048.0,712.965,176.767,,,,,
753.776,93044.0,713.321,177.124,,,,,
753.797,93113.0,707.17,170.973,,,,,
753.817,93034.0,714.214,178.017,,,,,
753.839,93039.0,713.768,177.57,,,,,
753.857,93071.0,710.914,174.717,,,,,
753.875,93093.0,708.954,172.756,,,,,
753.895,93046.0,713.144,176.947,,,,,
753.916,93078.0,710.291,174.093,,,,,
753.935,93040.0,713.678,177.48,,,,,
753.955,93155.0,703.426,167.228,,,,,
753.975,93093.0,708.954,172.756,,,,,
753.997,93085.0,709.667,173.469,,,,,
754.014,93071.0,710.914,174.717,,,,,
754.042,93111.0,707.347,171.15,,,,,
754.057,93179.0,701.288,165.091,,,,,
754.076,93148.0,704.05,167.852,,,,,
754.096,93115.0,706.99,170.793,,,,,
754.113,93154.0,703.516,167.318,,,,,
754.135,93126.0,706.01,169.813,,,,,
754.155,93086.0,709.577,173.38,,,,,
754.176,93046.0,713.144,176.947,,,,,
754.195,93121.0,706.457,170.259,,,,,
754.214,93089.0,709.31,173.113,,,,,
754.234,93119.0,706.636,170.439,,,,,
754.253,93132.0,705.476,169.279,,,,,
754.273,93121.0,706.457,170.259,,,,,
754.295,93190.0,700.308,164.11,,,,,
754.314,93215.0,698.081,161.883,,,,,
754.333,93244.0,695.499,159.302,,,,,
754.353,93221.0,697.547,161.349,,,,,
754.374,93240.0,695.856,159.658,,,,,
754.394,93258.0,694.252,158.054,,,,,
754.413,93232.0,696.567,160.369,,,,,
754.435,93246.0,695.322,159.124,,,,,
754.452,93261.0,693.985,157.787,,,,,
754.472,93243.0,695.589,159.391,,,,,
754.494,93266.0,693.541,157.344,,,,,
754.513,93277.0,692.561,156.363,,,,,
754.533,93254.0,694.609,158.411,,,,,
754.555,93271.0,693.095,156.897,,,,,
754.573,93269.0,693.274,157.077,,,,,
754.594,93291.0,691.316,155.119,,,,,
754.613,93281.0,692.207,156.009,,,,,
754.634,93292.0,691.227,155.029,,,,,
754.652,93302.0,690.336,154.138,,,,,
754.671,93310.0,689.625,153.428,,,,,
754.693,93271.0,693.095,156.897,,,,,
754.712,93277.0,692.561,156.363,,,,,
754.732,93308.0,689.802,153.605,,,,,
754.752,93265.0,693.631,157.433,,,,,
754.772,93296.0,690.87,154.672,,,,,
754.793,93315.0,689.179,152.981,,,,,
754.811,93296.0,690.87,154.672,,,,,
754.834,93338.0,687.134,150.936,,,,,
754.851,93354.0,685.709,149.512,,,,,
754.872,93354.0,685.709,149.512,,,,,
754.891,93389.0,682.597,146.399,,,,,
754.91,93377.0,683.664,147.467,,,,,
754.931,93363.0,684.909,148.711,,,,,
754.95,93362.0,684.999,148.801,,,,,
754.97,93352.0,685.889,149.691,,,,,
754.99,93405.0,681.175,144.978,,,,,
755.012,93444.0,677.708,141.511,,,,,
755.031,93371.0,684.198,148.0,,,,,
755.051,93374.0,683.931,147.734,,,,,
755.07,93343.0,686.69,150.492,,,,,
755.092,93392.0,682.33,146.132,,,,,
755.111,93390.0,682.51,146.312,,,,,
755.132,93383.0,683.13,146.933,,,,,
755.154,93392.0,682.33,146.132,,,,,
755.17,93404.0,681.262,145.065,,,,,
755.19,93398.0,681.796,145.599,,,,,
755.212,93397.0,681.886,145.688,,,,,
755.229,93386.0,682.864,146.666,,,,,
755.25,93385.0,682.953,146.756,,,,,
755.27,93389.0,682.597,146.399,,,,,
755.289,93413.0,680.464,144.267,,,,,
755.309,93426.0,679.307,143.11,,,,,
755.329,93445.0,677.619,141.421,,,,,
755.351,93446.0,677.529,141.331,,,,,
755.372,93481.0,674.419,138.221,,,,,
755.395,93489.0,673.708,137.51,,,,,
755.412,93479.0,674.599,138.401,,,,,
755.429,93499.0,672.82,136.623,,,,,
755.45,93497.0,672.997,136.8,,,,,
755.47,93495.0,673.174,136.977,,,,,
755.491,93495.0,673.174,136.977,,,,,
755.51,93493.0,673.354,137.156,,,,,
755.528,93510.0,671.843,135.645,,,,,
755.55,93515.0,671.399,135.201,,,,,
755.57,93478.0,674.686,138.488,,,,,
755.59,93483.0,674.242,138.044,,,,,
755.611,93497.0,672.997,136.8,,,,,
755.628,93485.0,674.065,137.867,,,,,
755.654,93518.0,671.132,134.934,,,,,
755.669,93497.0,672.997,136.8,,,,,
755.689,93507.0,672.109,135.912,,,,,
755.711,93527.0,670.334,134.136,,,,,
755.731,93498.0,672.91,136.713,,,,,
755.747,93548.0,668.468,132.271,,,,,
755.768,93452.0,676.998,140.8,,,,,
755.787,93472.0,675.219,139.022,,,,,
755.811,93499.0,672.82,136.623,,,,,
755.827,93456.0,676.641,140.443,,,,,
755.849,93521.0,670.865,134.667,,,,,
755.869,93536.0,669.533,133.336,,,,,
755.888,93621.0,661.987,125.789,,,,,
755.908,93569.0,666.603,130.405,,,,,
755.927,93573.0,666.249,130.051,,,,,
755.948,93586.0,665.094,128.897,,,,,
755.968,93537.0,669.446,133.248,,,,,
755.989,93580.0,665.628,129.43,,,,,
756.006,93589.0,664.827,128.63,,,,,
756.028,93629.0,661.279,125.081,,,,,
756.047,93609.0,663.052,126.854,,,,,
756.069,93673.0,657.373,121.176,,,,,
756.087,93765.0,649.217,113.019,,,,,
756.108,93761.0,649.571,113.373,,,,,
756.126,93726.0,652.673,116.475,,,,,
756.15,93721.0,653.117,116.919,,,,,
756.167,93659.0,658.615,122.418,,,,,
756.191,93621.0,661.987,125.789,,,,,
756.206,93650.0,659.413,123.216,,,,,
756.228,93658.0,658.705,122.508,,,,,
756.247,93645.0,659.857,123.66,,,,,
756.268,93649.0,659.503,123.306,,,,,
756.289,93693.0,655.6,119.403,,,,,
756.308,93654.0,659.059,122.862,,,,,
756.325,93668.0,657.817,121.62,,,,,
756.346,93677.0,657.019,120.822,,,,,
756.366,93706.0,654.446,118.248,,,,,
756.387,93723.0,652.94,116.742,,,,,
756.407,93726.0,652.673,116.475,,,,,
756.426,93705.0,654.536,118.338,,,,,
756.445,93741.0,651.344,115.146,,,,,
756.465,93708.0,654.269,118.071,,,,,
756.488,93749.0,650.633,114.435,,,,,
756.507,93748.0,650.723,114.525,,,,,
756.526,93741.0,651.344,115.146,,,,,
756.548,93756.0,650.015,113.817,,,,,
756.566,93784.0,647.531,111.333,,,,,
756.586,93785.0,647.444,111.246,,,,,
756.604,93788.0,647.177,110.979,,,,,
756.624,93784.0,647.531,111.333,,,,,
756.645,93798.0,646.292,110.094,,,,,
756.665,93818.0,644.519,108.321,,,,,
756.684,93786.0,647.354,111.156,,,,,
756.704,93766.0,649.127,112.929,,,,,
756.725,93761.0,649.571,113.373,,,,,
756.745,93764.0,649.304,113.106,,,,,
756.765,93765.0,649.217,113.019,,,,,
756.787,93828.0,643.633,107.436,,,,,
756.806,93827.0,643.723,107.526,,,,,
756.824,93830.0,643.456,107.259,,,,,
756.845,93816.0,644.696,108.498,,,,,
756.866,93917.0,635.752,99.554,,,,,
756.885,93850.0,641.686,105.489,,,,,
756.903,93813.0,644.963,108.765,,,,,
756.925,93819.0,644.431,108.234,,,,,
756.943,93876.0,639.382,103.185,,,,,
756.965,93818.0,644.519,108.321,,,,,
756.985,93820.0,644.342,108.144,,,,,
757.004,93839.0,642.659,106.461,,,,,
757.023,93852.0,641.509,105.312,,,,,
757.049,93830.0,643.456,107.259,,,,,
757.063,93830.0,643.456,107.259,,,,,
757.085,93839.0,642.659,106.461,,,,,
757.102,93864.0,640.444,104.247,,,,,
757.123,93881.0,638.941,102.743,,,,,
757.142,93882.0,638.851,102.653,,,,,
757.163,93872.0,639.736,103.539,,,,,
757.182,93871.0,639.826,103.628,,,,,
757.203,93893.0,637.876,101.678,,,,,
757.222,93904.0,636.904,100.706,,,,,
757.244,93923.0,635.22,99.0229,,,,,
757.264,93904.0,636.904,100.706,,,,,
757.282,93926.0,634.956,98.7587,,,,,
757.303,93934.0,634.248,98.0505,,,,,
757.323,93913.0,636.106,99.908,,,,,
757.342,93937.0,633.981,97.7836,,,,,
757.361,93950.0,632.832,96.6342,,,,,
757.381,93941.0,633.627,97.4296,,,,,
757.402,93938.0,633.894,97.6965,,,,,
757.421,93937.0,633.981,97.7836,,,,,
757.441,93953.0,632.568,96.37,,,,,
757.463,93976.0,630.53,94.3328,,,,,
757.481,94000.0,628.409,92.2111,,,,,
757.503,94005.0,627.965,91.7672,,,,,
757.521,93969.0,631.151,94.9537,,,,,
757.543,94020.0,626.638,90.4407,,,,,
757.563,94002.0,628.232,92.034,,,,,
757.583,93965.0,631.505,95.3078,,,,,
757.603,93983.0,629.912,93.7145,,,,,
757.622,93985.0,629.735,93.5375,,,,,
757.641,93970.0,631.061,94.8639,,,,,
757.662,94011.0,627.436,91.2387,,,,,
757.68,93998.0,628.586,92.3881,,,,,
757.704,93976.0,630.53,94.3328,,,,,
757.721,93992.0,629.117,92.9192,,,,,
757.741,93990.0,629.294,93.0962,,,,,
757.761,93964.0,631.593,95.395,,,,,
757.781,94006.0,627.878,91.6799,,,,,
757.8,94001.0,628.319,92.1212,,,,,
757.821,94012.0,627.346,91.1489,,,,,
757.841,94005.0,627.965,91.7672,,,,,
757.862,93958.0,632.124,95.9261,,,,,
757.881,93975.0,630.62,94.4227,,,,,
757.902,93993.0,629.027,92.8293,,,,,
757.921,93954.0,632.478,96.2802,,,,,
757.943,93977.0,630.443,94.2456,,,,,
757.962,94020.0,626.638,90.4407,,,,,
757.981,93984.0,629.825,93.6273,,,,,
758.001,93959.0,632.036,95.8389,,,,,
758.019,93962.0,631.77,95.572,,,,,
758.041,93949.0,632.922,96.7241,,,,,
758.06,93951.0,632.745,96.5471,,,,,
758.079,93948.0,633.009,96.8113,,,,,
758.099,93964.0,631.593,95.395,,,,,
758.121,93986.0,629.645,93.4476,,,,,
758.141,93982.0,629.999,93.8017,,,,,
758.159,93987.0,629.558,93.3604,,,,,
758.18,94005.0,627.965,91.7672,,,,,
758.199,94020.0,626.638,90.4407,,,,,
758.219,94006.0,627.878,91.6799,,,,,
758.239,94013.0,627.259,91.0616,,,,,
758.26,94007.0,627.788,91.5901,,,,,
758.278,94033.0,625.489,89.2913,,,,,
758.3,94049.0,624.075,87.8777,,,,,
758.319,94081.0,621.245,85.0478,,,,,
758.338,94069.0,622.305,86.1074,,,,,
758.358,94102.0,619.39,83.1929,,,,,
758.379,94120.0,617.8,81.6022,,,,,
758.398,94139.0,616.119,79.9218,,,,,
758.419,94201.0,610.644,74.4469,,,,,
758.438,94202.0,610.555,74.3571,,,,,
758.46,94200.0,610.732,74.5341,,,,,
758.479,94228.0,608.258,72.0609,,,,,
758.497,94218.0,609.144,72.9461,,,,,
758.517,94239.0,607.289,71.0912,,,,,
758.539,94237.0,607.466,71.2682,,,,,
758.558,94216.0,609.318,73.1205,,,,,
758.577,94208.0,610.026,73.8286,,,,,
758.597,94226.0,608.436,72.238,,,,,
758.618,94207.0,610.113,73.9158,,,,,
758.637,94203.0,610.467,74.2699,,,,,
758.657,94229.0,608.171,71.9737,,,,,
758.68,94217.0,609.231,73.0333,,,,,
758.699,94233.0,607.82,71.6223,,,,,
758.719,94218.0,609.144,72.9461,,,,,
758.739,94208.0,610.026,73.8286,,,,,
758.758,94214.0,609.495,73.2975,,,,,
758.777,94231.0,607.994,71.7967,,,,,
758.799,94223.0,608.7,72.5022,,,,,
758.818,94249.0,606.406,70.2087,,,,,
758.837,94255.0,605.878,69.6802,,,,,
758.857,94286.0,603.14,66.9428,,,,,
758.879,94311.0,600.934,64.7365,,,,,
758.896,94269.0,604.641,68.4436,,,,,
758.916,94302.0,601.729,65.5318,,,,,
758.938,94301.0,601.817,65.619,,,,,
758.957,94258.0,605.611,69.4133,,,,,
758.979,94267.0,604.818,68.6207,,,,,
758.997,94269.0,604.641,68.4436,,,,,
759.019,94309.0,601.111,64.9135,,,,,
759.035,94292.0,602.612,66.4144,,,,,
759.056,94315.0,600.583,64.3851,,,,,
759.075,94326.0,599.613,63.4153,,,,,
759.096,94346.0,597.848,61.6503,,,,,
759.115,94313.0,600.76,64.5621,,,,,
759.137,94364.0,596.26,60.0623,,,,,
759.157,94361.0,596.524,60.3265,,,,,
759.181,94357.0,596.878,60.6805,,,,,
759.195,94370.0,595.731,59.5338,,,,,
759.218,94329.0,599.346,63.1484,,,,,
759.235,94322.0,599.964,63.7668,,,,,
759.256,94305.0,601.465,65.2676,,,,,
759.277,94324.0,599.787,63.5897,,,,,
759.297,94341.0,598.289,62.0916,,,,,
759.315,94377.0,595.113,58.9155,,,,,
759.337,94380.0,594.849,58.6513,,,,,
759.356,94392.0,593.792,57.5944,,,,,
759.378,94369.0,595.819,59.621,,,,,
759.396,94382.0,594.672,58.4742,,,,,
759.414,94397.0,593.351,57.1531,,,,,
759.436,94394.0,593.615,57.4174,,,,,
759.457,94423.0,591.06,54.8622,,,,,
759.48,94350.0,597.494,61.2962,,,,,
759.497,94336.0,598.73,62.5328,,,,,
759.514,94379.0,594.939,58.7411,,,,,
759.536,94373.0,595.467,59.2696,,,,,
759.554,94346.0,597.848,61.6503,,,,,
759.578,94397.0,593.351,57.1531,,,,,
759.598,94435.0,590.003,53.8053,,,,,
759.617,94445.0,589.12,52.9228,,,,,
759.635,94458.0,587.974,51.7761,,,,,
759.653,94473.0,586.652,50.4549,,,,,
759.673,94448.0,588.856,52.6586,,,,,
759.694,94386.0,594.32,58.1228,,,,,
759.714,94411.0,592.117,55.9191,,,,,
759.733,94390.0,593.969,57.7714,,,,,
759.754,94407.0,592.468,56.2706,,,,,
759.775,94430.0,590.442,54.244,,,,,
759.794,94449.0,588.769,52.5714,,,,,
759.814,94490.0,585.157,48.9594,,,,,
759.833,94537.0,581.016,44.8188,,,,,
759.852,94561.0,578.903,42.705,,,,,
759.874,94567.0,578.374,42.1766,,,,,
759.894,94573.0,577.848,41.6508,,,,,
759.912,94610.0,574.59,38.3928,,,,,
759.932,94586.0,576.704,40.5067,,,,,
759.955,94567.0,578.374,42.1766,,,,,
759.976,94564.0,578.638,42.4408,,,,,
759.993,94562.0,578.815,42.6179,,,,,
760.017,94591.0,576.263,40.0654,,,,,
760.035,94556.0,579.344,43.1463,,,,,
760.055,94585.0,576.791,40.5939,,,,,
760.074,94591.0,576.263,40.0654,,,,,
760.096,94605.0,575.032,38.8341,,,,,
760.113,94614.0,574.239,38.0414,,,,,
760.131,94588.0,576.527,40.3297,,,,,
760.155,94604.0,575.119,38.9213,,,,,
760.173,94661.0,570.104,33.9062,,,,,
760.192,94624.0,573.359,37.1615,,,,,
760.215,94601.0,575.383,39.1855,,,,,
760.232,94619.0,573.798,37.6002,,,,,
760.252,94605.0,575.032,38.8341,,,,,
760.271,94646.0,571.425,35.2274,,,,,
760.293,94648.0,571.248,35.0503,,,,,
760.315,94634.0,572.479,36.2816,,,,,
760.332,94617.0,573.975,37.7772,,,,,
760.351,94586.0,576.704,40.5067,,,,,
760.371,94635.0,572.392,36.1945,,,,,
760.391,94654.0,570.719,34.5219,,,,,
760.411,94675.0,568.872,32.6749,,,,,
760.43,94677.0,568.698,32.5005,,,,,
760.455,94663.0,569.929,33.7318,,,,,
760.472,94712.0,565.62,29.4222,,,,,
760.491,94695.0,567.115,30.9178,,,,,
760.51,94647.0,571.335,35.1375,,,,,
760.532,94722.0,564.74,28.5424,,,,,
760.551,94741.0,563.07,26.8724,,,,,
760.571,94691.0,567.467,31.2692,,,,,
760.593,94655.0,570.632,34.4347,,,,,
760.611,94672.0,569.137,32.9391,,,,,
760.631,94671.0,569.224,33.0263,,,,,
760.65,94692.0,567.377,31.1794,,,,,
760.669,94705.0,566.235,30.0379,,,,,
760.689,94684.0,568.082,31.8848,,,,,
760.718,94743.0,562.896,26.6981,,,,,
760.732,94743.0,562.896,26.6981,,,,,
760.749,94796.0,558.237,22.0397,,,,,
760.775,94799.0,557.973,21.7755,,,,,
760.789,94717.0,565.181,28.9836,,,,,
760.811,94740.0,563.157,26.9596,,,,,
760.828,94760.0,561.4,25.2025,,,,,
760.849,94697.0,566.938,30.7407,,,,,
760.871,94763.0,561.136,24.9383,,,,,
760.888,94701.0,566.587,30.3893,,,,,
760.908,94714.0,565.443,29.2452,,,,,
760.931,94748.0,562.454,26.2568,,,,,
760.948,94747.0,562.542,26.344,,,,,
760.969,94764.0,561.049,24.8511,,,,,
760.989,94815.0,556.567,20.3698,,,,,
761.011,94773.0,560.259,24.061,,,,,
761.029,94764.0,561.049,24.8511,,,,,
761.05,94740.0,563.157,26.9596,,,,,
761.07,94741.0,563.07,26.8724,,,,,
761.089,94786.0,559.117,22.9196,,,,,
761.11,94782.0,559.466,23.2683,,,,,
761.129,94792.0,558.589,22.3911,,,,,
761.151,94762.0,561.226,25.0281,,,,,
761.169,94782.0,559.466,23.2683,,,,,
761.188,94797.0,558.15,21.9525,,,,,
761.21,94822.0,555.954,19.7567,,,,,
761.227,94792.0,558.589,22.3911,,,,,
761.248,94814.0,556.657,20.4596,,,,,
761.269,94807.0,557.27,21.0726,,,,,
761.289,94810.0,557.009,20.811,,,,,
761.309,94807.0,557.27,21.0726,,,,,
761.329,94777.0,559.907,23.7096,,,,,
761.347,94794.0,558.412,22.2141,,,,,
761.368,94815.0,556.567,20.3698,,,,,
761.387,94865.0,552.176,15.9783,,,,,
761.409,94936.0,545.945,9.74774,,,,,
761.427,94969.0,543.049,6.85175,,,,,
761.448,95011.0,539.366,3.1684,,,,,
761.467,95021.0,538.489,2.2912,,,,,
761.486,95009.0,539.54,3.34283,,,,,
761.509,94977.0,542.346,6.14893,,,,,
761.527,94952.0,544.542,8.34467,,,,,
761.546,94938.0,545.771,9.5733,,,,,
761.567,94971.0,542.875,6.67737,,,,,
761.586,94968.0,543.137,6.93896,,,,,
761.606,94994.0,540.856,4.65869,,,,,
761.629,95019.0,538.663,2.46558,,,,,
761.647,95044.0,536.473,0.275085,,,,,
761.666,95043.0,536.56,0.362305,,,,,
761.685,95057.0,535.334,-0.863708,,,,,
761.706,95062.0,534.895,-1.30237,,,,,
761.725,95089.0,532.528,-3.66986,,,,,
761.747,95090.0,532.441,-3.75702,,,,,
761.768,95090.0,532.441,-3.75702,,,,,
761.788,95092.0,532.266,-3.93146,,,,,
761.806,95907.0,461.091,-75.1069,,,,,
761.825,95109.0,530.776,-5.42169,,,,,
761.845,95163.0,526.046,-10.1514,,,,,
761.866,95144.0,527.708,-8.48938,,,,,
761.885,95156.0,526.659,-9.53839,,,,,
761.907,95154.0,526.834,-9.36395,,,,,
761.928,95151.0,527.095,-9.10242,,,,,
761.95,95139.0,528.147,-8.05078,,,,,
761.964,95139.0,528.147,-8.05078,,,,,
761.985,95145.0,527.621,-8.5766,,,,,
762.004,95147.0,527.447,-8.75098,,,,,
762.026,95145.0,527.621,-8.5766,,,,,
762.045,95144.0,527.708,-8.48938,,,,,
762.064,95149.0,527.272,-8.92535,,,,,
762.085,95151.0,527.095,-9.10242,,,,,
762.108,95149.0,527.272,-8.92535,,,,,
762.124,95149.0,527.272,-8.92535,,,,,
762.144,95147.0,527.447,-8.75098,,,,,
762.169,95150.0,527.182,-9.0152,,,,,
762.189,95146.0,527.534,-8.66376,,,,,
762.205,95146.0,527.534,-8.66376,,,,,
762.225,95146.0,527.534,-8.66376,,,,,
762.245,95149.0,527.272,-8.92535,,,,,
762.265,95149.0,527.272,-8.92535,,,,,
762.286,95153.0,526.921,-9.27679,,,,,
762.303,95144.0,527.708,-8.48938,,,,,
762.324,95146.0,527.534,-8.66376,,,,,
762.345,95146.0,527.534,-8.66376,,,,,
762.368,95154.0,526.834,-9.36395,,,,,
762.383,95149.0,527.272,-8.92535,,,,,
762.406,95149.0,527.272,-8.92535,,,,,
762.425,95150.0,527.182,-9.0152,,,,,
762.443,95146.0,527.534,-8.66376,,,,,
762.468,95153.0,526.921,-9.27679,,,,,
762.484,95144.0,527.708,-8.48938,,,,,
762.509,95152.0,527.008,-9.18958,,,,,
762.524,95149.0,527.272,-8.92535,,,,,
762.542,95152.0,527.008,-9.18958,,,,,
762.564,95150.0,527.182,-9.0152,,,,,
762.583,95141.0,527.972,-8.22516,,,,,
762.602,95151.0,527.095,-9.10242,,,,,
762.625,95148.0,527.359,-8.8382,,,,,
762.643,95148.0,527.359,-8.8382,,,,,
762.665,95146.0,527.534,-8.66376,,,,,
762.685,95145.0,527.621,-8.5766,,,,,
762.706,95149.0,527.272,-8.92535,,,,,
762.722,95149.0,527.272,-8.92535,,,,,
762.745,95149.0,527.272,-8.92535,,,,,
762.762,95150.0,527.182,-9.0152,,,,,
762.782,95145.0,527.621,-8.5766,,,,,
762.805,95149.0,527.272,-8.92535,,,,,
762.824,95152.0,527.008,-9.18958,,,,,
762.844,95148.0,527.359,-8.8382,,,,,
762.864,95151.0,527.095,-9.10242,,,,,
762.887,95149.0,527.272,-8.92535,,,,,
762.905,95150.0,527.182,-9.0152,,,,,
762.921,95147.0,527.447,-8.75098,,,,,
762.944,95149.0,527.272,-8.92535,,,,,
762.967,95150.0,527.182,-9.0152,,,,,
762.986,95149.0,527.272,-8.92535,,,,,
763.004,95150.0,527.182,-9.0152,,,,,
763.028,95147.0,527.447,-8.75098,,,,,
763.042,95145.0,527.621,-8.5766,,,,,
763.065,95149.0,527.272,-8.92535,,,,,
763.081,95151.0,527.095,-9.10242,,,,,
763.101,95146.0,527.534,-8.66376,,,,,
763.122,95150.0,527.182,-9.0152,,,,,
763.141,95146.0,527.534,-8.66376,,,,,
763.164,95153.0,526.921,-9.27679,,,,,
763.183,95154.0,526.834,-9.36395,,,,,
763.204,95149.0,527.272,-8.92535,,,,,
763.221,95149.0,527.272,-8.92535,,,,,
763.242,95152.0,527.008,-9.18958,,,,,
763.264,95152.0,527.008,-9.18958,,,,,
763.284,95150.0,527.182,-9.0152,,,,,
763.3,95154.0,526.834,-9.36395,,,,,
763.325,95153.0,526.921,-9.27679,,,,,
763.342,95150.0,527.182,-9.0152,,,,,
763.364,95147.0,527.447,-8.75098,,,,,
763.382,95152.0,527.008,-9.18958,,,,,
763.4,95154.0,526.834,-9.36395,,,,,
763.42,95151.0,527.095,-9.10242,,,,,
763.442,95148.0,527.359,-8.8382,,,,,
763.464,95152.0,527.008,-9.18958,,,,,
763.479,95149.0,527.272,-8.92535,,,,,
763.5,95149.0,527.272,-8.92535,,,,,
763.519,95152.0,527.008,-9.18958,,,,,
763.54,95144.0,527.708,-8.48938,,,,,
763.562,95145.0,527.621,-8.5766,,,,,
763.58,95145.0,527.621,-8.5766,,,,,
763.599,95150.0,527.182,-9.0152,,,,,
763.62,95147.0,527.447,-8.75098,,,,,
763.639,95150.0,527.182,-9.0152,,,,,
763.661,95151.0,527.095,-9.10242,,,,,
763.681,95150.0,527.182,-9.0152,,,,,
763.7,95150.0,527.182,-9.0152,,,,,
763.722,95152.0,527.008,-9.18958,,,,,
763.738,95148.0,527.359,-8.8382,,,,,
763.762,95148.0,527.359,-8.8382,,,,,
763.781,95145.0,527.621,-8.5766,,,,,
763.799,95149.0,527.272,-8.92535,,,,,
763.819,95152.0,527.008,-9.18958,,,,,
763.842,95149.0,527.272,-8.92535,,,,,
763.867,95153.0,526.921,-9.27679,,,,,
763.878,95154.0,526.834,-9.36395,,,,,
763.898,95150.0,527.182,-9.0152,,,,,
763.917,95153.0,526.921,-9.27679,,,,,
763.938,95152.0,527.008,-9.18958,,,,,
763.966,95151.0,527.095,-9.10242,,,,,
763.977,95152.0,527.008,-9.18958,,,,,
764.0,95150.0,527.182,-9.0152,,,,,
764.02,95149.0,527.272,-8.92535,,,,,
764.037,95150.0,527.182,-9.0152,,,,,
764.061,95153.0,526.921,-9.27679,,,,,
764.08,95150.0,527.182,-9.0152,,,,,
764.098,95152.0,527.008,-9.18958,,,,,
764.118,95150.0,527.182,-9.0152,,,,,
764.14,95149.0,527.272,-8.92535,,,,,
764.157,95151.0,527.095,-9.10242,,,,,
764.178,95147.0,527.447,-8.75098,,,,,
764.199,95150.0,527.182,-9.0152,,,,,
764.217,95144.0,527.708,-8.48938,,,,,
764.239,95150.0,527.182,-9.0152,,,,,
764.259,95158.0,526.482,-9.71539,,,,,
764.276,95153.0,526.921,-9.27679,,,,,
764.299,95157.0,526.569,-9.62823,,,,,
764.317,95145.0,527.621,-8.5766,,,,,
764.338,95156.0,526.659,-9.53839,,,,,
764.361,95151.0,527.095,-9.10242,,,,,
764.376,95152.0,527.008,-9.18958,,,,,
764.398,95152.0,527.008,-9.18958,,,,,
764.417,95150.0,527.182,-9.0152,,,,,
764.438,95149.0,527.272,-8.92535,,,,,
764.461,95148.0,527.359,-8.8382,,,,,
764.477,95150.0,527.182,-9.0152,,,,,
764.502,95149.0,527.272,-8.92535,,,,,
764.52,95147.0,527.447,-8.75098,,,,,
764.537,95155.0,526.746,-9.45117,,,,,
764.559,95151.0,527.095,-9.10242,,,,,
764.578,95152.0,527.008,-9.18958,,,,,
764.595,95151.0,527.095,-9.10242,,,,,
764.617,95153.0,526.921,-9.27679,,,,,
764.634,95150.0,527.182,-9.0152,,,,,
764.659,95150.0,527.182,-9.0152,,,,,
764.675,95153.0,526.921,-9.27679,,,,,
764.695,95153.0,526.921,-9.27679,,,,,
764.714,95145.0,527.621,-8.5766,,,,,
764.734,95149.0,527.272,-8.92535,,,,,
764.758,95145.0,527.621,-8.5766,,,,,
764.775,95152.0,527.008,-9.18958,,,,,
764.798,95150.0,527.182,-9.0152,,,,,
764.816,95150.0,527.182,-9.0152,,,,,
764.833,95148.0,527.359,-8.8382,,,,,
764.855,95149.0,527.272,-8.92535,,,,,
764.876,95152.0,527.008,-9.18958,,,,,
764.893,95154.0,526.834,-9.36395,,,,,
764.914,95147.0,527.447,-8.75098,,,,,
764.933,95148.0,527.359,-8.8382,,,,,
764.957,95153.0,526.921,-9.27679,,,,,
764.973,95148.0,527.359,-8.8382,,,,,
764.994,95151.0,527.095,-9.10242,,,,,
765.012,95152.0,527.008,-9.18958,,,,,
765.036,95152.0,527.008,-9.18958,,,,,
765.059,95157.0,526.569,-9.62823,,,,,
765.075,95150.0,527.182,-9.0152,,,,,
765.098,95150.0,527.182,-9.0152,,,,,
765.116,95150.0,527.182,-9.0152,,,,,
765.134,95149.0,527.272,-8.92535,,,,,
765.155,95148.0,527.359,-8.8382,,,,,
765.174,95150.0,527.182,-9.0152,,,,,
765.196,95147.0,527.447,-8.75098,,,,,
765.213,95151.0,527.095,-9.10242,,,,,
765.232,95153.0,526.921,-9.27679,,,,,
765.258,95149.0,527.272,-8.92535,,,,,
765.273,95149.0,527.272,-8.92535,,,,,
765.298,95148.0,527.359,-8.8382,,,,,
765.314,95150.0,527.182,-9.0152,,,,,
765.332,95153.0,526.921,-9.27679,,,,,
765.351,95147.0,527.447,-8.75098,,,,,
765.374,95153.0,526.921,-9.27679,,,,,
765.395,95150.0,527.182,-9.0152,,,,,
765.413,95148.0,527.359,-8.8382,,,,,
765.432,95153.0,526.921,-9.27679,,,,,
765.454,95150.0,527.182,-9.0152,,,,,
765.473,95154.0,526.834,-9.36395,,,,,
765.495,95155.0,526.746,-9.45117,,,,,
765.516,95152.0,527.008,-9.18958,,,,,
765.534,95148.0,527.359,-8.8382,,,,,
765.555,95148.0,527.359,-8.8382,,,,,
765.57,95150.0,527.182,-9.0152,,,,,
765.595,95156.0,526.659,-9.53839,,,,,
765.613,95143.0,527.798,-8.39954,,,,,
765.632,95145.0,527.621,-8.5766,,,,,
765.656,95153.0,526.921,-9.27679,,,,,
765.67,95147.0,527.447,-8.75098,,,,,
765.693,95150.0,527.182,-9.0152,,,,,
765.71,95151.0,527.095,-9.10242,,,,,
765.733,95150.0,527.182,-9.0152,,,,,
765.753,95149.0,527.272,-8.92535,,,,,
765.771,95150.0,527.182,-9.0152,,,,,
765.795,95149.0,527.272,-8.92535,,,,,
765.814,95149.0,527.272,-8.92535,,,,,
765.832,95153.0,526.921,-9.27679,,,,,
765.853,95151.0,527.095,-9.10242,,,,,
765.869,95147.0,527.447,-8.75098,,,,,
765.894,95158.0,526.482,-9.71539,,,,,
765.911,95156.0,526.659,-9.53839,,,,,
765.932,95148.0,527.359,-8.8382,,,,,
765.954,95151.0,527.095,-9.10242,,,,,
765.969,95151.0,527.095,-9.10242,,,,,
765.992,95150.0,527.182,-9.0152,,,,,
766.013,95148.0,527.359,-8.8382,,,,,
766.032,95152.0,527.008,-9.18958,,,,,
766.054,95151.0,527.095,-9.10242,,,,,
766.071,95150.0,527.182,-9.0152,,,,,
766.092,95149.0,527.272,-8.92535,,,,,
766.109,95146.0,527.534,-8.66376,,,,,
766.131,95150.0,527.182,-9.0152,,,,,
766.151,95153.0,526.921,-9.27679,,,,,
766.172,95151.0,527.095,-9.10242,,,,,
766.191,95146.0,527.534,-8.66376,,,,,
766.212,95149.0,527.272,-8.92535,,,,,
766.232,95148.0,527.359,-8.8382,,,,,
766.25,95147.0,527.447,-8.75098,,,,,
766.272,95151.0,527.095,-9.10242,,,,,
766.294,95151.0,527.095,-9.10242,,,,,
766.309,95153.0,526.921,-9.27679,,,,,
766.328,95150.0,527.182,-9.0152,,,,,
766.352,95153.0,526.921,-9.27679,,,,,
766.369,95153.0,526.921,-9.27679,,,,,
766.392,95146.0,527.534,-8.66376,,,,,
766.407,95148.0,527.359,-8.8382,,,,,
766.429,95148.0,527.359,-8.8382,,,,,
766.451,95151.0,527.095,-9.10242,,,,,
766.469,95146.0,527.534,-8.66376,,,,,
766.493,95154.0,526.834,-9.36395,,,,,
766.514,95150.0,527.182,-9.0152,,,,,
766.529,95150.0,527.182,-9.0152,,,,,
766.549,95147.0,527.447,-8.75098,,,,,
766.571,95152.0,527.008,-9.18958,,,,,
766.591,95146.0,527.534,-8.66376,,,,,
766.611,95153.0,526.921,-9.27679,,,,,
766.627,95151.0,527.095,-9.10242,,,,,
766.653,95155.0,526.746,-9.45117,,,,,
766.667,95155.0,526.746,-9.45117,,,,,
766.691,95152.0,527.008,-9.18958,,,,,
766.71,95152.0,527.008,-9.18958,,,,,
766.729,95149.0,527.272,-8.92535,,,,,
766.749,95152.0,527.008,-9.18958,,,,,
766.769,95151.0,527.095,-9.10242,,,,,
766.79,95150.0,527.182,-9.0152,,,,,
766.807,95151.0,527.095,-9.10242,,,,,
766.828,95150.0,527.182,-9.0152,,,,,
766.85,95147.0,527.447,-8.75098,,,,,
766.868,95147.0,527.447,-8.75098,,,,,
766.889,95156.0,526.659,-9.53839,,,,,
766.914,95149.0,527.272,-8.92535,,,,,
766.929,95151.0,527.095,-9.10242,,,,,
766.949,95150.0,527.182,-9.0152,,,,,
766.968,95155.0,526.746,-9.45117,,,,,
766.992,95154.0,526.834,-9.36395,,,,,
767.006,95150.0,527.182,-9.0152,,,,,
767.028,95151.0,527.095,-9.10242,,,,,
767.05,95150.0,527.182,-9.0152,,,,,
767.071,95148.0,527.359,-8.8382,,,,,
767.091,95147.0,527.447,-8.75098,,,,,
767.111,95148.0,527.359,-8.8382,,,,,
767.127,95152.0,527.008,-9.18958,,,,,
767.147,95146.0,527.534,-8.66376,,,,,
767.168,95152.0,527.008,-9.18958,,,,,
767.186,95153.0,526.921,-9.27679,,,,,
767.208,95155.0,526.746,-9.45117,,,,,
767.225,95149.0,527.272,-8.92535,,,,,
767.247,95151.0,527.095,-9.10242,,,,,
767.267,95150.0,527.182,-9.0152,,,,,
767.287,95152.0,527.008,-9.18958,,,,,
767.305,95151.0,527.095,-9.10242,,,,,
767.325,95144.0,527.708,-8.48938,,,,,
767.344,95145.0,527.621,-8.5766,,,,,
767.364,95152.0,527.008,-9.18958,,,,,
767.39,95157.0,526.569,-9.62823,,,,,
767.407,95153.0,526.921,-9.27679,,,,,
767.425,95151.0,527.095,-9.10242,,,,,
767.453,95155.0,526.746,-9.45117,,,,,
767.463,95155.0,526.746,-9.45117,,,,,
767.488,95146.0,527.534,-8.66376,,,,,
767.507,95152.0,527.008,-9.18958,,,,,
767.526,95155.0,526.746,-9.45117,,,,,
767.546,95148.0,527.359,-8.8382,,,,,
767.564,95150.0,527.182,-9.0152,,,,,
767.587,95154.0,526.834,-9.36395,,,,,
767.605,95154.0,526.834,-9.36395,,,,,
767.622,95152.0,527.008,-9.18958,,,,,
767.647,95155.0,526.746,-9.45117,,,,,
767.664,95150.0,527.182,-9.0152,,,,,
767.687,95155.0,526.746,-9.45117,,,,,
767.706,95150.0,527.182,-9.0152,,,,,
767.724,95154.0,526.834,-9.36395,,,,,
767.746,95152.0,527.008,-9.18958,,,,,
767.765,95153.0,526.921,-9.27679,,,,,
767.786,95147.0,527.447,-8.75098,,,,,
767.804,95148.0,527.359,-8.8382,,,,,
767.825,95150.0,527.182,-9.0152,,,,,
767.844,95149.0,527.272,-8.92535,,,,,
767.862,95150.0,527.182,-9.0152,,,,,
767.887,95146.0,527.534,-8.66376,,,,,
767.906,95157.0,526.569,-9.62823,,,,,
767.926,95152.0,527.008,-9.18958,,,,,
767.946,95150.0,527.182,-9.0152,,,,,
767.962,95152.0,527.008,-9.18958,,,,,
767.986,95149.0,527.272,-8.92535,,,,,
768.006,95153.0,526.921,-9.27679,,,,,
768.025,95153.0,526.921,-9.27679,,,,,
768.045,95150.0,527.182,-9.0152,,,,,
768.062,95150.0,527.182,-9.0152,,,,,
768.087,95147.0,527.447,-8.75098,,,,,
768.106,95148.0,527.359,-8.8382,,,,,
768.123,95148.0,527.359,-8.8382,,,,,
768.147,95147.0,527.447,-8.75098,,,,,
768.163,95149.0,527.272,-8.92535,,,,,
768.187,95150.0,527.182,-9.0152,,,,,
768.204,95152.0,527.008,-9.18958,,,,,
768.222,95150.0,527.182,-9.0152,,,,,
768.244,95151.0,527.095,-9.10242,,,,,
768.261,95150.0,527.182,-9.0152,,,,,
768.283,95148.0,527.359,-8.8382,,,,,
768.304,95146.0,527.534,-8.66376,,,,,
768.322,95150.0,527.182,-9.0152,,,,,
768.344,95149.0,527.272,-8.92535,,,,,
768.36,95150.0,527.182,-9.0152,,,,,
768.387,95151.0,527.095,-9.10242,,,,,
768.401,95151.0,527.095,-9.10242,,,,,
768.423,95154.0,526.834,-9.36395,,,,,
768.442,95151.0,527.095,-9.10242,,,,,
768.459,95149.0,527.272,-8.92535,,,,,
768.486,95151.0,527.095,-9.10242,,,,,
768.5,95151.0,527.095,-9.10242,,,,,
768.522,95154.0,526.834,-9.36395,,,,,
768.544,95155.0,526.746,-9.45117,,,,,
768.56,95151.0,527.095,-9.10242,,,,,
768.583,95150.0,527.182,-9.0152,,,,,
768.603,95151.0,527.095,-9.10242,,,,,
768.622,95151.0,527.095,-9.10242,,,,,
768.641,95157.0,526.569,-9.62823,,,,,
768.662,95150.0,527.182,-9.0152,,,,,
768.685,95153.0,526.921,-9.27679,,,,,
768.701,95149.0,527.272,-8.92535,,,,,
768.721,95148.0,527.359,-8.8382,,,,,
768.738,95153.0,526.921,-9.27679,,,,,
768.762,95152.0,527.008,-9.18958,,,,,
768.781,95148.0,527.359,-8.8382,,,,,
768.798,95146.0,527.534,-8.66376,,,,,
768.818,95149.0,527.272,-8.92535,,,,,
768.84,95152.0,527.008,-9.18958,,,,,
768.861,95150.0,527.182,-9.0152,,,,,
768.884,95150.0,527.182,-9.0152,,,,,
768.9,95149.0,527.272,-8.92535,,,,,
768.921,95148.0,527.359,-8.8382,,,,,
768.944,95151.0,527.095,-9.10242,,,,,
768.959,95144.0,527.708,-8.48938,,,,,
768.98,95151.0,527.095,-9.10242,,,,,
768.999,95149.0,527.272,-8.92535,,,,,
769.019,95147.0,527.447,-8.75098,,,,,
769.044,95153.0,526.921,-9.27679,,,,,
769.063,95149.0,527.272,-8.92535,,,,,
769.082,95153.0,526.921,-9.27679,,,,,
769.101,95152.0,527.008,-9.18958,,,,,
769.119,95152.0,527.008,-9.18958,,,,,
769.141,95154.0,526.834,-9.36395,,,,,
769.16,95150.0,527.182,-9.0152,,,,,
769.183,95153.0,526.921,-9.27679,,,,,
769.201,95144.0,527.708,-8.48938,,,,,
769.216,95152.0,527.008,-9.18958,,,,,
769.24,95152.0,527.008,-9.18958,,,,,
769.26,95154.0,526.834,-9.36395,,,,,
769.282,95151.0,527.095,-9.10242,,,,,
769.298,95151.0,527.095,-9.10242,,,,,
769.316,95145.0,527.621,-8.5766,,,,,
769.338,95153.0,526.921,-9.27679,,,,,
769.357,95152.0,527.008,-9.18958,,,,,
769.376,95154.0,526.834,-9.36395,,,,,
769.401,95147.0,527.447,-8.75098,,,,,
769.419,95148.0,527.359,-8.8382,,,,,
769.436,95149.0,527.272,-8.92535,,,,,
769.456,95150.0,527.182,-9.0152,,,,,
769.482,95151.0,527.095,-9.10242,,,,,
769.497,95151.0,527.095,-9.10242,,,,,
769.515,95149.0,527.272,-8.92535,,,,,
769.538,95144.0,527.708,-8.48938,,,,,
769.558,95150.0,527.182,-9.0152,,,,,
769.575,95151.0,527.095,-9.10242,,,,,
769.601,95146.0,527.534,-8.66376,,,,,
769.618,95154.0,526.834,-9.36395,,,,,
769.639,95144.0,527.708,-8.48938,,,,,
769.655,95152.0,527.008,-9.18958,,,,,
769.675,95149.0,527.272,-8.92535,,,,,
769.699,95150.0,527.182,-9.0152,,,,,
769.715,95153.0,526.921,-9.27679,,,,,
769.739,95149.0,527.272,-8.92535,,,,,
769.755,95154.0,526.834,-9.36395,,,,,
769.779,95146.0,527.534,-8.66376,,,,,
769.799,95149.0,527.272,-8.92535,,,,,
769.815,95156.0,526.659,-9.53839,,,,,
769.838,95153.0,526.921,-9.27679,,,,,
769.854,95150.0,527.182,-9.0152,,,,,
769.875,95149.0,527.272,-8.92535,,,,,
769.895,95153.0,526.921,-9.27679,,,,,
769.917,95147.0,527.447,-8.75098,,,,,
769.938,95149.0,527.272,-8.92535,,,,,
769.958,95148.0,527.359,-8.8382,,,,,
769.979,95149.0,527.272,-8.92535,,,,,
769.998,95147.0,527.447,-8.75098,,,,,
770.013,95144.0,527.708,-8.48938,,,,,
770.036,95151.0,527.095,-9.10242,,,,,
770.056,95153.0,526.921,-9.27679,,,,,
770.079,95152.0,527.008,-9.18958,,,,,
770.097,95150.0,527.182,-9.0152,,,,,
770.113,95142.0,527.885,-8.31238,,,,,
770.138,95149.0,527.272,-8.92535,,,,,
770.154,95147.0,527.447,-8.75098,,,,,
770.173,95145.0,527.621,-8.5766,,,,,
770.195,95147.0,527.447,-8.75098,,,,,
770.216,95154.0,526.834,-9.36395,,,,,
770.237,95150.0,527.182,-9.0152,,,,,
770.254,95150.0,527.182,-9.0152,,,,,
770.278,95152.0,527.008,-9.18958,,,,,
770.292,95146.0,527.534,-8.66376,,,,,
770.312,95152.0,527.008,-9.18958,,,,,
770.334,95150.0,527.182,-9.0152,,,,,
770.353,95150.0,527.182,-9.0152,,,,,
770.374,95145.0,527.621,-8.5766,,,,,
770.396,95152.0,527.008,-9.18958,,,,,
770.416,95151.0,527.095,-9.10242,,,,,
770.435,95149.0,527.272,-8.92535,,,,,
770.452,95150.0,527.182,-9.0152,,,,,
770.471,95148.0,527.359,-8.8382,,,,,
770.491,95150.0,527.182,-9.0152,,,,,
770.511,95150.0,527.182,-9.0152,,,,,
770.539,95150.0,527.182,-9.0152,,,,,
770.554,95150.0,527.182,-9.0152,,,,,
770.572,95150.0,527.182,-9.0152,,,,,
770.595,95147.0,527.447,-8.75098,,,,,
770.612,95151.0,527.095,-9.10242,,,,,
770.635,95149.0,527.272,-8.92535,,,,,
770.651,95144.0,527.708,-8.48938,,,,,
770.671,95147.0,527.447,-8.75098,,,,,
770.694,95148.0,527.359,-8.8382,,,,,
770.713,95148.0,527.359,-8.8382,,,,,
770.73,95148.0,527.359,-8.8382,,,,,
770.754,95155.0,526.746,-9.45117,,,,,
770.77,95153.0,526.921,-9.27679,,,,,
770.79,95148.0,527.359,-8.8382,,,,,
770.812,95150.0,527.182,-9.0152,,,,,
770.839,95149.0,527.272,-8.92535,,,,,
770.853,95149.0,527.272,-8.92535,,,,,
770.877,95150.0,527.182,-9.0152,,,,,
770.896,95152.0,527.008,-9.18958,,,,,
770.91,95152.0,527.008,-9.18958,,,,,
770.93,95150.0,527.182,-9.0152,,,,,
770.95,95153.0,526.921,-9.27679,,,,,
770.97,95149.0,527.272,-8.92535,,,,,
770.991,95149.0,527.272,-8.92535,,,,,
771.011,95149.0,527.272,-8.92535,,,,,
771.032,95150.0,527.182,-9.0152,,,,,
771.051,95151.0,527.095,-9.10242,,,,,
771.069,95151.0,527.095,-9.10242,,,,,
771.093,95147.0,527.447,-8.75098,,,,,
771.109,95155.0,526.746,-9.45117,,,,,
771.134,95150.0,527.182,-9.0152,,,,,
771.15,95152.0,527.008,-9.18958,,,,,
771.17,95154.0,526.834,-9.36395,,,,,
771.19,95149.0,527.272,-8.92535,,,,,
771.211,95149.0,527.272,-8.92535,,,,,
771.231,95152.0,527.008,-9.18958,,,,,
771.251,95153.0,526.921,-9.27679,,,,,
771.274,95151.0,527.095,-9.10242,,,,,
771.294,95148.0,527.359,-8.8382,,,,,
771.311,95152.0,527.008,-9.18958,,,,,
771.331,95150.0,527.182,-9.0152,,,,,
771.352,95151.0,527.095,-9.10242,,,,,
771.378,95155.0,526.746,-9.45117,,,,,
771.389,95155.0,526.746,-9.45117,,,,,
771.408,95149.0,527.272,-8.92535,,,,,
771.431,95151.0,527.095,-9.10242,,,,,
771.451,95151.0,527.095,-9.10242,,,,,
771.469,95151.0,527.095,-9.10242,,,,,
771.488,95154.0,526.834,-9.36395,,,,,
771.512,95152.0,527.008,-9.18958,,,,,
771.53,95149.0,527.272,-8.92535,,,,,
771.551,95149.0,527.272,-8.92535,,,,,
771.567,95152.0,527.008,-9.18958,,,,,
771.591,95150.0,527.182,-9.0152,,,,,
771.61,95152.0,527.008,-9.18958,,,,,
771.632,95149.0,527.272,-8.92535,,,,,
771.649,95150.0,527.182,-9.0152,,,,,
771.671,95148.0,527.359,-8.8382,,,,,
771.691,95150.0,527.182,-9.0152,,,,,
771.707,95148.0,527.359,-8.8382,,,,,
771.73,95148.0,527.359,-8.8382,,,,,
771.748,95152.0,527.008,-9.18958,,,,,
771.768,95152.0,527.008,-9.18958,,,,,
771.786,95154.0,526.834,-9.36395,,,,,
771.811,95144.0,527.708,-8.48938,,,,,
771.829,95152.0,527.008,-9.18958,,,,,
771.85,95151.0,527.095,-9.10242,,,,,
771.87,95149.0,527.272,-8.92535,,,,,
771.89,95153.0,526.921,-9.27679,,,,,
771.908,95145.0,527.621,-8.5766,,,,,
771.931,95152.0,527.008,-9.18958,,,,,
771.947,95148.0,527.359,-8.8382,,,,,
771.966,95150.0,527.182,-9.0152,,,,,
771.99,95149.0,527.272,-8.92535,,,,,
772.009,95147.0,527.447,-8.75098,,,,,
772.025,95147.0,527.447,-8.75098,,,,,
772.045,95150.0,527.182,-9.0152,,,,,
772.067,95153.0,526.921,-9.27679,,,,,
772.086,95151.0,527.095,-9.10242,,,,,
772.105,95148.0,527.359,-8.8382,,,,,
772.129,95152.0,527.008,-9.18958,,,,,
772.148,95146.0,527.534,-8.66376,,,,,
772.17,95151.0,527.095,-9.10242,,,,,
772.194,95152.0,527.008,-9.18958,,,,,
772.205,95152.0,527.008,-9.18958,,,,,
772.23,95154.0,526.834,-9.36395,,,,,
772.246,95154.0,526.834,-9.36395,,,,,
772.267,95148.0,527.359,-8.8382,,,,,
772.285,95147.0,527.447,-8.75098,,,,,
772.304,95150.0,527.182,-9.0152,,,,,
772.325,95151.0,527.095,-9.10242,,,,,
772.345,95155.0,526.746,-9.45117,,,,,
772.365,95142.0,527.885,-8.31238,,,,,
772.385,95154.0,526.834,-9.36395,,,,,
772.404,95149.0,527.272,-8.92535,,,,,
772.424,95151.0,527.095,-9.10242,,,,,
772.451,95149.0,527.272,-8.92535,,,,,
772.464,95149.0,527.272,-8.92535,,,,,
772.485,95151.0,527.095,-9.10242,,,,,
772.505,95149.0,527.272,-8.92535,,,,,
772.527,95154.0,526.834,-9.36395,,,,,
772.543,95150.0,527.182,-9.0152,,,,,
772.565,95151.0,527.095,-9.10242,,,,,
772.589,95152.0,527.008,-9.18958,,,,,
772.605,95143.0,527.798,-8.39954,,,,,
772.627,95155.0,526.746,-9.45117,,,,,
772.643,95149.0,527.272,-8.92535,,,,,
772.666,95147.0,527.447,-8.75098,,,,,
772.687,95153.0,526.921,-9.27679,,,,,
772.703,95156.0,526.659,-9.53839,,,,,
772.726,95150.0,527.182,-9.0152,,,,,
772.743,95151.0,527.095,-9.10242,,,,,
772.767,95159.0,526.395,-9.80261,,,,,
772.787,95149.0,527.272,-8.92535,,,,,
772.804,95151.0,527.095,-9.10242,,,,,
772.826,95149.0,527.272,-8.92535,,,,,
772.844,95142.0,527.885,-8.31238,,,,,
772.866,95146.0,527.534,-8.66376,,,,,
772.889,95148.0,527.359,-8.8382,,,,,
772.904,95148.0,527.359,-8.8382,,,,,
772.924,95149.0,527.272,-8.92535,,,,,
772.949,95155.0,526.746,-9.45117,,,,,
772.965,95150.0,527.182,-9.0152,,,,,
772.989,95147.0,527.447,-8.75098,,,,,
773.006,95155.0,526.746,-9.45117,,,,,
773.024,95153.0,526.921,-9.27679,,,,,
773.041,95152.0,527.008,-9.18958,,,,,
773.065,95148.0,527.359,-8.8382,,,,,
773.088,95149.0,527.272,-8.92535,,,,,
773.105,95149.0,527.272,-8.92535,,,,,
773.123,95151.0,527.095,-9.10242,,,,,
773.142,95151.0,527.095,-9.10242,,,,,
773.165,95152.0,527.008,-9.18958,,,,,
773.188,95150.0,527.182,-9.0152,,,,,
773.205,95146.0,527.534,-8.66376,,,,,
773.224,95153.0,526.921,-9.27679,,,,,
773.24,95152.0,527.008,-9.18958,,,,,
773.26,95146.0,527.534,-8.66376,,,,,
773.285,95147.0,527.447,-8.75098,,,,,
773.301,95151.0,527.095,-9.10242,,,,,
773.321,95153.0,526.921,-9.27679,,,,,
773.341,95151.0,527.095,-9.10242,,,,,
773.364,95147.0,527.447,-8.75098,,,,,
773.386,95150.0,527.182,-9.0152,,,,,
773.403,95147.0,527.447,-8.75098,,,,,
773.422,95151.0,527.095,-9.10242,,,,,
773.444,95151.0,527.095,-9.10242,,,,,
773.46,95149.0,527.272,-8.92535,,,,,
773.483,95155.0,526.746,-9.45117,,,,,
773.499,95151.0,527.095,-9.10242,,,,,
773.521,95150.0,527.182,-9.0152,,,,,
773.539,95147.0,527.447,-8.75098,,,,,
773.56,95149.0,527.272,-8.92535,,,,,
773.585,95150.0,527.182,-9.0152,,,,,
773.603,95149.0,527.272,-8.92535,,,,,
773.625,95155.0,526.746,-9.45117,,,,,
773.641,95151.0,527.095,-9.10242,,,,,
773.659,95155.0,526.746,-9.45117,,,,,
773.683,95154.0,526.834,-9.36395,,,,,
773.699,95153.0,526.921,-9.27679,,,,,
773.721,95152.0,527.008,-9.18958,,,,,
773.739,95154.0,526.834,-9.36395,,,,,
773.758,95152.0,527.008,-9.18958,,,,,
773.778,95151.0,527.095,-9.10242,,,,,
773.798,95151.0,527.095,-9.10242,,,,,
773.82,95150.0,527.182,-9.0152,,,,,
773.84,95148.0,527.359,-8.8382,,,,,
773.859,95153.0,526.921,-9.27679,,,,,
773.88,95152.0,527.008,-9.18958,,,,,
773.898,95150.0,527.182,-9.0152,,,,,
773.92,95145.0,527.621,-8.5766,,,,,
773.938,95152.0,527.008,-9.18958,,,,,
773.96,95154.0,526.834,-9.36395,,,,,
773.977,95147.0,527.447,-8.75098,,,,,
773.997,95154.0,526.834,-9.36395,,,,,
774.022,95154.0,526.834,-9.36395,,,,,
774.04,95151.0,527.095,-9.10242,,,,,
774.061,95150.0,527.182,-9.0152,,,,,
774.08,95152.0,527.008,-9.18958,,,,,
774.099,95152.0,527.008,-9.18958,,,,,
774.125,95150.0,527.182,-9.0152,,,,,
774.141,95153.0,526.921,-9.27679,,,,,
774.157,95152.0,527.008,-9.18958,,,,,
774.178,95149.0,527.272,-8.92535,,,,,
774.198,95155.0,526.746,-9.45117,,,,,
774.219,95149.0,527.272,-8.92535,,,,,
774.236,95151.0,527.095,-9.10242,,,,,
774.256,95149.0,527.272,-8.92535,,,,,
774.277,95147.0,527.447,-8.75098,,,,,
774.299,95150.0,527.182,-9.0152,,,,,
774.317,95151.0,527.095,-9.10242,,,,,
774.336,95151.0,527.095,-9.10242,,,,,
774.356,95151.0,527.095,-9.10242,,,,,
774.378,95157.0,526.569,-9.62823,,,,,
774.399,95153.0,526.921,-9.27679,,,,,
774.42,95151.0,527.095,-9.10242,,,,,
774.44,95151.0,527.095,-9.10242,,,,,
774.456,95153.0,526.921,-9.27679,,,,,
774.48,95149.0,527.272,-8.92535,,,,,
774.496,95149.0,527.272,-8.92535,,,,,
774.517,95150.0,527.182,-9.0152,,,,,
774.537,95145.0,527.621,-8.5766,,,,,
774.559,95150.0,527.182,-9.0152,,,,,
774.581,95141.0,527.972,-8.22516,,,,,
774.596,95150.0,527.182,-9.0152,,,,,
774.618,95148.0,527.359,-8.8382,,,,,
774.636,95154.0,526.834,-9.36395,,,,,
774.659,95150.0,527.182,-9.0152,,,,,
774.679,95150.0,527.182,-9.0152,,,,,
774.695,95153.0,526.921,-9.27679,,,,,
774.721,95149.0,527.272,-8.92535,,,,,
774.737,95147.0,527.447,-8.75098,,,,,
774.758,95148.0,527.359,-8.8382,,,,,
774.781,95150.0,527.182,-9.0152,,,,,
774.794,95147.0,527.447,-8.75098,,,,,
774.818,95150.0,527.182,-9.0152,,,,,
774.835,95155.0,526.746,-9.45117,,,,,
774.854,95154.0,526.834,-9.36395,,,,,
774.877,95150.0,527.182,-9.0152,,,,,
774.895,95149.0,527.272,-8.92535,,,,,
774.921,95154.0,526.834,-9.36395,,,,,
774.938,95145.0,527.621,-8.5766,,,,,
774.955,95154.0,526.834,-9.36395,,,,,
774.98,95150.0,527.182,-9.0152,,,,,
774.997,95150.0,527.182,-9.0152,,,,,
775.016,95148.0,527.359,-8.8382,,,,,
775.038,95151.0,527.095,-9.10242,,,,,
775.057,95153.0,526.921,-9.27679,,,,,
775.079,95150.0,527.182,-9.0152,,,,,
775.093,95160.0,526.308,-9.88977,,,,,
775.115,95151.0,527.095,-9.10242,,,,,
775.137,95152.0,527.008,-9.18958,,,,,
775.154,95153.0,526.921,-9.27679,,,,,
775.176,95150.0,527.182,-9.0152,,,,,
775.194,95151.0,527.095,-9.10242,,,,,
775.218,95152.0,527.008,-9.18958,,,,,
775.233,95149.0,527.272,-8.92535,,,,,
775.253,95151.0,527.095,-9.10242,,,,,
775.277,95153.0,526.921,-9.27679,,,,,
775.292,95151.0,527.095,-9.10242,,,,,
775.315,95148.0,527.359,-8.8382,,,,,
775.336,95150.0,527.182,-9.0152,,,,,
775.352,95151.0,527.095,-9.10242,,,,,
775.374,95154.0,526.834,-9.36395,,,,,
775.393,95147.0,527.447,-8.75098,,,,,
775.415,95146.0,527.534,-8.66376,,,,,
775.435,95150.0,527.182,-9.0152,,,,,
775.459,95149.0,527.272,-8.92535,,,,,
775.477,95146.0,527.534,-8.66376,,,,,
775.493,95153.0,526.921,-9.27679,,,,,
775.513,95148.0,527.359,-8.8382,,,,,
775.536,95154.0,526.834,-9.36395,,,,,
775.555,95148.0,527.359,-8.8382,,,,,
775.577,95160.0,526.308,-9.88977,,,,,
775.592,95151.0,527.095,-9.10242,,,,,
775.611,95153.0,526.921,-9.27679,,,,,
775.634,95152.0,527.008,-9.18958,,,,,
775.653,95150.0,527.182,-9.0152,,,,,
775.676,95150.0,527.182,-9.0152,,,,,
775.693,95150.0,527.182,-9.0152,,,,,
775.713,95151.0,527.095,-9.10242,,,,,
775.734,95152.0,527.008,-9.18958,,,,,
775.754,95150.0,527.182,-9.0152,,,,,
775.774,95150.0,527.182,-9.0152,,,,,
775.793,95145.0,527.621,-8.5766,,,,,
775.814,95146.0,527.534,-8.66376,,,,,
775.832,95148.0,527.359,-8.8382,,,,,
775.854,95147.0,527.447,-8.75098,,,,,
775.873,95147.0,527.447,-8.75098,,,,,
775.891,95148.0,527.359,-8.8382,,,,,
775.914,95153.0,526.921,-9.27679,,,,,
775.931,95149.0,527.272,-8.92535,,,,,
775.951,95153.0,526.921,-9.27679,,,,,
775.974,95152.0,527.008,-9.18958,,,,,
775.99,95152.0,527.008,-9.18958,,,,,
776.01,95152.0,527.008,-9.18958,,,,,
776.031,95151.0,527.095,-9.10242,,,,,
776.052,95149.0,527.272,-8.92535,,,,,
776.072,95146.0,527.534,-8.66376,,,,,
776.09,95145.0,527.621,-8.5766,,,,,
776.114,95150.0,527.182,-9.0152,,,,,
776.129,95151.0,527.095,-9.10242,,,,,
776.149,95152.0,527.008,-9.18958,,,,,
776.173,95155.0,526.746,-9.45117,,,,,
776.193,95149.0,527.272,-8.92535,,,,,
776.215,95148.0,527.359,-8.8382,,,,,
776.232,95148.0,527.359,-8.8382,,,,,
776.253,95156.0,526.659,-9.53839,,,,,
776.27,95148.0,527.359,-8.8382,,,,,
776.288,95150.0,527.182,-9.0152,,,,,
776.312,95154.0,526.834,-9.36395,,,,,
776.332,95153.0,526.921,-9.27679,,,,,
776.354,95149.0,527.272,-8.92535,,,,,
776.374,95149.0,527.272,-8.92535,,,,,
776.388,95149.0,527.272,-8.92535,,,,,
776.409,95150.0,527.182,-9.0152,,,,,
776.428,95151.0,527.095,-9.10242,,,,,
776.449,95151.0,527.095,-9.10242,,,,,
776.474,95151.0,527.095,-9.10242,,,,,
776.49,95152.0,527.008,-9.18958,,,,,
776.513,95154.0,526.834,-9.36395,,,,,
776.532,95149.0,527.272,-8.92535,,,,,
776.552,95150.0,527.182,-9.0152,,,,,
776.574,95158.0,526.482,-9.71539,,,,,
776.588,95158.0,526.482,-9.71539,,,,,
776.611,95154.0,526.834,-9.36395,,,,,
776.628,95149.0,527.272,-8.92535,,,,,
776.651,95153.0,526.921,-9.27679,,,,,
776.673,95147.0,527.447,-8.75098,,,,,
776.691,95151.0,527.095,-9.10242,,,,,
776.708,95149.0,527.272,-8.92535,,,,,
776.727,95146.0,527.534,-8.66376,,,,,
776.749,95146.0,527.534,-8.66376,,,,,
776.775,95153.0,526.921,-9.27679,,,,,
776.791,95149.0,527.272,-8.92535,,,,,
776.808,95151.0,527.095,-9.10242,,,,,
776.831,95152.0,527.008,-9.18958,,,,,
776.849,95155.0,526.746,-9.45117,,,,,
776.871,95155.0,526.746,-9.45117,,,,,
776.887,95154.0,526.834,-9.36395,,,,,
776.916,95147.0,527.447,-8.75098,,,,,
776.93,95147.0,527.447,-8.75098,,,,,
776.947,95150.0,527.182,-9.0152,,,,,
776.972,95151.0,527.095,-9.10242,,,,,
776.99,95151.0,527.095,-9.10242,,,,,
777.007,95154.0,526.834,-9.36395,,,,,
777.026,95153.0,526.921,-9.27679,,,,,
777.05,95153.0,526.921,-9.27679,,,,,
777.071,95147.0,527.447,-8.75098,,,,,
777.085,95157.0,526.569,-9.62823,,,,,
777.111,95153.0,526.921,-9.27679,,,,,
777.127,95148.0,527.359,-8.8382,,,,,
777.148,95144.0,527.708,-8.48938,,,,,
777.171,95147.0,527.447,-8.75098,,,,,
777.185,95147.0,527.447,-8.75098,,,,,
777.212,95150.0,527.182,-9.0152,,,,,
777.227,95151.0,527.095,-9.10242,,,,,
777.245,95153.0,526.921,-9.27679,,,,,
777.271,95143.0,527.798,-8.39954,,,,,
777.289,95157.0,526.569,-9.62823,,,,,
777.31,95150.0,527.182,-9.0152,,,,,
777.327,95149.0,527.272,-8.92535,,,,,
777.348,95149.0,527.272,-8.92535,,,,,
777.368,95157.0,526.569,-9.62823,,,,,
777.387,95152.0,527.008,-9.18958,,,,,
777.411,95153.0,526.921,-9.27679,,,,,
777.427,95154.0,526.834,-9.36395,,,,,
777.444,95146.0,527.534,-8.66376,,,,,
777.47,95151.0,527.095,-9.10242,,,,,
777.487,95152.0,527.008,-9.18958,,,,,
777.508,95151.0,527.095,-9.10242,,,,,
777.525,95150.0,527.182,-9.0152,,,,,
777.545,95148.0,527.359,-8.8382,,,,,
777.568,95148.0,527.359,-8.8382,,,,,
777.587,95147.0,527.447,-8.75098,,,,,
777.605,95151.0,527.095,-9.10242,,,,,
777.625,95153.0,526.921,-9.27679,,,,,
777.643,95152.0,527.008,-9.18958,,,,,
777.669,95147.0,527.447,-8.75098,,,,,
777.683,95150.0,527.182,-9.0152,,,,,
777.707,95149.0,527.272,-8.92535,,,,,
777.724,95151.0,527.095,-9.10242,,,,,
777.746,95152.0,527.008,-9.18958,,,,,
777.768,95152.0,527.008,-9.18958,,,,,
777.787,95150.0,527.182,-9.0152,,,,,
777.806,95149.0,527.272,-8.92535,,,,,
777.823,95148.0,527.359,-8.8382,,,,,
777.842,95153.0,526.921,-9.27679,,,,,
777.867,95152.0,527.008,-9.18958,,,,,
777.882,95149.0,527.272,-8.92535,,,,,
777.906,95150.0,527.182,-9.0152,,,,,
777.926,95158.0,526.482,-9.71539,,,,,
777.942,95149.0,527.272,-8.92535,,,,,
777.967,95154.0,526.834,-9.36395,,,,,
777.985,95152.0,527.008,-9.18958,,,,,
778.006,95150.0,527.182,-9.0152,,,,,
778.022,95150.0,527.182,-9.0152,,,,,
778.042,95150.0,527.182,-9.0152,,,,,
778.065,95149.0,527.272,-8.92535,,,,,
778.081,95151.0,527.095,-9.10242,,,,,
778.102,95149.0,527.272,-8.92535,,,,,
778.123,95155.0,526.746,-9.45117,,,,,
778.142,95149.0,527.272,-8.92535,,,,,
778.163,95151.0,527.095,-9.10242,,,,,
778.182,95153.0,526.921,-9.27679,,,,,
778.203,95157.0,526.569,-9.62823,,,,,
778.225,95151.0,527.095,-9.10242,,,,,
778.241,95151.0,527.095,-9.10242,,,,,
778.266,95152.0,527.008,-9.18958,,,,,
778.283,95150.0,527.182,-9.0152,,,,,
778.304,95154.0,526.834,-9.36395,,,,,
778.324,95147.0,527.447,-8.75098,,,,,
778.344,95151.0,527.095,-9.10242,,,,,
778.362,95150.0,527.182,-9.0152,,,,,
778.381,95154.0,526.834,-9.36395,,,,,
778.4,95148.0,527.359,-8.8382,,,,,
778.422,95150.0,527.182,-9.0152,,,,,
778.442,95147.0,527.447,-8.75098,,,,,
778.465,95152.0,527.008,-9.18958,,,,,
778.485,95148.0,527.359,-8.8382,,,,,
778.501,95148.0,527.359,-8.8382,,,,,
778.522,95147.0,527.447,-8.75098,,,,,
778.541,95152.0,527.008,-9.18958,,,,,
778.565,95150.0,527.182,-9.0152,,,,,
778.581,95150.0,527.182,-9.0152,,,,,
778.603,95146.0,527.534,-8.66376,,,,,
778.619,95151.0,527.095,-9.10242,,,,,
778.639,95150.0,527.182,-9.0152,,,,,
778.663,95153.0,526.921,-9.27679,,,,,
778.682,95149.0,527.272,-8.92535,,,,,
778.702,95149.0,527.272,-8.92535,,,,,
778.719,95148.0,527.359,-8.8382,,,,,
778.739,95150.0,527.182,-9.0152,,,,,
778.764,95151.0,527.095,-9.10242,,,,,
778.783,95149.0,527.272,-8.92535,,,,,
778.798,95156.0,526.659,-9.53839,,,,,
778.819,95149.0,527.272,-8.92535,,,,,
778.841,95150.0,527.182,-9.0152,,,,,
778.859,95151.0,527.095,-9.10242,,,,,
778.878,95147.0,527.447,-8.75098,,,,,
778.901,95148.0,527.359,-8.8382,,,,,
778.921,95147.0,527.447,-8.75098,,,,,
778.939,95151.0,527.095,-9.10242,,,,,
778.964,95145.0,527.621,-8.5766,,,,,
778.983,95145.0,527.621,-8.5766,,,,,
778.999,95150.0,527.182,-9.0152,,,,,
779.024,95148.0,527.359,-8.8382,,,,,
779.039,95151.0,527.095,-9.10242,,,,,
779.062,95156.0,526.659,-9.53839,,,,,
779.078,95152.0,527.008,-9.18958,,,,,
779.101,95148.0,527.359,-8.8382,,,,,
779.12,95150.0,527.182,-9.0152,,,,,
779.14,95150.0,527.182,-9.0152,,,,,
779.162,95149.0,527.272,-8.92535,,,,,
779.179,95156.0,526.659,-9.53839,,,,,
779.201,95147.0,527.447,-8.75098,,,,,
779.22,95151.0,527.095,-9.10242,,,,,
779.239,95147.0,527.447,-8.75098,,,,,
779.259,95144.0,527.708,-8.48938,,,,,
779.28,95153.0,526.921,-9.27679,,,,,
779.297,95152.0,527.008,-9.18958,,,,,
779.32,95152.0,527.008,-9.18958,,,,,
779.339,95149.0,527.272,-8.92535,,,,,
779.363,95148.0,527.359,-8.8382,,,,,
779.38,95150.0,527.182,-9.0152,,,,,
779.397,95151.0,527.095,-9.10242,,,,,
779.42,95151.0,527.095,-9.10242,,,,,
779.436,95146.0,527.534,-8.66376,,,,,
779.461,95151.0,527.095,-9.10242,,,,,
779.477,95149.0,527.272,-8.92535,,,,,
779.499,95151.0,527.095,-9.10242,,,,,
779.518,95150.0,527.182,-9.0152,,,,,
779.54,95144.0,527.708,-8.48938,,,,,
779.558,95152.0,527.008,-9.18958,,,,,
779.577,95149.0,527.272,-8.92535,,,,,
779.599,95153.0,526.921,-9.27679,,,,,
779.616,95150.0,527.182,-9.0152,,,,,
779.635,95147.0,527.447,-8.75098,,,,,
779.661,95146.0,527.534,-8.66376,,,,,
779.679,95150.0,527.182,-9.0152,,,,,
779.698,95151.0,527.095,-9.10242,,,,,
779.715,95154.0,526.834,-9.36395,,,,,
779.735,95149.0,527.272,-8.92535,,,,,
779.761,95148.0,527.359,-8.8382,,,,,
779.779,95146.0,527.534,-8.66376,,,,,
779.802,95152.0,527.008,-9.18958,,,,,
779.814,95152.0,527.008,-9.18958,,,,,
779.835,95150.0,527.182,-9.0152,,,,,
779.854,95148.0,527.359,-8.8382,,,,,
779.876,95149.0,527.272,-8.92535,,,,,
779.898,95149.0,527.272,-8.92535,,,,,
779.918,95149.0,527.272,-8.92535,,,,,
779.934,95152.0,527.008,-9.18958,,,,,
779.955,95151.0,527.095,-9.10242,,,,,
779.975,95154.0,526.834,-9.36395,,,,,
779.998,95153.0,526.921,-9.27679,,,,,
780.016,95147.0,527.447,-8.75098,,,,,
780.034,95150.0,527.182,-9.0152,,,,,
780.056,95152.0,527.008,-9.18958,,,,,
780.073,95149.0,527.272,-8.92535,,,,,
780.096,95153.0,526.921,-9.27679,,,,,
780.115,95149.0,527.272,-8.92535,,,,,
780.133,95152.0,527.008,-9.18958,,,,,
780.155,95148.0,527.359,-8.8382,,,,,
780.175,95155.0,526.746,-9.45117,,,,,
780.202,95148.0,527.359,-8.8382,,,,,
780.217,95148.0,527.359,-8.8382,,,,,
780.237,95148.0,527.359,-8.8382,,,,,
780.256,95147.0,527.447,-8.75098,,,,,
780.277,95151.0,527.095,-9.10242,,,,,
780.293,95152.0,527.008,-9.18958,,,,,
