0.000000000000000000e+00,0.000000000000000000e+00,0.000000000000000000e+00,0.000000000000000000e+00,0.000000000000000000e+00,0.000000000000000000e+00,0.000000000000000000e+00,0.000000000000000000e+00,0.000000000000000000e+00,0.000000000000000000e+00,0.000000000000000000e+00,0.000000000000000000e+00,9.000000000000000000e+01,0.000000000000000000e+00,0.000000000000000000e+00,0.000000000000000000e+00,9.000000000000000000e+01,0.000000000000000000e+00
1.000000000000000021e-02,0.000000000000000000e+00,0.000000000000000000e+00,0.000000000000000000e+00,0.000000000000000000e+00,0.000000000000000000e+00,0.000000000000000000e+00,0.000000000000000000e+00,0.000000000000000000e+00,0.000000000000000000e+00,0.000000000000000000e+00,0.000000000000000000e+00,9.000000000000000000e+01,0.000000000000000000e+00,0.000000000000000000e+00,0.000000000000000000e+00,9.000000000000000000e+01,0.000000000000000000e+00
2.000000000000000042e-02,0.000000000000000000e+00,1.787000000000000068e-04,1.069999999999999979e-01,1.789000000000000117e-04,1.069999999999999979e-01,0.000000000000000000e+00,0.000000000000000000e+00,0.000000000000000000e+00,0.000000000000000000e+00,8.295999999999999853e-06,5.000000000000000104e-03,8.999299999999999500e+01,0.000000000000000000e+00,0.000000000000000000e+00,0.000000000000000000e+00,9.000000000000000000e+01,0.000000000000000000e+00
2.999999999999999889e-02,8.969000000000000355e-05,2.599999999999999881e-02,5.059999999999999609e+00,2.599999999999999881e-02,5.059999999999999609e+00,-3.336999999999999772e-07,0.000000000000000000e+00,3.336999999999999772e-07,2.700000000000000000e+02,5.862999999999999939e-05,5.000000000000000104e-03,8.902599999999999625e+01,0.000000000000000000e+00,0.000000000000000000e+00,0.000000000000000000e+00,9.000000000000000000e+01,0.000000000000000000e+00
4.000000000000000083e-02,6.853999999999999633e-04,1.010000000000000064e-01,1.001500000000000057e+01,1.010000000000000064e-01,1.001500000000000057e+01,-1.176999999999999912e-06,0.000000000000000000e+00,1.176999999999999912e-06,2.700000000000000000e+02,1.101999999999999952e-04,5.000000000000000104e-03,8.624800000000000466e+01,0.000000000000000000e+00,0.000000000000000000e+00,0.000000000000000000e+00,9.000000000000000000e+01,0.000000000000000000e+00
5.000000000000000278e-02,2.000000000000000042e-03,2.260000000000000064e-01,1.497199999999999953e+01,2.260000000000000064e-01,1.497199999999999953e+01,-2.543000000000000047e-06,0.000000000000000000e+00,2.543000000000000047e-06,2.700000000000000000e+02,1.633999999999999873e-04,5.000000000000000104e-03,8.175600000000000023e+01,0.000000000000000000e+00,0.000000000000000000e+00,0.000000000000000000e+00,9.000000000000000000e+01,0.000000000000000000e+00
5.999999999999999778e-02,5.000000000000000104e-03,4.010000000000000231e-01,1.993100000000000094e+01,4.010000000000000231e-01,1.993100000000000094e+01,-4.451999999999999896e-06,0.000000000000000000e+00,4.451999999999999896e-06,2.700000000000000000e+02,2.189000000000000082e-04,6.000000000000000125e-03,7.571800000000000352e+01,0.000000000000000000e+00,0.000000000000000000e+00,0.000000000000000000e+00,9.000000000000000000e+01,0.000000000000000000e+00
7.000000000000000666e-02,1.000000000000000021e-02,6.250000000000000000e-01,2.489199999999999946e+01,6.250000000000000000e-01,2.489199999999999946e+01,-6.934000000000000019e-06,0.000000000000000000e+00,6.934000000000000019e-06,2.700000000000000000e+02,2.782999999999999884e-04,6.000000000000000125e-03,6.850900000000000034e+01,0.000000000000000000e+00,0.000000000000000000e+00,0.000000000000000000e+00,9.000000000000000000e+01,0.000000000000000000e+00
8.000000000000000167e-02,1.799999999999999864e-02,8.990000000000000213e-01,2.985500000000000043e+01,8.990000000000000213e-01,2.985500000000000043e+01,-1.004000000000000044e-05,0.000000000000000000e+00,1.004000000000000044e-05,2.700000000000000000e+02,3.441000000000000157e-04,7.000000000000000146e-03,6.067600000000000193e+01,0.000000000000000000e+00,0.000000000000000000e+00,0.000000000000000000e+00,9.000000000000000000e+01,0.000000000000000000e+00
8.999999999999999667e-02,2.900000000000000147e-02,1.221999999999999975e+00,3.482000000000000028e+01,1.221999999999999975e+00,3.482000000000000028e+01,-1.384999999999999953e-05,0.000000000000000000e+00,1.384999999999999953e-05,2.700000000000000000e+02,4.199000000000000150e-04,0.000000000000000000e+00,5.284199999999999875e+01,0.000000000000000000e+00,0.000000000000000000e+00,0.000000000000000000e+00,9.000000000000000000e+01,0.000000000000000000e+00
1.000000000000000056e-01,4.299999999999999656e-02,1.594999999999999973e+00,3.978699999999999903e+01,1.594999999999999973e+00,3.978699999999999903e+01,-1.805000000000000167e-05,0.000000000000000000e+00,1.805000000000000167e-05,2.700000000000000000e+02,4.199000000000000150e-04,0.000000000000000000e+00,4.553399999999999892e+01,0.000000000000000000e+00,0.000000000000000000e+00,0.000000000000000000e+00,9.000000000000000000e+01,0.000000000000000000e+00
1.100000000000000006e-01,6.099999999999999867e-02,2.017999999999999794e+00,4.475600000000000023e+01,2.017999999999999794e+00,4.475600000000000023e+01,-2.224999999999999873e-05,0.000000000000000000e+00,2.224999999999999873e-05,2.700000000000000000e+02,4.199000000000000150e-04,0.000000000000000000e+00,3.846399999999999864e+01,0.000000000000000000e+00,0.000000000000000000e+00,0.000000000000000000e+00,9.000000000000000000e+01,0.000000000000000000e+00
1.199999999999999956e-01,8.300000000000000433e-02,2.490000000000000213e+00,4.972699999999999676e+01,2.490000000000000213e+00,4.972699999999999676e+01,-2.644999999999999917e-05,0.000000000000000000e+00,2.644999999999999917e-05,2.700000000000000000e+02,4.199000000000000150e-04,0.000000000000000000e+00,3.240899999999999892e+01,0.000000000000000000e+00,0.000000000000000000e+00,0.000000000000000000e+00,9.000000000000000000e+01,0.000000000000000000e+00
1.300000000000000044e-01,1.110000000000000014e-01,3.012000000000000011e+00,5.469899999999999807e+01,3.012000000000000011e+00,5.469899999999999807e+01,-3.063999999999999802e-05,0.000000000000000000e+00,3.063999999999999802e-05,2.700000000000000000e+02,4.199000000000000150e-04,0.000000000000000000e+00,2.735999999999999943e+01,0.000000000000000000e+00,0.000000000000000000e+00,0.000000000000000000e+00,9.000000000000000000e+01,0.000000000000000000e+00
1.400000000000000133e-01,1.439999999999999891e-01,3.584000000000000075e+00,5.967399999999999949e+01,3.584000000000000075e+00,5.967399999999999949e+01,-3.483999999999999847e-05,0.000000000000000000e+00,3.483999999999999847e-05,2.700000000000000000e+02,4.199000000000000150e-04,0.000000000000000000e+00,2.320599999999999952e+01,0.000000000000000000e+00,0.000000000000000000e+00,0.000000000000000000e+00,9.000000000000000000e+01,0.000000000000000000e+00
1.459999999999999909e-01,1.660000000000000087e-01,3.951000000000000068e+00,6.265999999999999659e+01,3.951000000000000068e+00,6.265999999999999659e+01,-3.736000000000000144e-05,0.000000000000000000e+00,3.736000000000000144e-05,2.700000000000000000e+02,4.199000000000000150e-04,0.000000000000000000e+00,2.108399999999999963e+01,0.000000000000000000e+00,0.000000000000000000e+00,0.000000000000000000e+00,9.000000000000000000e+01,0.000000000000000000e+00
1.549999999999999989e-01,2.039999999999999869e-01,4.514999999999999680e+00,6.273100000000000165e+01,4.514999999999999680e+00,6.273100000000000165e+01,-4.114000000000000252e-05,0.000000000000000000e+00,4.114000000000000252e-05,2.700000000000000000e+02,4.199000000000000150e-04,0.000000000000000000e+00,1.869500000000000028e+01,0.000000000000000000e+00,0.000000000000000000e+00,0.000000000000000000e+00,9.000000000000000000e+01,0.000000000000000000e+00
1.650000000000000078e-01,2.530000000000000027e-01,5.142999999999999794e+00,6.280899999999999750e+01,5.142999999999999794e+00,6.280899999999999750e+01,-4.534000000000000297e-05,0.000000000000000000e+00,4.534000000000000297e-05,2.700000000000000000e+02,4.199000000000000150e-04,0.000000000000000000e+00,1.681899999999999906e+01,0.000000000000000000e+00,0.000000000000000000e+00,0.000000000000000000e+00,9.000000000000000000e+01,0.000000000000000000e+00
1.749999999999999889e-01,3.069999999999999951e-01,5.772000000000000242e+00,6.288799999999999812e+01,5.772000000000000242e+00,6.288799999999999812e+01,-4.953999999999999664e-05,0.000000000000000000e+00,4.953999999999999664e-05,2.700000000000000000e+02,4.199000000000000150e-04,0.000000000000000000e+00,1.532300000000000040e+01,0.000000000000000000e+00,0.000000000000000000e+00,0.000000000000000000e+00,9.000000000000000000e+01,0.000000000000000000e+00
1.849999999999999978e-01,3.679999999999999938e-01,6.400999999999999801e+00,6.296699999999999875e+01,6.400999999999999801e+00,6.296699999999999875e+01,-5.373999999999999708e-05,0.000000000000000000e+00,5.373999999999999708e-05,2.700000000000000000e+02,4.199000000000000150e-04,0.000000000000000000e+00,1.410299999999999976e+01,0.000000000000000000e+00,0.000000000000000000e+00,0.000000000000000000e+00,9.000000000000000000e+01,0.000000000000000000e+00
1.950000000000000067e-01,4.349999999999999978e-01,7.030999999999999694e+00,6.304500000000000171e+01,7.030999999999999694e+00,6.304500000000000171e+01,-5.793999999999999753e-05,0.000000000000000000e+00,5.793999999999999753e-05,2.700000000000000000e+02,4.199000000000000150e-04,0.000000000000000000e+00,1.308999999999999986e+01,0.000000000000000000e+00,0.000000000000000000e+00,0.000000000000000000e+00,9.000000000000000000e+01,0.000000000000000000e+00
2.049999999999999878e-01,5.090000000000000080e-01,7.661999999999999922e+00,6.312400000000000233e+01,7.661999999999999922e+00,6.312400000000000233e+01,-6.213999999999999797e-05,0.000000000000000000e+00,6.213999999999999797e-05,2.700000000000000000e+02,4.199000000000000150e-04,0.000000000000000000e+00,1.226200000000000045e+01,0.000000000000000000e+00,0.000000000000000000e+00,0.000000000000000000e+00,9.000000000000000000e+01,0.000000000000000000e+00
2.149999999999999967e-01,5.879999999999999671e-01,8.292999999999999261e+00,6.320300000000000296e+01,8.292999999999999261e+00,6.320300000000000296e+01,-6.632999999999999682e-05,0.000000000000000000e+00,6.632999999999999682e-05,2.700000000000000000e+02,4.199000000000000150e-04,0.000000000000000000e+00,1.157900000000000063e+01,0.000000000000000000e+00,0.000000000000000000e+00,0.000000000000000000e+00,9.000000000000000000e+01,0.000000000000000000e+00
2.250000000000000056e-01,6.740000000000000435e-01,8.926000000000000156e+00,6.328099999999999881e+01,8.926000000000000156e+00,6.328099999999999881e+01,-7.053000000000000404e-05,0.000000000000000000e+00,7.053000000000000404e-05,2.700000000000000000e+02,4.199000000000000150e-04,0.000000000000000000e+00,1.098900000000000077e+01,0.000000000000000000e+00,0.000000000000000000e+00,0.000000000000000000e+00,9.000000000000000000e+01,0.000000000000000000e+00
2.349999999999999867e-01,7.670000000000000151e-01,9.558999999999999275e+00,6.335999999999999943e+01,9.558999999999999275e+00,6.335999999999999943e+01,-7.472999999999999771e-05,0.000000000000000000e+00,7.472999999999999771e-05,2.700000000000000000e+02,4.199000000000000150e-04,0.000000000000000000e+00,1.047400000000000020e+01,0.000000000000000000e+00,0.000000000000000000e+00,0.000000000000000000e+00,9.000000000000000000e+01,0.000000000000000000e+00
2.449999999999999956e-01,8.659999999999999920e-01,1.019299999999999962e+01,6.343800000000000239e+01,1.019299999999999962e+01,6.343800000000000239e+01,-7.893000000000000493e-05,0.000000000000000000e+00,7.893000000000000493e-05,2.700000000000000000e+02,4.199000000000000150e-04,0.000000000000000000e+00,1.002100000000000080e+01,0.000000000000000000e+00,0.000000000000000000e+00,0.000000000000000000e+00,9.000000000000000000e+01,0.000000000000000000e+00
2.550000000000000044e-01,9.709999999999999742e-01,1.082799999999999940e+01,6.351700000000000301e+01,1.082799999999999940e+01,6.351700000000000301e+01,-8.312999999999999860e-05,0.000000000000000000e+00,8.312999999999999860e-05,2.700000000000000000e+02,4.199000000000000150e-04,0.000000000000000000e+00,9.507999999999999119e+00,0.000000000000000000e+00,0.000000000000000000e+00,0.000000000000000000e+00,9.000000000000000000e+01,0.000000000000000000e+00
2.650000000000000133e-01,1.082000000000000073e+00,1.146299999999999919e+01,6.359499999999999886e+01,1.146299999999999919e+01,6.359499999999999886e+01,-8.733000000000000582e-05,0.000000000000000000e+00,8.733000000000000582e-05,2.700000000000000000e+02,4.199000000000000150e-04,0.000000000000000000e+00,8.944000000000000838e+00,0.000000000000000000e+00,0.000000000000000000e+00,0.000000000000000000e+00,9.000000000000000000e+01,0.000000000000000000e+00
2.750000000000000222e-01,1.199999999999999956e+00,1.209999999999999964e+01,6.367399999999999949e+01,1.209999999999999964e+01,6.367399999999999949e+01,-9.152999999999999949e-05,0.000000000000000000e+00,9.152999999999999949e-05,2.700000000000000000e+02,4.199000000000000150e-04,0.000000000000000000e+00,8.438000000000000611e+00,0.000000000000000000e+00,0.000000000000000000e+00,0.000000000000000000e+00,9.000000000000000000e+01,0.000000000000000000e+00
2.849999999999999756e-01,1.324000000000000066e+00,1.273700000000000010e+01,6.375200000000000244e+01,1.273700000000000010e+01,6.375200000000000244e+01,-9.573000000000000671e-05,0.000000000000000000e+00,9.573000000000000671e-05,2.700000000000000000e+02,4.199000000000000150e-04,0.000000000000000000e+00,7.980000000000000426e+00,0.000000000000000000e+00,0.000000000000000000e+00,0.000000000000000000e+00,9.000000000000000000e+01,0.000000000000000000e+00
2.949999999999999845e-01,1.455000000000000071e+00,1.337500000000000000e+01,6.382999999999999829e+01,1.337500000000000000e+01,6.382999999999999829e+01,-9.992000000000000556e-05,0.000000000000000000e+00,9.992000000000000556e-05,2.700000000000000000e+02,4.199000000000000150e-04,0.000000000000000000e+00,7.565000000000000391e+00,0.000000000000000000e+00,0.000000000000000000e+00,0.000000000000000000e+00,9.000000000000000000e+01,0.000000000000000000e+00
3.049999999999999933e-01,1.592000000000000082e+00,1.401299999999999990e+01,6.390800000000000125e+01,1.401299999999999990e+01,6.390800000000000125e+01,-1.040999999999999960e-04,0.000000000000000000e+00,1.040999999999999960e-04,2.700000000000000000e+02,4.199000000000000150e-04,0.000000000000000000e+00,7.168999999999999595e+00,0.000000000000000000e+00,0.000000000000000000e+00,0.000000000000000000e+00,9.000000000000000000e+01,0.000000000000000000e+00
3.150000000000000022e-01,1.735000000000000098e+00,1.465300000000000047e+01,6.398599999999999710e+01,1.465300000000000047e+01,6.398599999999999710e+01,-1.083000000000000033e-04,0.000000000000000000e+00,1.083000000000000033e-04,2.700000000000000000e+02,4.199000000000000150e-04,0.000000000000000000e+00,6.790000000000000036e+00,0.000000000000000000e+00,0.000000000000000000e+00,0.000000000000000000e+00,9.000000000000000000e+01,0.000000000000000000e+00
3.250000000000000111e-01,1.885000000000000009e+00,1.529299999999999926e+01,6.406399999999999295e+01,1.529299999999999926e+01,6.406399999999999295e+01,-1.124999999999999969e-04,0.000000000000000000e+00,1.124999999999999969e-04,2.700000000000000000e+02,4.199000000000000150e-04,0.000000000000000000e+00,6.442000000000000171e+00,0.000000000000000000e+00,0.000000000000000000e+00,0.000000000000000000e+00,9.000000000000000000e+01,0.000000000000000000e+00
3.350000000000000200e-01,2.040999999999999925e+00,1.593399999999999928e+01,6.414199999999999591e+01,1.593399999999999928e+01,6.414199999999999591e+01,-1.167000000000000041e-04,0.000000000000000000e+00,1.167000000000000041e-04,2.700000000000000000e+02,4.199000000000000150e-04,0.000000000000000000e+00,6.121000000000000441e+00,0.000000000000000000e+00,0.000000000000000000e+00,0.000000000000000000e+00,9.000000000000000000e+01,0.000000000000000000e+00
3.449999999999999734e-01,2.202999999999999847e+00,1.657600000000000051e+01,6.421999999999999886e+01,1.657600000000000051e+01,6.421999999999999886e+01,-1.208999999999999978e-04,0.000000000000000000e+00,1.208999999999999978e-04,2.700000000000000000e+02,4.199000000000000150e-04,0.000000000000000000e+00,5.823999999999999844e+00,0.000000000000000000e+00,0.000000000000000000e+00,0.000000000000000000e+00,9.000000000000000000e+01,0.000000000000000000e+00
3.549999999999999822e-01,2.371999999999999886e+00,1.721900000000000119e+01,6.429800000000000182e+01,1.721900000000000119e+01,6.429800000000000182e+01,-1.251000000000000050e-04,0.000000000000000000e+00,1.251000000000000050e-04,2.700000000000000000e+02,4.199000000000000150e-04,0.000000000000000000e+00,5.599000000000000199e+00,0.000000000000000000e+00,0.000000000000000000e+00,0.000000000000000000e+00,9.000000000000000000e+01,0.000000000000000000e+00
3.649999999999999911e-01,2.548000000000000043e+00,1.786199999999999832e+01,6.437500000000000000e+01,1.786199999999999832e+01,6.437500000000000000e+01,-1.292999999999999987e-04,0.000000000000000000e+00,1.292999999999999987e-04,2.700000000000000000e+02,4.199000000000000150e-04,0.000000000000000000e+00,5.437000000000000277e+00,0.000000000000000000e+00,0.000000000000000000e+00,0.000000000000000000e+00,9.000000000000000000e+01,0.000000000000000000e+00
3.750000000000000000e-01,2.729999999999999982e+00,1.850600000000000023e+01,6.445300000000000296e+01,1.850600000000000023e+01,6.445300000000000296e+01,-1.334999999999999924e-04,0.000000000000000000e+00,1.334999999999999924e-04,2.700000000000000000e+02,4.199000000000000150e-04,0.000000000000000000e+00,5.285999999999999588e+00,0.000000000000000000e+00,0.000000000000000000e+00,0.000000000000000000e+00,9.000000000000000000e+01,0.000000000000000000e+00
3.850000000000000089e-01,2.918000000000000149e+00,1.915099999999999980e+01,6.453000000000000114e+01,1.915099999999999980e+01,6.453000000000000114e+01,-1.377000000000000131e-04,0.000000000000000000e+00,1.377000000000000131e-04,2.700000000000000000e+02,4.199000000000000150e-04,0.000000000000000000e+00,5.144000000000000128e+00,0.000000000000000000e+00,0.000000000000000000e+00,0.000000000000000000e+00,9.000000000000000000e+01,0.000000000000000000e+00
3.950000000000000178e-01,3.112999999999999989e+00,1.979700000000000060e+01,6.460800000000000409e+01,1.979700000000000060e+01,6.460800000000000409e+01,-1.419000000000000068e-04,0.000000000000000000e+00,1.419000000000000068e-04,2.700000000000000000e+02,4.199000000000000150e-04,0.000000000000000000e+00,5.011999999999999567e+00,0.000000000000000000e+00,0.000000000000000000e+00,0.000000000000000000e+00,9.000000000000000000e+01,0.000000000000000000e+00
4.050000000000000266e-01,3.314000000000000057e+00,2.044300000000000139e+01,6.468500000000000227e+01,2.044300000000000139e+01,6.468500000000000227e+01,-1.461000000000000005e-04,0.000000000000000000e+00,1.461000000000000005e-04,2.700000000000000000e+02,4.199000000000000150e-04,0.000000000000000000e+00,4.847000000000000419e+00,0.000000000000000000e+00,0.000000000000000000e+00,0.000000000000000000e+00,9.000000000000000000e+01,0.000000000000000000e+00
4.149999999999999800e-01,3.521999999999999797e+00,2.108999999999999986e+01,6.476300000000000523e+01,2.108999999999999986e+01,6.476300000000000523e+01,-1.502999999999999942e-04,0.000000000000000000e+00,1.502999999999999942e-04,2.700000000000000000e+02,4.199000000000000150e-04,0.000000000000000000e+00,4.652000000000000135e+00,0.000000000000000000e+00,0.000000000000000000e+00,0.000000000000000000e+00,9.000000000000000000e+01,0.000000000000000000e+00
4.249999999999999889e-01,3.736000000000000210e+00,2.173799999999999955e+01,6.484000000000000341e+01,2.173799999999999955e+01,6.484000000000000341e+01,-1.544999999999999878e-04,0.000000000000000000e+00,1.544999999999999878e-04,2.700000000000000000e+02,4.199000000000000150e-04,0.000000000000000000e+00,4.467999999999999972e+00,0.000000000000000000e+00,0.000000000000000000e+00,0.000000000000000000e+00,9.000000000000000000e+01,0.000000000000000000e+00
4.349999999999999978e-01,3.955999999999999961e+00,2.238700000000000045e+01,6.491700000000000159e+01,2.238700000000000045e+01,6.491700000000000159e+01,-1.587000000000000086e-04,0.000000000000000000e+00,1.587000000000000086e-04,2.700000000000000000e+02,4.199000000000000150e-04,0.000000000000000000e+00,4.294999999999999929e+00,0.000000000000000000e+00,0.000000000000000000e+00,0.000000000000000000e+00,9.000000000000000000e+01,0.000000000000000000e+00
4.460000000000000075e-01,4.206999999999999851e+00,2.310200000000000031e+01,6.500199999999999534e+01,2.310200000000000031e+01,6.500199999999999534e+01,-1.633000000000000120e-04,0.000000000000000000e+00,1.633000000000000120e-04,2.700000000000000000e+02,4.199000000000000150e-04,0.000000000000000000e+00,4.115999999999999659e+00,0.000000000000000000e+00,0.000000000000000000e+00,0.000000000000000000e+00,9.000000000000000000e+01,0.000000000000000000e+00
4.560000000000000164e-01,4.440999999999999837e+00,2.375199999999999889e+01,6.503100000000000591e+01,2.375199999999999889e+01,6.503100000000000591e+01,-1.675000000000000057e-04,0.000000000000000000e+00,1.675000000000000057e-04,2.700000000000000000e+02,4.199000000000000150e-04,0.000000000000000000e+00,4.008000000000000007e+00,0.000000000000000000e+00,0.000000000000000000e+00,0.000000000000000000e+00,9.000000000000000000e+01,0.000000000000000000e+00
4.660000000000000253e-01,4.682000000000000384e+00,2.440200000000000102e+01,6.506100000000000705e+01,2.440200000000000102e+01,6.506100000000000705e+01,-1.716999999999999993e-04,0.000000000000000000e+00,1.716999999999999993e-04,2.700000000000000000e+02,4.199000000000000150e-04,0.000000000000000000e+00,3.936999999999999833e+00,0.000000000000000000e+00,0.000000000000000000e+00,0.000000000000000000e+00,9.000000000000000000e+01,0.000000000000000000e+00
4.759999999999999787e-01,4.929000000000000270e+00,2.505300000000000082e+01,6.509000000000000341e+01,2.505300000000000082e+01,6.509000000000000341e+01,-1.758999999999999930e-04,0.000000000000000000e+00,1.758999999999999930e-04,2.700000000000000000e+02,4.199000000000000150e-04,0.000000000000000000e+00,3.869000000000000217e+00,0.000000000000000000e+00,0.000000000000000000e+00,0.000000000000000000e+00,9.000000000000000000e+01,0.000000000000000000e+00
4.859999999999999876e-01,5.182999999999999829e+00,2.570400000000000063e+01,6.511899999999999977e+01,2.570400000000000063e+01,6.511899999999999977e+01,-1.800999999999999867e-04,0.000000000000000000e+00,1.800999999999999867e-04,2.700000000000000000e+02,4.199000000000000150e-04,0.000000000000000000e+00,3.805000000000000160e+00,0.000000000000000000e+00,0.000000000000000000e+00,0.000000000000000000e+00,9.000000000000000000e+01,0.000000000000000000e+00
4.959999999999999964e-01,5.442999999999999616e+00,2.635600000000000165e+01,6.514799999999999613e+01,2.635600000000000165e+01,6.514799999999999613e+01,-1.843000000000000074e-04,0.000000000000000000e+00,1.843000000000000074e-04,2.700000000000000000e+02,4.199000000000000150e-04,0.000000000000000000e+00,3.744000000000000217e+00,0.000000000000000000e+00,0.000000000000000000e+00,0.000000000000000000e+00,9.000000000000000000e+01,0.000000000000000000e+00
5.060000000000000053e-01,5.709999999999999964e+00,2.700700000000000145e+01,6.517700000000000671e+01,2.700700000000000145e+01,6.517700000000000671e+01,-1.885000000000000011e-04,0.000000000000000000e+00,1.885000000000000011e-04,2.700000000000000000e+02,4.199000000000000150e-04,0.000000000000000000e+00,3.672000000000000153e+00,0.000000000000000000e+00,0.000000000000000000e+00,0.000000000000000000e+00,9.000000000000000000e+01,0.000000000000000000e+00
5.160000000000000142e-01,5.982999999999999652e+00,2.765899999999999892e+01,6.520499999999999829e+01,2.765899999999999892e+01,6.520499999999999829e+01,-1.926999999999999948e-04,0.000000000000000000e+00,1.926999999999999948e-04,2.700000000000000000e+02,4.199000000000000150e-04,0.000000000000000000e+00,3.592999999999999972e+00,0.000000000000000000e+00,0.000000000000000000e+00,0.000000000000000000e+00,9.000000000000000000e+01,0.000000000000000000e+00
5.260000000000000231e-01,6.262999999999999901e+00,2.831099999999999994e+01,6.523399999999999466e+01,2.831099999999999994e+01,6.523499999999999943e+01,-1.968999999999999884e-04,0.000000000000000000e+00,1.968999999999999884e-04,2.700000000000000000e+02,4.199000000000000150e-04,2.340000000000000135e-01,3.519000000000000128e+00,0.000000000000000000e+00,0.000000000000000000e+00,0.000000000000000000e+00,9.000000000000000000e+01,0.000000000000000000e+00
5.410000000000000364e-01,6.695000000000000284e+00,2.928999999999999915e+01,6.527700000000000102e+01,2.928999999999999915e+01,6.527700000000000102e+01,-2.298000000000000021e-04,0.000000000000000000e+00,2.298000000000000021e-04,2.700000000000000000e+02,4.000000000000000083e-03,2.399999999999999911e-01,3.404999999999999805e+00,0.000000000000000000e+00,1.549999999999999989e-01,2.536000000000000114e-05,8.999899999999999523e+01,9.000900000000000034e+01
5.639999999999999458e-01,7.371000000000000441e+00,3.076000000000000156e+01,6.534099999999999397e+01,3.076000000000000156e+01,6.534099999999999397e+01,-3.802000000000000258e-04,0.000000000000000000e+00,3.802000000000000258e-04,2.700000000000000000e+02,8.999999999999999320e-03,2.399999999999999911e-01,3.204000000000000181e+00,0.000000000000000000e+00,3.990000000000000213e-01,3.813999999999999736e-05,8.999299999999999500e+01,9.000499999999999545e+01
5.969999999999999751e-01,8.445999999999999730e+00,3.296600000000000108e+01,6.543500000000000227e+01,3.296600000000000108e+01,6.543600000000000705e+01,-8.312999999999999860e-04,0.000000000000000000e+00,8.312999999999999860e-04,2.700000000000000000e+02,1.700000000000000122e-02,2.210000000000000020e-01,2.888999999999999790e+00,0.000000000000000000e+00,7.780000000000000249e-01,7.328000000000000312e-05,8.997299999999999898e+01,9.000400000000000489e+01
6.470000000000000195e-01,1.017600000000000016e+01,3.624199999999999733e+01,6.557299999999999329e+01,3.624199999999999733e+01,6.557299999999999329e+01,-2.000000000000000042e-03,-1.525000000000000090e-08,2.000000000000000042e-03,2.700000000000000000e+02,2.699999999999999969e-02,1.559999999999999998e-01,2.462000000000000188e+00,0.000000000000000000e+00,1.362000000000000099e+00,2.374999999999999995e-04,8.991899999999999693e+01,9.000600000000000023e+01
6.969999999999999529e-01,1.207000000000000028e+01,3.952400000000000091e+01,6.570699999999999363e+01,3.952400000000000091e+01,6.570699999999999363e+01,-3.000000000000000062e-03,-5.870000000000000285e-08,3.000000000000000062e-03,2.699990000000000236e+02,3.200000000000000067e-02,5.399999999999999939e-02,2.145999999999999908e+00,0.000000000000000000e+00,1.969000000000000083e+00,1.588000000000000110e-04,8.983599999999999852e+01,9.000600000000000023e+01
7.459999999999999964e-01,1.407499999999999929e+01,4.272999999999999687e+01,6.583499999999999375e+01,4.272999999999999687e+01,6.583499999999999375e+01,-5.000000000000000104e-03,-1.665999999999999963e-07,5.000000000000000104e-03,2.699979999999999905e+02,3.099999999999999978e-02,1.000000000000000056e-01,1.794000000000000039e+00,0.000000000000000000e+00,2.568999999999999950e+00,3.152000000000000179e-04,8.972599999999999909e+01,9.000600000000000023e+01
7.960000000000000409e-01,1.629400000000000048e+01,4.602400000000000091e+01,6.593000000000000682e+01,4.602400000000000091e+01,6.593000000000000682e+01,-6.000000000000000125e-03,-3.836000000000000203e-07,6.000000000000000125e-03,2.699970000000000141e+02,2.100000000000000130e-02,3.059999999999999942e-01,1.463000000000000078e+00,0.000000000000000000e+00,3.165000000000000036e+00,3.302000000000000031e-04,8.958199999999999363e+01,9.000600000000000023e+01
8.459999999999999742e-01,1.867800000000000082e+01,4.932300000000000040e+01,6.601999999999999602e+01,4.932300000000000040e+01,6.602200000000000557e+01,-7.000000000000000146e-03,-7.476000000000000504e-07,7.000000000000000146e-03,2.699940000000000282e+02,7.822000000000000665e-05,5.600000000000000533e-01,1.143000000000000016e+00,0.000000000000000000e+00,3.717000000000000082e+00,5.458999999999999877e-04,8.940999999999999659e+01,9.000499999999999545e+01
8.960000000000000187e-01,2.122599999999999909e+01,5.262599999999999767e+01,6.610500000000000398e+01,5.262599999999999767e+01,6.610999999999999943e+01,-6.000000000000000125e-03,-1.325000000000000019e-06,6.000000000000000125e-03,2.699879999999999995e+02,3.500000000000000333e-02,8.399999999999999689e-01,9.330000000000000515e-01,0.000000000000000000e+00,4.221000000000000085e+00,4.313000000000000210e-04,8.921099999999999852e+01,9.000499999999999545e+01
9.459999999999999520e-01,2.394000000000000128e+01,5.593299999999999983e+01,6.618500000000000227e+01,5.593299999999999983e+01,6.619499999999999318e+01,-3.000000000000000062e-03,-2.158999999999999997e-06,3.000000000000000062e-03,2.699619999999999891e+02,8.500000000000000611e-02,1.165000000000000036e+00,7.059999999999999609e-01,0.000000000000000000e+00,4.674999999999999822e+00,7.834999999999999947e-07,8.898900000000000432e+01,9.000400000000000489e+01
9.959999999999999964e-01,2.682000000000000028e+01,5.924399999999999977e+01,6.625799999999999557e+01,5.924499999999999744e+01,6.627599999999999625e+01,3.000000000000000062e-03,-3.232999999999999793e-06,3.000000000000000062e-03,9.006999999999999318e+01,1.529999999999999971e-01,1.562000000000000055e+00,3.569999999999999840e-01,0.000000000000000000e+00,5.004999999999999893e+00,5.144000000000000352e-04,8.874599999999999511e+01,9.000300000000000011e+01
1.046000000000000041e+00,2.986499999999999844e+01,6.255899999999999750e+01,6.632500000000000284e+01,6.255899999999999750e+01,6.635399999999999920e+01,1.200000000000000025e-02,-4.537999999999999581e-06,1.200000000000000025e-02,9.002100000000000080e+01,2.409999999999999920e-01,1.959000000000000075e+00,1.290000000000000036e-01,0.000000000000000000e+00,5.166000000000000369e+00,1.000000000000000021e-03,8.849099999999999966e+01,9.000199999999999534e+01
1.096000000000000085e+00,3.307600000000000051e+01,6.587099999999999511e+01,6.617000000000000171e+01,6.587199999999999989e+01,6.621299999999999386e+01,2.699999999999999969e-02,-6.039999999999999769e-06,2.699999999999999969e-02,9.001300000000000523e+01,3.499999999999999778e-01,2.395000000000000018e+00,1.799999999999999933e-01,0.000000000000000000e+00,-5.134999999999999787e+00,7.722999999999999613e-04,8.823199999999999932e+01,9.000199999999999534e+01
1.145999999999999908e+00,3.645199999999999818e+01,6.917600000000000193e+01,6.600799999999999557e+01,6.917799999999999727e+01,6.606799999999999784e+01,4.800000000000000100e-02,-7.721999999999999928e-06,4.800000000000000100e-02,9.000900000000000034e+01,4.799999999999999822e-01,2.822999999999999954e+00,4.369999999999999996e-01,0.000000000000000000e+00,-4.847000000000000419e+00,4.750999999999999744e-05,8.798199999999999932e+01,9.000199999999999534e+01
1.195999999999999952e+00,3.999300000000000210e+01,7.247199999999999420e+01,6.584099999999999397e+01,7.247499999999999432e+01,6.591800000000000637e+01,7.499999999999999722e-02,-9.626999999999999476e-06,7.499999999999999722e-02,9.000700000000000500e+01,6.310000000000000053e-01,3.188000000000000167e+00,5.620000000000000551e-01,0.000000000000000000e+00,-4.341999999999999638e+00,-8.662000000000000212e-04,8.775100000000000477e+01,9.000300000000000011e+01
1.245999999999999996e+00,4.369899999999999807e+01,7.576000000000000512e+01,6.566899999999999693e+01,7.576399999999999579e+01,6.576399999999999579e+01,1.110000000000000014e-01,-1.197000000000000059e-05,1.110000000000000014e-01,9.000600000000000023e+01,7.990000000000000435e-01,3.527000000000000135e+00,6.939999999999999503e-01,0.000000000000000000e+00,-3.653999999999999915e+00,-2.097999999999999903e-05,8.755100000000000193e+01,9.000499999999999545e+01
1.296000000000000041e+00,4.756900000000000261e+01,7.903900000000000148e+01,6.549399999999999977e+01,7.904500000000000171e+01,6.560399999999999920e+01,1.559999999999999998e-01,-1.494999999999999916e-05,1.559999999999999998e-01,9.000600000000000023e+01,9.819999999999999840e-01,3.798000000000000043e+00,7.700000000000000178e-01,4.140999999999999824e-07,-2.778999999999999915e+00,5.735999999999999563e-04,8.738899999999999579e+01,9.000499999999999545e+01
1.346000000000000085e+00,5.160300000000000153e+01,8.230899999999999750e+01,6.531999999999999318e+01,8.231799999999999784e+01,6.543999999999999773e+01,2.089999999999999913e-01,-1.866999999999999912e-05,2.089999999999999913e-01,9.000499999999999545e+01,1.177000000000000046e+00,3.962000000000000188e+00,7.500000000000000000e-01,4.592999999999999901e-07,-1.788000000000000034e+00,-4.168999999999999963e-04,8.727500000000000568e+01,9.000499999999999545e+01
1.395999999999999908e+00,5.579999999999999716e+01,8.556600000000000250e+01,6.496800000000000352e+01,8.557800000000000296e+01,6.509399999999999409e+01,2.730000000000000204e-01,-2.326000000000000092e-05,2.730000000000000204e-01,9.000499999999999545e+01,1.377000000000000002e+00,4.057000000000000384e+00,7.439999999999999947e-01,5.650999999999999978e-07,-7.349999999999999867e-01,-4.920000000000000328e-04,8.721099999999999852e+01,9.000600000000000023e+01
1.445999999999999952e+00,6.015899999999999892e+01,8.880599999999999739e+01,6.461299999999999955e+01,8.881999999999999318e+01,6.474299999999999500e+01,3.469999999999999751e-01,-2.879000000000000049e-05,3.469999999999999751e-01,9.000499999999999545e+01,1.582000000000000073e+00,4.102999999999999758e+00,7.740000000000000213e-01,9.541999999999999020e-07,4.249999999999999889e-01,-5.762999999999999677e-04,8.720300000000000296e+01,9.000600000000000023e+01
1.495999999999999996e+00,6.468000000000000682e+01,9.202800000000000580e+01,6.426300000000000523e+01,9.204500000000000171e+01,6.438599999999999568e+01,4.309999999999999942e-01,-3.529000000000000263e-05,4.309999999999999942e-01,9.000499999999999545e+01,1.784000000000000030e+00,3.971000000000000085e+00,6.490000000000000213e-01,5.841999999999999505e-07,1.606999999999999984e+00,-2.479000000000000084e-04,8.725400000000000489e+01,9.000600000000000023e+01
1.546000000000000041e+00,6.936100000000000421e+01,9.523199999999999932e+01,6.391499999999999915e+01,9.525300000000000011e+01,6.402200000000000557e+01,5.260000000000000231e-01,-4.284999999999999801e-05,5.260000000000000231e-01,9.000499999999999545e+01,1.977000000000000091e+00,3.705999999999999961e+00,4.510000000000000120e-01,5.068999999999999664e-07,2.587000000000000188e+00,2.000000000000000042e-03,8.735999999999999943e+01,9.000499999999999545e+01
1.596000000000000085e+00,7.420300000000000296e+01,9.841899999999999693e+01,6.356499999999999773e+01,9.844299999999999784e+01,6.365299999999999869e+01,6.290000000000000036e-01,-5.103999999999999922e-05,6.290000000000000036e-01,9.000499999999999545e+01,2.153000000000000025e+00,3.337000000000000188e+00,2.069999999999999896e-01,6.670000000000000302e-07,3.213999999999999968e+00,4.000000000000000083e-03,8.750700000000000500e+01,9.000199999999999534e+01
1.645999999999999908e+00,7.920300000000000296e+01,1.015889999999999986e+02,6.320799999999999841e+01,1.016149999999999949e+02,6.327799999999999869e+01,7.399999999999999911e-01,-5.907000000000000195e-05,7.399999999999999911e-01,9.000499999999999545e+01,2.310999999999999943e+00,2.974000000000000199e+00,2.800000000000000058e-02,7.119000000000000153e-07,3.447000000000000064e+00,2.400000000000000050e-02,8.767499999999999716e+01,8.999800000000000466e+01
1.695999999999999952e+00,8.436100000000000421e+01,1.047399999999999949e+02,6.284199999999999875e+01,1.047690000000000055e+02,6.289500000000000313e+01,8.599999999999999867e-01,-6.606000000000000110e-05,8.599999999999999867e-01,9.000400000000000489e+01,2.448999999999999844e+00,2.572999999999999954e+00,1.719999999999999862e-01,7.349000000000000492e-07,-3.281000000000000139e+00,2.000000000000000042e-03,8.784499999999999886e+01,8.999200000000000443e+01
1.745999999999999996e+00,8.967700000000000671e+01,1.078730000000000047e+02,6.246699999999999875e+01,1.079030000000000058e+02,6.250699999999999790e+01,9.849999999999999867e-01,-7.098000000000000143e-05,9.849999999999999867e-01,9.000400000000000489e+01,2.568999999999999950e+00,2.233999999999999986e+00,3.059999999999999942e-01,7.079000000000000324e-07,-2.705999999999999961e+00,6.191000000000000322e-04,8.799599999999999511e+01,8.998499999999999943e+01
1.796000000000000041e+00,9.514799999999999613e+01,1.109869999999999948e+02,6.208299999999999841e+01,1.110190000000000055e+02,6.211500000000000199e+01,1.116000000000000103e+00,-7.252999999999999844e-05,1.116000000000000103e+00,9.000400000000000489e+01,2.674999999999999822e+00,2.012000000000000011e+00,3.539999999999999813e-01,0.000000000000000000e+00,-1.866000000000000103e+00,1.000000000000000021e-03,8.811100000000000421e+01,8.997799999999999443e+01
1.846000000000000085e+00,1.007750000000000057e+02,1.140810000000000031e+02,6.169200000000000017e+01,1.141149999999999949e+02,6.171900000000000119e+01,1.252000000000000002e+00,-6.959000000000000288e-05,1.252000000000000002e+00,9.000300000000000011e+01,2.770000000000000018e+00,1.798999999999999932e+00,4.460000000000000075e-01,7.570000000000000155e-07,-8.000000000000000444e-01,2.000000000000000042e-03,8.817900000000000205e+01,8.997599999999999909e+01
1.895999999999999908e+00,1.065559999999999974e+02,1.171560000000000059e+02,6.129200000000000159e+01,1.171910000000000025e+02,6.131700000000000017e+01,1.393000000000000016e+00,-6.211999999999999477e-05,1.393000000000000016e+00,9.000300000000000011e+01,2.858000000000000096e+00,1.756000000000000005e+00,4.380000000000000004e-01,6.354999999999999929e-07,4.570000000000000173e-01,-7.659000000000000226e-04,8.818800000000000239e+01,8.997700000000000387e+01
1.945999999999999952e+00,1.124899999999999949e+02,1.202099999999999937e+02,6.088000000000000256e+01,1.202459999999999951e+02,6.091299999999999670e+01,1.538000000000000034e+00,-5.014999999999999927e-05,1.538000000000000034e+00,9.000199999999999534e+01,2.951000000000000068e+00,1.991999999999999993e+00,2.550000000000000044e-01,8.440999999999999947e-07,1.506999999999999895e+00,8.978000000000000303e-04,8.813700000000000045e+01,8.998000000000000398e+01
1.949999999999999956e+00,1.129719999999999942e+02,1.204530000000000030e+02,6.084700000000000131e+01,1.204899999999999949e+02,6.088000000000000256e+01,1.550000000000000044e+00,-4.901000000000000002e-05,1.550000000000000044e+00,9.000199999999999534e+01,2.959000000000000075e+00,2.016999999999999904e+00,2.379999999999999893e-01,8.439999999999999872e-07,1.566999999999999948e+00,8.934000000000000318e-04,8.813100000000000023e+01,8.998000000000000398e+01
1.955999999999999961e+00,1.136949999999999932e+02,1.208179999999999978e+02,6.079299999999999926e+01,1.208550000000000040e+02,6.082699999999999818e+01,1.568000000000000060e+00,-4.725000000000000331e-05,1.568000000000000060e+00,9.000199999999999534e+01,2.971000000000000085e+00,2.039000000000000146e+00,2.260000000000000064e-01,8.434999999999999497e-07,1.653000000000000025e+00,6.941000000000000121e-04,8.812099999999999511e+01,8.998099999999999454e+01
1.965000000000000080e+00,1.147849999999999966e+02,1.213649999999999949e+02,6.071200000000000330e+01,1.214020000000000010e+02,6.074699999999999989e+01,1.594999999999999973e+00,-4.452000000000000065e-05,1.594999999999999973e+00,9.000199999999999534e+01,2.990000000000000213e+00,2.073999999999999844e+00,2.089999999999999913e-01,8.444000000000000173e-07,1.774999999999999911e+00,5.115000000000000189e-04,8.810500000000000398e+01,8.998300000000000409e+01
1.977999999999999980e+00,1.164290000000000020e+02,1.221839999999999975e+02,6.058899999999999864e+01,1.222210000000000036e+02,6.062599999999999767e+01,1.635000000000000009e+00,-4.021000000000000296e-05,1.635000000000000009e+00,9.000100000000000477e+01,3.017999999999999794e+00,2.130999999999999783e+00,1.799999999999999933e-01,8.352999999999999689e-07,1.939999999999999947e+00,4.734000000000000144e-04,8.807999999999999829e+01,8.998399999999999466e+01
1.999000000000000110e+00,1.189159999999999968e+02,1.234090000000000060e+02,6.040400000000000347e+01,1.234470000000000027e+02,6.044500000000000028e+01,1.697000000000000064e+00,-3.330999999999999787e-05,1.697000000000000064e+00,9.000100000000000477e+01,3.061999999999999833e+00,2.225999999999999979e+00,1.350000000000000089e-01,8.445000000000000248e-07,2.145000000000000018e+00,1.000000000000000021e-03,8.803900000000000148e+01,8.998799999999999955e+01
2.028999999999999915e+00,1.226919999999999931e+02,1.252399999999999949e+02,6.012500000000000000e+01,1.252789999999999964e+02,6.017199999999999704e+01,1.790999999999999925e+00,-2.220999999999999911e-05,1.790999999999999925e+00,9.000100000000000477e+01,3.132000000000000117e+00,2.354000000000000092e+00,8.699999999999999400e-02,8.950000000000000071e-07,2.366000000000000103e+00,2.000000000000000042e-03,8.796999999999999886e+01,8.999299999999999500e+01
2.075000000000000178e+00,1.284610000000000127e+02,1.279689999999999941e+02,5.970199999999999818e+01,1.280109999999999957e+02,5.975800000000000267e+01,1.935999999999999943e+00,-4.548999999999999984e-06,1.935999999999999943e+00,9.000000000000000000e+01,3.244000000000000217e+00,2.596999999999999975e+00,1.099999999999999936e-02,8.614000000000000239e-07,-2.500000000000000000e+00,2.599999999999999881e-02,8.785800000000000409e+01,8.999899999999999523e+01
2.125000000000000000e+00,1.349339999999999975e+02,1.309430000000000121e+02,5.923199999999999932e+01,1.309859999999999900e+02,5.929999999999999716e+01,2.101999999999999869e+00,1.498000000000000057e-05,2.101999999999999869e+00,9.000000000000000000e+01,3.380999999999999783e+00,2.833000000000000185e+00,9.099999999999999756e-02,8.970000000000000515e-07,-2.259999999999999787e+00,6.000000000000000125e-03,8.773799999999999955e+01,9.000499999999999545e+01
2.174999999999999822e+00,1.415550000000000068e+02,1.338930000000000007e+02,5.876100000000000279e+01,1.339389999999999930e+02,5.883599999999999852e+01,2.274000000000000021e+00,3.343999999999999832e-05,2.274000000000000021e+00,8.999899999999999523e+01,3.525999999999999801e+00,2.975000000000000089e+00,1.120000000000000023e-01,6.886999999999999664e-07,-1.870999999999999996e+00,5.000000000000000104e-03,8.763400000000000034e+01,9.000700000000000500e+01
2.225000000000000089e+00,1.483230000000000075e+02,1.368189999999999884e+02,5.828699999999999903e+01,1.368679999999999950e+02,5.836800000000000210e+01,2.455000000000000071e+00,5.000000000000000240e-05,2.455000000000000071e+00,8.999899999999999523e+01,3.677999999999999936e+00,3.077999999999999847e+00,1.239999999999999991e-01,1.041999999999999934e-06,-1.403999999999999915e+00,5.000000000000000104e-03,8.755200000000000671e+01,9.000700000000000500e+01
2.254000000000000004e+00,1.523580000000000041e+02,1.385229999999999961e+02,5.800699999999999790e+01,1.385749999999999886e+02,5.809100000000000108e+01,2.564000000000000057e+00,5.886999999999999709e-05,2.564000000000000057e+00,8.999899999999999523e+01,3.769000000000000128e+00,3.119000000000000217e+00,1.270000000000000018e-01,1.067999999999999981e-06,-1.098000000000000087e+00,6.000000000000000125e-03,8.751500000000000057e+01,9.000600000000000023e+01
2.298000000000000043e+00,1.585049999999999955e+02,1.410649999999999977e+02,5.762500000000000000e+01,1.411189999999999998e+02,5.771099999999999852e+01,2.732000000000000206e+00,7.118000000000000629e-05,2.732000000000000206e+00,8.999899999999999523e+01,3.907000000000000028e+00,3.142999999999999794e+00,1.189999999999999947e-01,1.117000000000000063e-06,-6.300000000000000044e-01,5.000000000000000104e-03,8.747700000000000387e+01,9.000300000000000011e+01
2.347999999999999865e+00,1.656299999999999955e+02,1.439360000000000070e+02,5.718699999999999761e+01,1.439929999999999950e+02,5.727499999999999858e+01,2.931999999999999940e+00,8.462999999999999440e-05,2.931999999999999940e+00,8.999800000000000466e+01,4.065000000000000391e+00,3.189999999999999947e+00,1.419999999999999873e-01,1.332999999999999985e-06,-4.000000000000000083e-02,8.000000000000000167e-03,8.745999999999999375e+01,8.999699999999999989e+01
2.398000000000000131e+00,1.728979999999999961e+02,1.467839999999999918e+02,5.674900000000000233e+01,1.468449999999999989e+02,5.683400000000000318e+01,3.138999999999999790e+00,9.956999999999999705e-05,3.138999999999999790e+00,8.999800000000000466e+01,4.222999999999999865e+00,3.108000000000000096e+00,1.100000000000000006e-01,2.043000000000000175e-06,5.590000000000000524e-01,8.000000000000000167e-03,8.747400000000000375e+01,8.998699999999999477e+01
2.447999999999999954e+00,1.803079999999999927e+02,1.496109999999999900e+02,5.631300000000000239e+01,1.496750000000000114e+02,5.638700000000000045e+01,3.354000000000000092e+00,1.189000000000000034e-04,3.354000000000000092e+00,8.999800000000000466e+01,4.373000000000000220e+00,2.878000000000000114e+00,1.299999999999999940e-02,2.213999999999999893e-06,8.639999999999999902e-01,4.100000000000000172e-02,8.751099999999999568e+01,8.998199999999999932e+01
2.498000000000000220e+00,1.878590000000000089e+02,1.524149999999999920e+02,5.586899999999999977e+01,1.524819999999999993e+02,5.593699999999999761e+01,3.576000000000000068e+00,1.436999999999999964e-04,3.576000000000000068e+00,8.999800000000000466e+01,4.512999999999999901e+00,2.754000000000000004e+00,1.600000000000000033e-02,2.242999999999999955e-06,-8.459999999999999742e-01,2.900000000000000147e-02,8.755500000000000682e+01,8.998399999999999466e+01
2.548000000000000043e+00,1.955490000000000066e+02,1.551970000000000027e+02,5.542099999999999937e+01,1.552669999999999959e+02,5.548199999999999932e+01,3.805000000000000160e+00,1.733000000000000111e-04,3.805000000000000160e+00,8.999699999999999989e+01,4.647000000000000242e+00,2.599000000000000199e+00,6.300000000000000044e-02,2.155000000000000120e-06,-6.310000000000000053e-01,8.000000000000000167e-03,8.759300000000000352e+01,8.999099999999999966e+01
2.553999999999999826e+00,1.964859999999999900e+02,1.555320000000000107e+02,5.536599999999999966e+01,1.556009999999999991e+02,5.542699999999999960e+01,3.833000000000000185e+00,1.770999999999999951e-04,3.833000000000000185e+00,8.999699999999999989e+01,4.663000000000000256e+00,2.592000000000000082e+00,6.300000000000000044e-02,2.154000000000000044e-06,-5.889999999999999680e-01,8.000000000000000167e-03,8.759600000000000364e+01,8.999200000000000443e+01
2.563000000000000167e+00,1.978950000000000102e+02,1.560320000000000107e+02,5.529399999999999693e+01,1.561020000000000039e+02,5.535499999999999687e+01,3.875000000000000000e+00,1.829000000000000005e-04,3.875000000000000000e+00,8.999699999999999989e+01,4.685999999999999943e+00,2.589999999999999858e+00,5.899999999999999689e-02,2.155000000000000120e-06,-5.280000000000000249e-01,6.000000000000000125e-03,8.760099999999999909e+01,8.999299999999999500e+01
2.576999999999999957e+00,2.000180000000000007e+02,1.567820000000000107e+02,5.518599999999999994e+01,1.568530000000000086e+02,5.524600000000000222e+01,3.939000000000000057e+00,1.916999999999999976e-04,3.939000000000000057e+00,8.999699999999999989e+01,4.721000000000000085e+00,2.588999999999999968e+00,5.299999999999999850e-02,2.154000000000000044e-06,-4.430000000000000049e-01,6.000000000000000125e-03,8.760800000000000409e+01,8.999500000000000455e+01
2.596999999999999975e+00,2.032210000000000036e+02,1.579029999999999916e+02,5.502300000000000324e+01,1.579759999999999991e+02,5.508400000000000318e+01,4.035999999999999588e+00,2.049999999999999956e-04,4.035999999999999588e+00,8.999699999999999989e+01,4.774000000000000021e+00,2.593999999999999861e+00,4.200000000000000261e-02,2.146999999999999942e-06,-3.370000000000000218e-01,5.000000000000000104e-03,8.761599999999999966e+01,8.999800000000000466e+01
2.628000000000000114e+00,2.080680000000000121e+02,1.595800000000000125e+02,5.477799999999999869e+01,1.596529999999999916e+02,5.483800000000000097e+01,4.182999999999999829e+00,2.251999999999999987e-04,4.182999999999999829e+00,8.999699999999999989e+01,4.852999999999999758e+00,2.568000000000000060e+00,4.399999999999999745e-02,2.120000000000000031e-06,-1.869999999999999996e-01,3.000000000000000062e-03,8.762399999999999523e+01,9.000100000000000477e+01
2.673000000000000043e+00,2.154339999999999975e+02,1.620800000000000125e+02,5.440800000000000125e+01,1.621560000000000059e+02,5.446600000000000108e+01,4.408000000000000362e+00,2.547000000000000110e-04,4.408000000000000362e+00,8.999699999999999989e+01,4.969999999999999751e+00,2.525999999999999801e+00,5.299999999999999850e-02,2.364999999999999803e-06,5.899999999999999689e-02,3.000000000000000062e-03,8.762699999999999534e+01,9.000400000000000489e+01
2.722999999999999865e+00,2.236049999999999898e+02,1.647899999999999920e+02,5.399799999999999756e+01,1.648689999999999998e+02,5.405700000000000216e+01,4.658999999999999808e+00,2.851999999999999934e-04,4.658999999999999808e+00,8.999599999999999511e+01,5.096000000000000085e+00,2.536000000000000032e+00,4.499999999999999833e-02,2.115000000000000079e-06,4.050000000000000266e-01,5.000000000000000104e-03,8.761499999999999488e+01,9.000600000000000023e+01
2.773000000000000131e+00,2.319120000000000061e+02,1.674799999999999898e+02,5.358200000000000074e+01,1.675610000000000070e+02,5.364399999999999835e+01,4.916999999999999815e+00,3.135999999999999790e-04,4.916999999999999815e+00,8.999599999999999511e+01,5.224000000000000199e+00,2.577999999999999847e+00,2.999999999999999889e-02,1.853999999999999952e-06,5.969999999999999751e-01,5.000000000000000104e-03,8.759000000000000341e+01,9.000400000000000489e+01
2.822999999999999954e+00,2.403530000000000086e+02,1.701479999999999961e+02,5.316100000000000136e+01,1.702330000000000041e+02,5.322699999999999676e+01,5.182000000000000384e+00,3.408999999999999921e-04,5.182000000000000384e+00,8.999599999999999511e+01,5.354000000000000092e+00,2.650999999999999801e+00,6.000000000000000125e-03,1.819000000000000075e-06,7.750000000000000222e-01,-6.000000000000000125e-03,8.755500000000000682e+01,8.999599999999999511e+01
2.854000000000000092e+00,2.456009999999999991e+02,1.717760000000000105e+02,5.289900000000000091e+01,1.718619999999999948e+02,5.296999999999999886e+01,5.347000000000000419e+00,3.580999999999999765e-04,5.347000000000000419e+00,8.999599999999999511e+01,5.437000000000000277e+00,2.741999999999999993e+00,2.500000000000000139e-02,1.816999999999999925e-06,-7.339999999999999858e-01,4.000000000000000083e-03,8.753199999999999648e+01,8.998999999999999488e+01
2.899999999999999911e+00,2.535649999999999977e+02,1.742009999999999934e+02,5.246000000000000085e+01,1.742899999999999920e+02,5.253699999999999903e+01,5.600999999999999979e+00,3.865000000000000163e-04,5.600999999999999979e+00,8.999599999999999511e+01,5.565000000000000391e+00,2.834999999999999964e+00,5.700000000000000205e-02,1.949999999999999965e-06,-4.630000000000000226e-01,7.000000000000000146e-03,8.750300000000000011e+01,8.997799999999999443e+01
2.950000000000000178e+00,2.623410000000000082e+02,1.768129999999999882e+02,5.198100000000000165e+01,1.769050000000000011e+02,5.206300000000000239e+01,5.883000000000000007e+00,4.253999999999999860e-04,5.883000000000000007e+00,8.999599999999999511e+01,5.709999999999999964e+00,2.920999999999999819e+00,9.299999999999999933e-02,1.876999999999999986e-06,9.600000000000000200e-02,8.000000000000000167e-03,8.749299999999999500e+01,8.996699999999999875e+01
3.000000000000000000e+00,2.712459999999999809e+02,1.794000000000000057e+02,5.151200000000000045e+01,1.794950000000000045e+02,5.158100000000000307e+01,6.171999999999999709e+00,4.761999999999999740e-04,6.171999999999999709e+00,8.999599999999999511e+01,5.849999999999999645e+00,2.674999999999999822e+00,1.200000000000000025e-02,2.056999999999999957e-06,4.909999999999999920e-01,4.200000000000000261e-02,8.751000000000000512e+01,8.996500000000000341e+01
3.049999999999999822e+00,2.802799999999999727e+02,1.819639999999999986e+02,5.103900000000000148e+01,1.820620000000000118e+02,5.109599999999999653e+01,6.466999999999999638e+00,5.391999999999999875e-04,6.466999999999999638e+00,8.999500000000000455e+01,5.977000000000000313e+00,2.428999999999999826e+00,6.199999999999999956e-02,2.256000000000000084e-06,-2.839999999999999747e-01,1.700000000000000122e-02,8.753199999999999648e+01,8.997799999999999443e+01
3.100000000000000089e+00,2.894420000000000073e+02,1.845029999999999859e+02,5.055299999999999727e+01,1.846040000000000134e+02,5.060999999999999943e+01,6.769000000000000128e+00,6.089000000000000011e-04,6.769000000000000128e+00,8.999500000000000455e+01,6.097999999999999865e+00,2.411999999999999922e+00,5.800000000000000294e-02,2.420000000000000123e-06,2.099999999999999922e-01,1.000000000000000021e-02,8.753400000000000603e+01,8.999299999999999500e+01
3.149999999999999911e+00,2.987300000000000182e+02,1.870190000000000055e+02,5.005599999999999739e+01,1.871220000000000141e+02,5.012199999999999989e+01,7.076999999999999957e+00,6.794000000000000343e-04,7.076999999999999957e+00,8.999399999999999977e+01,6.222000000000000419e+00,2.572999999999999954e+00,4.433999999999999899e-04,2.668000000000000121e-06,4.800000000000000100e-02,4.550000000000000155e-01,8.751500000000000057e+01,9.000000000000000000e+01
3.153999999999999915e+00,2.994710000000000036e+02,1.872170000000000130e+02,5.001700000000000301e+01,1.873199999999999932e+02,5.008299999999999841e+01,7.102000000000000313e+00,6.849000000000000053e-04,7.102000000000000313e+00,8.999399999999999977e+01,6.232000000000000206e+00,2.576999999999999957e+00,1.000000000000000021e-03,2.668000000000000121e-06,-4.349999999999999978e-01,1.429999999999999882e-01,8.751300000000000523e+01,9.000000000000000000e+01
3.160000000000000142e+00,3.005840000000000032e+02,1.875140000000000100e+02,4.995499999999999829e+01,1.876179999999999950e+02,5.002199999999999847e+01,7.139000000000000234e+00,6.932000000000000444e-04,7.139000000000000234e+00,8.999399999999999977e+01,6.248000000000000220e+00,2.584000000000000075e+00,3.000000000000000062e-03,2.668000000000000121e-06,-4.520000000000000129e-01,5.899999999999999689e-02,8.751000000000000512e+01,9.000000000000000000e+01
3.169000000000000039e+00,3.022559999999999718e+02,1.879579999999999984e+02,4.986299999999999955e+01,1.880629999999999882e+02,4.993099999999999739e+01,7.195000000000000284e+00,7.054999999999999639e-04,7.195000000000000284e+00,8.999399999999999977e+01,6.270999999999999908e+00,2.592999999999999972e+00,6.000000000000000125e-03,2.667000000000000046e-06,-4.460000000000000075e-01,3.099999999999999978e-02,8.750600000000000023e+01,9.000000000000000000e+01
3.181999999999999940e+00,3.047710000000000150e+02,1.886229999999999905e+02,4.972500000000000142e+01,1.887290000000000134e+02,4.979299999999999926e+01,7.278999999999999915e+00,7.238000000000000293e-04,7.278999999999999915e+00,8.999399999999999977e+01,6.304999999999999716e+00,2.604999999999999982e+00,1.099999999999999936e-02,2.667000000000000046e-06,-4.269999999999999907e-01,1.700000000000000122e-02,8.750100000000000477e+01,9.000000000000000000e+01
3.201999999999999957e+00,3.085609999999999786e+02,1.896179999999999950e+02,4.951800000000000068e+01,1.897239999999999895e+02,4.958700000000000330e+01,7.405999999999999694e+00,7.510000000000000399e-04,7.405999999999999694e+00,8.999399999999999977e+01,6.357999999999999652e+00,2.621999999999999886e+00,1.600000000000000033e-02,2.656000000000000066e-06,-3.820000000000000062e-01,1.000000000000000021e-02,8.749200000000000443e+01,9.000000000000000000e+01
3.232000000000000206e+00,3.142830000000000155e+02,1.911020000000000039e+02,4.920600000000000307e+01,1.912100000000000080e+02,4.927600000000000335e+01,7.597999999999999865e+00,7.912000000000000413e-04,7.597999999999999865e+00,8.999399999999999977e+01,6.437000000000000277e+00,2.634999999999999787e+00,2.199999999999999872e-02,2.646000000000000162e-06,-2.780000000000000249e-01,7.000000000000000146e-03,8.748199999999999932e+01,8.999899999999999523e+01
3.277000000000000135e+00,3.229499999999999886e+02,1.933100000000000023e+02,4.873700000000000188e+01,1.934209999999999923e+02,4.880700000000000216e+01,7.891000000000000014e+00,8.507999999999999721e-04,7.891000000000000014e+00,8.999399999999999977e+01,6.556000000000000050e+00,2.625000000000000000e+00,2.199999999999999872e-02,2.774000000000000038e-06,-9.199999999999999845e-02,4.000000000000000083e-03,8.747400000000000375e+01,8.999500000000000455e+01
3.326999999999999957e+00,3.326759999999999877e+02,1.957330000000000041e+02,4.821399999999999864e+01,1.958480000000000132e+02,4.828499999999999659e+01,8.221999999999999531e+00,9.175000000000000213e-04,8.221999999999999531e+00,8.999399999999999977e+01,6.685999999999999943e+00,2.616000000000000103e+00,2.599999999999999881e-02,2.820000000000000105e-06,1.010000000000000064e-01,4.000000000000000083e-03,8.747400000000000375e+01,8.998900000000000432e+01
3.376999999999999780e+00,3.425230000000000246e+02,1.981310000000000002e+02,4.769299999999999784e+01,1.982479999999999905e+02,4.775800000000000267e+01,8.558999999999999275e+00,9.867999999999999168e-04,8.558999999999999275e+00,8.999299999999999500e+01,6.815999999999999837e+00,2.487999999999999989e+00,4.000000000000000083e-03,2.674999999999999800e-06,-2.999999999999999889e-01,1.600000000000000033e-02,8.748499999999999943e+01,8.998499999999999943e+01
3.427000000000000046e+00,3.524889999999999759e+02,2.005029999999999859e+02,4.717000000000000171e+01,2.006229999999999905e+02,4.722699999999999676e+01,8.903000000000000469e+00,1.000000000000000021e-03,8.903000000000000469e+00,8.999299999999999500e+01,6.934999999999999609e+00,2.325000000000000178e+00,4.200000000000000261e-02,2.864000000000000023e-06,-3.300000000000000155e-02,9.968999999999999997e-04,8.749500000000000455e+01,8.998000000000000398e+01
3.454000000000000181e+00,3.578399999999999750e+02,2.017539999999999907e+02,4.688799999999999812e+01,2.018750000000000000e+02,4.694400000000000261e+01,9.087999999999999190e+00,1.000000000000000021e-03,9.087999999999999190e+00,8.999299999999999500e+01,6.996000000000000441e+00,2.294000000000000039e+00,4.700000000000000011e-02,2.833999999999999887e-06,2.109999999999999931e-01,1.632000000000000096e-04,8.749299999999999500e+01,8.998099999999999454e+01
3.494000000000000217e+00,3.659289999999999736e+02,2.036169999999999902e+02,4.650200000000000244e+01,2.037410000000000139e+02,4.656099999999999994e+01,9.369999999999999218e+00,1.000000000000000021e-03,9.369999999999999218e+00,8.999299999999999500e+01,7.088000000000000078e+00,2.331999999999999851e+00,3.500000000000000333e-02,3.141000000000000081e-06,5.470000000000000417e-01,-2.000000000000000042e-03,8.747700000000000387e+01,8.998199999999999932e+01
3.544000000000000039e+00,3.761680000000000064e+02,2.059300000000000068e+02,4.601200000000000045e+01,2.060560000000000116e+02,4.607900000000000063e+01,9.727000000000000313e+00,1.000000000000000021e-03,9.727000000000000313e+00,8.999299999999999500e+01,7.208999999999999631e+00,2.482000000000000206e+00,5.000000000000000104e-03,3.209000000000000108e-06,-7.039999999999999591e-01,-1.600000000000000033e-02,8.744400000000000261e+01,8.998699999999999477e+01
3.593999999999999861e+00,3.865219999999999914e+02,2.082189999999999941e+02,4.552000000000000313e+01,2.083480000000000132e+02,4.559400000000000119e+01,1.009099999999999930e+01,1.000000000000000021e-03,1.009099999999999930e+01,8.999200000000000443e+01,7.336000000000000298e+00,2.596000000000000085e+00,3.400000000000000244e-02,2.949000000000000056e-06,-4.929999999999999938e-01,-5.000000000000000104e-03,8.741299999999999670e+01,8.999699999999999989e+01
3.644000000000000128e+00,3.969889999999999759e+02,2.104819999999999993e+02,4.503300000000000125e+01,2.106150000000000091e+02,4.510300000000000153e+01,1.046100000000000030e+01,1.000000000000000021e-03,1.046100000000000030e+01,8.999200000000000443e+01,7.464000000000000412e+00,2.512000000000000011e+00,1.200000000000000025e-02,3.133999999999999979e-06,-2.089999999999999913e-01,6.000000000000000125e-03,8.739700000000000557e+01,9.000199999999999534e+01
3.693999999999999950e+00,4.075699999999999932e+02,2.127220000000000084e+02,4.453999999999999915e+01,2.128569999999999993e+02,4.461200000000000188e+01,1.083699999999999974e+01,2.000000000000000042e-03,1.083699999999999974e+01,8.999200000000000443e+01,7.589999999999999858e+00,2.533999999999999808e+00,2.199999999999999872e-02,2.849999999999999818e-06,-2.100000000000000130e-02,-9.834999999999999992e-04,8.739000000000000057e+01,9.000400000000000489e+01
3.744000000000000217e+00,4.182610000000000241e+02,2.149370000000000118e+02,4.404899999999999949e+01,2.150749999999999886e+02,4.411699999999999733e+01,1.122000000000000064e+01,2.000000000000000042e-03,1.122000000000000064e+01,8.999200000000000443e+01,7.714999999999999858e+00,2.455000000000000071e+00,8.000000000000000167e-03,2.726999999999999895e-06,1.729999999999999871e-01,4.000000000000000083e-03,8.739499999999999602e+01,9.000000000000000000e+01
3.758000000000000007e+00,4.212939999999999827e+02,2.155560000000000116e+02,4.390999999999999659e+01,2.156949999999999932e+02,4.397699999999999676e+01,1.132799999999999940e+01,2.000000000000000042e-03,1.132799999999999940e+01,8.999200000000000443e+01,7.748999999999999666e+00,2.427000000000000046e+00,4.000000000000000083e-03,2.726999999999999895e-06,1.930000000000000049e-01,2.000000000000000042e-03,8.739700000000000557e+01,8.999599999999999511e+01
3.778999999999999915e+00,4.258600000000000136e+02,2.164819999999999993e+02,4.368800000000000239e+01,2.166220000000000141e+02,4.375300000000000011e+01,1.149300000000000033e+01,2.000000000000000042e-03,1.149300000000000033e+01,8.999200000000000443e+01,7.799999999999999822e+00,2.388999999999999790e+00,3.000000000000000062e-03,2.726999999999999895e-06,-1.980000000000000093e-01,-8.999999999999999320e-03,8.740099999999999625e+01,8.998799999999999955e+01
3.810999999999999943e+00,4.327450000000000045e+02,2.178619999999999948e+02,4.335300000000000153e+01,2.180039999999999907e+02,4.341700000000000159e+01,1.174099999999999966e+01,2.000000000000000042e-03,1.174099999999999966e+01,8.999200000000000443e+01,7.875000000000000000e+00,2.359999999999999876e+00,5.000000000000000104e-03,2.708999999999999813e-06,-1.459999999999999909e-01,6.000000000000000125e-03,8.740699999999999648e+01,8.997799999999999443e+01
3.858000000000000096e+00,4.431549999999999727e+02,2.199110000000000014e+02,4.284599999999999653e+01,2.200560000000000116e+02,4.291199999999999903e+01,1.211899999999999977e+01,2.000000000000000042e-03,1.211899999999999977e+01,8.999200000000000443e+01,7.988000000000000433e+00,2.374000000000000110e+00,6.000000000000000125e-03,2.663000000000000169e-06,1.670000000000000095e-01,2.599999999999999881e-02,8.741400000000000148e+01,8.997100000000000364e+01
3.907999999999999918e+00,4.542040000000000077e+02,2.220399999999999920e+02,4.231400000000000006e+01,2.221879999999999882e+02,4.237700000000000244e+01,1.252100000000000080e+01,2.000000000000000042e-03,1.252100000000000080e+01,8.999099999999999966e+01,8.105000000000000426e+00,2.305000000000000160e+00,3.000000000000000062e-03,2.708999999999999813e-06,-1.869999999999999996e-01,5.000000000000000278e-02,8.742300000000000182e+01,8.997400000000000375e+01
3.958000000000000185e+00,4.653580000000000041e+02,2.241430000000000007e+02,4.178000000000000114e+01,2.242930000000000064e+02,4.184000000000000341e+01,1.292900000000000027e+01,2.000000000000000042e-03,1.292900000000000027e+01,8.999099999999999966e+01,8.218999999999999417e+00,2.226999999999999869e+00,1.400000000000000029e-02,2.769000000000000085e-06,-1.069999999999999979e-01,8.999999999999999320e-03,8.743099999999999739e+01,8.998399999999999466e+01
4.008000000000000007e+00,4.766170000000000186e+02,2.262179999999999893e+02,4.124600000000000222e+01,2.263720000000000141e+02,4.129899999999999949e+01,1.334299999999999997e+01,2.000000000000000042e-03,1.334299999999999997e+01,8.999099999999999966e+01,8.326000000000000512e+00,2.088999999999999968e+00,3.899999999999999994e-02,3.018999999999999809e-06,2.590000000000000080e-01,1.700000000000000122e-02,8.742900000000000205e+01,8.999800000000000466e+01
4.057999999999999829e+00,4.879800000000000182e+02,2.282669999999999959e+02,4.070400000000000063e+01,2.284230000000000018e+02,4.075800000000000267e+01,1.376200000000000045e+01,2.000000000000000042e-03,1.376200000000000045e+01,8.999099999999999966e+01,8.429999999999999716e+00,2.107000000000000206e+00,3.400000000000000244e-02,1.824000000000000028e-06,7.950000000000000400e-01,2.999999999999999889e-02,8.740200000000000102e+01,9.000700000000000500e+01
4.062000000000000277e+00,4.888029999999999973e+02,2.284139999999999873e+02,4.066400000000000148e+01,2.285699999999999932e+02,4.071900000000000119e+01,1.379199999999999982e+01,2.000000000000000042e-03,1.379199999999999982e+01,8.999099999999999966e+01,8.438000000000000611e+00,2.117999999999999883e+00,3.200000000000000067e-02,1.824000000000000028e-06,8.279999999999999583e-01,3.200000000000000067e-02,8.739900000000000091e+01,9.000799999999999557e+01
4.067000000000000171e+00,4.900380000000000109e+02,2.286339999999999861e+02,4.059899999999999665e+01,2.287899999999999920e+02,4.065500000000000114e+01,1.383799999999999919e+01,2.000000000000000042e-03,1.383799999999999919e+01,8.999099999999999966e+01,8.449999999999999289e+00,2.136000000000000121e+00,2.800000000000000058e-02,1.822999999999999952e-06,8.719999999999999973e-01,3.599999999999999728e-02,8.739499999999999602e+01,9.000900000000000034e+01
4.075999999999999623e+00,4.918940000000000055e+02,2.289619999999999891e+02,4.050000000000000000e+01,2.291189999999999998e+02,4.055799999999999983e+01,1.390600000000000058e+01,2.000000000000000042e-03,1.390600000000000058e+01,8.999099999999999966e+01,8.467000000000000526e+00,2.164000000000000146e+00,2.299999999999999961e-02,1.821000000000000014e-06,9.280000000000000471e-01,4.499999999999999833e-02,8.738700000000000045e+01,9.001000000000000512e+01
4.088000000000000078e+00,4.946820000000000164e+02,2.294540000000000077e+02,4.035199999999999676e+01,2.296109999999999900e+02,4.041299999999999670e+01,1.400900000000000034e+01,2.000000000000000042e-03,1.400900000000000034e+01,8.999099999999999966e+01,8.493999999999999773e+00,2.209999999999999964e+00,1.299999999999999940e-02,1.822999999999999952e-06,9.839999999999999858e-01,7.900000000000000078e-02,8.737600000000000477e+01,9.001099999999999568e+01
4.105999999999999872e+00,4.988750000000000000e+02,2.301879999999999882e+02,4.013100000000000023e+01,2.303470000000000084e+02,4.019500000000000028e+01,1.416499999999999915e+01,2.000000000000000042e-03,1.416499999999999915e+01,8.999099999999999966e+01,8.534000000000000696e+00,2.270000000000000018e+00,2.000000000000000042e-03,1.822999999999999952e-06,7.530000000000000027e-01,6.870000000000000551e-01,8.735699999999999932e+01,9.001099999999999568e+01
4.133000000000000007e+00,5.051909999999999741e+02,2.312820000000000107e+02,3.979899999999999949e+01,2.314420000000000073e+02,3.986599999999999966e+01,1.439899999999999913e+01,2.000000000000000042e-03,1.439899999999999913e+01,8.999099999999999966e+01,8.596999999999999531e+00,2.318000000000000060e+00,8.000000000000000167e-03,1.828999999999999980e-06,-9.899999999999999911e-01,1.209999999999999964e-01,8.732999999999999829e+01,9.000799999999999557e+01
4.174000000000000377e+00,5.147200000000000273e+02,2.329060000000000059e+02,3.929800000000000182e+01,2.330680000000000121e+02,3.937400000000000233e+01,1.475399999999999956e+01,2.000000000000000042e-03,1.475399999999999956e+01,8.998999999999999488e+01,8.694000000000000838e+00,2.442000000000000171e+00,3.200000000000000067e-02,1.945000000000000013e-06,-8.060000000000000497e-01,1.899999999999999953e-02,8.729200000000000159e+01,9.000199999999999534e+01
4.224000000000000199e+00,5.264139999999999873e+02,2.348559999999999945e+02,3.869100000000000250e+01,2.350209999999999866e+02,3.877300000000000324e+01,1.519200000000000017e+01,3.000000000000000062e-03,1.519200000000000017e+01,8.998999999999999488e+01,8.819000000000000838e+00,2.520000000000000018e+00,4.900000000000000189e-02,2.475000000000000020e-06,-1.570000000000000007e-01,1.600000000000000033e-02,8.726699999999999591e+01,8.998900000000000432e+01
4.274000000000000021e+00,5.382050000000000409e+02,2.367750000000000057e+02,3.809100000000000108e+01,2.369439999999999884e+02,3.816700000000000159e+01,1.563599999999999923e+01,3.000000000000000062e-03,1.563599999999999923e+01,8.998999999999999488e+01,8.942999999999999616e+00,2.406000000000000139e+00,3.300000000000000155e-02,2.766999999999999935e-06,4.689999999999999725e-01,1.799999999999999864e-02,8.727599999999999625e+01,8.997700000000000387e+01
4.323999999999999844e+00,5.500910000000000082e+02,2.386649999999999920e+02,3.749099999999999966e+01,2.388369999999999891e+02,3.755899999999999750e+01,1.608599999999999852e+01,3.000000000000000062e-03,1.608599999999999852e+01,8.998999999999999488e+01,9.057999999999999829e+00,2.248000000000000220e+00,1.099999999999999936e-02,2.584000000000000163e-06,7.289999999999999813e-01,7.099999999999999367e-02,8.730700000000000216e+01,8.996899999999999409e+01
4.362000000000000099e+00,5.591019999999999754e+02,2.400680000000000121e+02,3.703900000000000148e+01,2.402419999999999902e+02,3.710000000000000142e+01,1.642899999999999849e+01,3.000000000000000062e-03,1.642899999999999849e+01,8.998999999999999488e+01,9.141000000000000014e+00,2.121999999999999886e+00,5.000000000000000104e-03,2.681999999999999902e-06,-7.680000000000000160e-01,1.469999999999999918e-01,8.733599999999999852e+01,8.996800000000000352e+01
4.411999999999999922e+00,5.711509999999999536e+02,2.419039999999999964e+02,3.640100000000000335e+01,2.420800000000000125e+02,3.645100000000000051e+01,1.688800000000000168e+01,3.000000000000000062e-03,1.688800000000000168e+01,8.998999999999999488e+01,9.242000000000000881e+00,1.907999999999999918e+00,3.599999999999999728e-02,3.159000000000000163e-06,-4.380000000000000004e-01,2.100000000000000130e-02,8.736799999999999500e+01,8.998600000000000421e+01
4.461999999999999744e+00,5.832920000000000300e+02,2.437079999999999984e+02,3.575500000000000256e+01,2.438859999999999957e+02,3.580299999999999727e+01,1.735300000000000153e+01,3.000000000000000062e-03,1.735300000000000153e+01,8.998999999999999488e+01,9.335000000000000853e+00,1.844000000000000083e+00,4.100000000000000172e-02,2.988000000000000021e-06,2.270000000000000073e-01,3.000000000000000062e-03,8.737399999999999523e+01,8.999899999999999523e+01
4.511999999999999567e+00,5.955220000000000482e+02,2.454790000000000134e+02,3.510000000000000142e+01,2.456599999999999966e+02,3.515599999999999881e+01,1.782199999999999918e+01,3.000000000000000062e-03,1.782199999999999918e+01,8.998999999999999488e+01,9.429000000000000270e+00,1.987999999999999989e+00,1.099999999999999936e-02,3.063999999999999802e-06,7.129999999999999671e-01,-2.000000000000000042e-02,8.734799999999999898e+01,8.998699999999999477e+01
4.562000000000000277e+00,6.078390000000000555e+02,2.472179999999999893e+02,3.443999999999999773e+01,2.474010000000000105e+02,3.451100000000000279e+01,1.829599999999999937e+01,3.000000000000000062e-03,1.829599999999999937e+01,8.998999999999999488e+01,9.535999999999999588e+00,2.209000000000000075e+00,3.099999999999999978e-02,3.364999999999999969e-06,-4.689999999999999725e-01,-4.000000000000000083e-03,8.731600000000000250e+01,8.996999999999999886e+01
4.612000000000000099e+00,6.202430000000000518e+02,2.489230000000000018e+02,3.379399999999999693e+01,2.491100000000000136e+02,3.386099999999999710e+01,1.877499999999999858e+01,3.000000000000000062e-03,1.877499999999999858e+01,8.998900000000000432e+01,9.644999999999999574e+00,2.134999999999999787e+00,2.100000000000000130e-02,4.643999999999999921e-06,1.499999999999999944e-02,-7.000000000000000146e-03,8.730500000000000682e+01,8.997100000000000364e+01
4.663000000000000256e+00,6.329819999999999709e+02,2.506299999999999955e+02,3.313900000000000290e+01,2.508199999999999932e+02,3.319599999999999795e+01,1.926999999999999957e+01,4.000000000000000083e-03,1.926999999999999957e+01,8.998900000000000432e+01,9.749000000000000554e+00,1.949999999999999956e+00,6.000000000000000125e-03,4.587000000000000297e-06,-1.580000000000000016e-01,1.700000000000000122e-02,8.731199999999999761e+01,8.998199999999999932e+01
4.713000000000000078e+00,6.455539999999999736e+02,2.522719999999999914e+02,3.255299999999999727e+01,2.524639999999999986e+02,3.260699999999999932e+01,1.976000000000000156e+01,4.000000000000000083e-03,1.976000000000000156e+01,8.998900000000000432e+01,9.842999999999999972e+00,1.885000000000000009e+00,1.200000000000000025e-02,5.168999999999999977e-06,9.199999999999999845e-02,1.499999999999999944e-02,8.731300000000000239e+01,8.999699999999999989e+01
4.762999999999999901e+00,6.582079999999999700e+02,2.538849999999999909e+02,3.195400000000000063e+01,2.540800000000000125e+02,3.202100000000000080e+01,2.025400000000000134e+01,4.000000000000000083e-03,2.025400000000000134e+01,8.998900000000000432e+01,9.942000000000000171e+00,2.064000000000000057e+00,2.400000000000000050e-02,5.039000000000000374e-06,1.400000000000000029e-02,-7.000000000000000146e-03,8.730899999999999750e+01,9.000600000000000023e+01
4.812999999999999723e+00,6.709420000000000073e+02,2.554679999999999893e+02,3.136199999999999832e+01,2.556649999999999920e+02,3.142999999999999972e+01,2.075400000000000134e+01,4.000000000000000083e-03,2.075400000000000134e+01,8.998900000000000432e+01,1.004700000000000060e+01,2.056999999999999940e+00,2.900000000000000147e-02,5.628999999999999808e-06,6.310000000000000053e-01,-2.599999999999999881e-02,8.732500000000000284e+01,9.001000000000000512e+01
4.863000000000000433e+00,6.837549999999999955e+02,2.570219999999999914e+02,3.078500000000000014e+01,2.572219999999999800e+02,3.083200000000000074e+01,2.125900000000000034e+01,4.000000000000000083e-03,2.125900000000000034e+01,8.998900000000000432e+01,1.014100000000000001e+01,1.705000000000000071e+00,2.299999999999999961e-02,5.896999999999999614e-06,-6.610000000000000320e-01,-3.699999999999999817e-02,8.736100000000000421e+01,9.000300000000000011e+01
4.913000000000000256e+00,6.966440000000000055e+02,2.585459999999999923e+02,3.019900000000000162e+01,2.587479999999999905e+02,3.023900000000000077e+01,2.176800000000000068e+01,4.000000000000000083e-03,2.176800000000000068e+01,8.998900000000000432e+01,1.022100000000000009e+01,1.550999999999999934e+00,4.200000000000000261e-02,4.222000000000000404e-06,1.899999999999999953e-02,-1.400000000000000029e-02,8.737800000000000011e+01,8.998300000000000409e+01
4.961999999999999744e+00,7.093490000000000464e+02,2.600120000000000005e+02,2.961100000000000065e+01,2.602160000000000082e+02,2.966100000000000136e+01,2.227100000000000080e+01,4.000000000000000083e-03,2.227100000000000080e+01,8.998799999999999955e+01,1.030000000000000071e+01,1.721999999999999975e+00,1.000000000000000021e-02,4.456000000000000196e-06,5.500000000000000444e-01,-6.199999999999999956e-02,8.736199999999999477e+01,8.996800000000000352e+01
5.011999999999999567e+00,7.223849999999999909e+02,2.614350000000000023e+02,2.731099999999999994e+01,2.616410000000000196e+02,2.737199999999999989e+01,2.278800000000000026e+01,5.000000000000000104e-03,2.278800000000000026e+01,8.998799999999999955e+01,1.039100000000000001e+01,1.814999999999999947e+00,2.000000000000000042e-02,4.653999999999999825e-06,-2.979999999999999871e-01,-1.099999999999999936e-02,8.733799999999999386e+01,8.995300000000000296e+01
5.062000000000000277e+00,7.354900000000000091e+02,2.627429999999999950e+02,2.503699999999999903e+01,2.629519999999999982e+02,2.508500000000000085e+01,2.330999999999999872e+01,5.000000000000000104e-03,2.330999999999999872e+01,8.998799999999999955e+01,1.047400000000000020e+01,1.542999999999999927e+00,8.000000000000000167e-03,4.223999999999999707e-06,2.479999999999999982e-01,-2.800000000000000058e-02,8.732699999999999818e+01,8.995399999999999352e+01
5.112000000000000099e+00,7.486580000000000155e+02,2.639379999999999882e+02,2.276399999999999935e+01,2.641490000000000009e+02,2.281400000000000006e+01,2.383500000000000085e+01,5.000000000000000104e-03,2.383500000000000085e+01,8.998799999999999955e+01,1.055000000000000071e+01,1.520000000000000018e+00,4.000000000000000083e-03,4.329000000000000396e-06,-2.909999999999999809e-01,-3.400000000000000244e-02,8.731300000000000239e+01,8.998099999999999454e+01
5.161999999999999922e+00,7.618819999999999482e+02,2.650199999999999818e+02,2.050100000000000122e+01,2.652330000000000041e+02,2.055600000000000094e+01,2.436499999999999844e+01,5.000000000000000104e-03,2.436499999999999844e+01,8.998799999999999955e+01,1.062599999999999945e+01,1.506000000000000005e+00,1.799999999999999864e-02,3.554999999999999844e-06,-4.000000000000000083e-02,-1.799999999999999864e-02,8.730400000000000205e+01,9.001500000000000057e+01
5.211999999999999744e+00,7.751580000000000155e+02,2.659889999999999759e+02,1.825700000000000145e+01,2.662040000000000077e+02,1.830499999999999972e+01,2.489799999999999969e+01,5.000000000000000104e-03,2.489799999999999969e+01,8.998799999999999955e+01,1.069800000000000040e+01,1.312000000000000055e+00,5.000000000000000104e-03,2.708000000000000161e-06,2.879999999999999782e-01,-6.700000000000000400e-02,8.731100000000000705e+01,9.001699999999999591e+01
5.261999999999999567e+00,7.884790000000000418e+02,2.668460000000000036e+02,1.603099999999999881e+01,2.670629999999999882e+02,1.606200000000000117e+01,2.543400000000000105e+01,5.000000000000000104e-03,2.543400000000000105e+01,8.998799999999999955e+01,1.075399999999999956e+01,9.979999999999999982e-01,2.800000000000000058e-02,2.195999999999999812e-06,7.499999999999999722e-02,-3.799999999999999906e-02,8.731900000000000261e+01,8.998099999999999454e+01
5.312000000000000277e+00,8.018410000000000082e+02,2.675930000000000177e+02,1.386700000000000088e+01,2.678109999999999786e+02,1.390700000000000003e+01,2.597299999999999898e+01,6.000000000000000125e-03,2.597299999999999898e+01,8.998799999999999955e+01,1.080499999999999972e+01,1.054000000000000048e+00,4.000000000000000083e-03,1.998999999999999834e-06,3.519999999999999796e-01,-2.129999999999999949e-01,8.730500000000000682e+01,8.994100000000000250e+01
5.362000000000000099e+00,8.152369999999999663e+02,2.682330000000000041e+02,1.171499999999999986e+01,2.684529999999999745e+02,1.177100000000000080e+01,2.651500000000000057e+01,6.000000000000000125e-03,2.651500000000000057e+01,8.998699999999999477e+01,1.085899999999999999e+01,1.147000000000000020e+00,2.500000000000000139e-02,1.247999999999999952e-06,-2.510000000000000009e-01,-4.100000000000000172e-02,8.728600000000000136e+01,8.993500000000000227e+01
5.411999999999999922e+00,8.286620000000000346e+02,2.687649999999999864e+02,9.583999999999999631e+00,2.689870000000000232e+02,9.647999999999999687e+00,2.705900000000000105e+01,6.000000000000000125e-03,2.705900000000000105e+01,8.998699999999999477e+01,1.091999999999999993e+01,1.114999999999999991e+00,3.599999999999999728e-02,-5.602999999999999548e-07,6.320000000000000062e-01,-3.099999999999999978e-02,8.729500000000000171e+01,8.996899999999999409e+01
5.461999999999999744e+00,8.421119999999999663e+02,2.691920000000000073e+02,7.490000000000000213e+00,2.694150000000000205e+02,7.508000000000000007e+00,2.760600000000000165e+01,6.000000000000000125e-03,2.760600000000000165e+01,8.998699999999999477e+01,1.095899999999999963e+01,5.110000000000000098e-01,4.000000000000000083e-02,-8.164000000000000312e-07,-5.350000000000000311e-01,1.099999999999999936e-02,8.732999999999999829e+01,9.000400000000000489e+01
5.511999999999999567e+00,8.555800000000000409e+02,2.695140000000000100e+02,5.392000000000000348e+00,2.697379999999999995e+02,5.399000000000000021e+00,2.815500000000000114e+01,7.000000000000000146e-03,2.815500000000000114e+01,8.998699999999999477e+01,1.097799999999999976e+01,2.839999999999999747e-01,5.999999999999999778e-02,-2.020999999999999793e-06,5.989999999999999769e-01,2.199999999999999872e-02,8.732999999999999829e+01,9.001999999999999602e+01
5.562000000000000277e+00,8.690610000000000355e+02,2.697309999999999945e+02,3.287999999999999812e+00,2.699549999999999841e+02,3.321000000000000174e+00,2.870400000000000063e+01,7.000000000000000146e-03,2.870400000000000063e+01,8.998699999999999477e+01,1.099399999999999977e+01,4.709999999999999742e-01,1.799999999999999864e-02,0.000000000000000000e+00,1.590000000000000080e+00,4.299999999999999656e-02,8.727100000000000080e+01,9.000300000000000011e+01
5.567000000000000171e+00,8.704099999999999682e+02,2.697470000000000141e+02,3.076999999999999957e+00,2.699710000000000036e+02,3.120999999999999996e+00,2.875900000000000034e+01,7.000000000000000146e-03,2.875900000000000034e+01,8.998699999999999477e+01,1.099699999999999989e+01,5.250000000000000222e-01,8.999999999999999320e-03,0.000000000000000000e+00,1.616000000000000103e+00,9.600000000000000200e-02,8.726300000000000523e+01,8.999800000000000466e+01
5.575000000000000178e+00,8.724329999999999927e+02,2.697690000000000055e+02,2.857000000000000206e+00,2.699929999999999950e+02,2.922000000000000153e+00,2.884199999999999875e+01,7.000000000000000146e-03,2.884199999999999875e+01,8.998600000000000421e+01,1.100099999999999945e+01,6.109999999999999876e-01,6.000000000000000125e-03,0.000000000000000000e+00,-1.614000000000000101e+00,1.549999999999999989e-01,8.725100000000000477e+01,8.999200000000000443e+01
5.586000000000000298e+00,8.754679999999999609e+02,2.698000000000000114e+02,2.528000000000000025e+00,2.700240000000000009e+02,2.633000000000000007e+00,2.896499999999999986e+01,7.000000000000000146e-03,2.896499999999999986e+01,8.998600000000000421e+01,1.100900000000000034e+01,7.359999999999999876e-01,2.699999999999999969e-02,0.000000000000000000e+00,-1.544000000000000039e+00,3.699999999999999817e-02,8.723300000000000409e+01,8.998300000000000409e+01
5.602999999999999758e+00,8.800209999999999582e+02,2.698380000000000223e+02,2.036999999999999922e+00,2.700629999999999882e+02,2.221000000000000085e+00,2.915099999999999980e+01,7.000000000000000146e-03,2.915099999999999980e+01,8.998600000000000421e+01,1.102200000000000024e+01,8.840000000000000080e-01,5.299999999999999850e-02,3.088000000000000123e-07,-1.250999999999999890e+00,1.899999999999999953e-02,8.720900000000000318e+01,8.996999999999999886e+01
5.628000000000000114e+00,8.868519999999999754e+02,2.698799999999999955e+02,1.312999999999999945e+00,2.701059999999999945e+02,1.590999999999999970e+00,2.943100000000000094e+01,7.000000000000000146e-03,2.943100000000000094e+01,8.998600000000000421e+01,1.104499999999999993e+01,8.990000000000000213e-01,5.899999999999999689e-02,0.000000000000000000e+00,-6.260000000000000009e-01,1.400000000000000029e-02,8.718500000000000227e+01,8.995399999999999352e+01
5.666000000000000369e+00,8.971000000000000227e+02,2.699100000000000250e+02,2.389999999999999902e-01,2.701370000000000005e+02,8.159999999999999476e-01,2.985099999999999909e+01,7.000000000000000146e-03,2.985099999999999909e+01,8.998600000000000421e+01,1.107699999999999996e+01,7.810000000000000275e-01,4.900000000000000189e-02,4.857999999999999693e-07,2.580000000000000071e-01,1.499999999999999944e-02,8.717900000000000205e+01,8.993999999999999773e+01
5.716000000000000192e+00,9.105950000000000273e+02,2.698870000000000005e+02,-1.157000000000000028e+00,2.701150000000000091e+02,1.241999999999999993e+00,3.040500000000000114e+01,7.000000000000000146e-03,3.040500000000000114e+01,8.998600000000000421e+01,1.110899999999999999e+01,4.510000000000000120e-01,1.000000000000000021e-02,4.062999999999999788e-07,9.519999999999999574e-01,4.000000000000000083e-02,8.721299999999999386e+01,8.995999999999999375e+01
5.766000000000000014e+00,9.240879999999999654e+02,2.697939999999999827e+02,-2.543000000000000149e+00,2.700240000000000009e+02,2.547000000000000153e+00,3.096099999999999852e+01,8.000000000000000167e-03,3.096099999999999852e+01,8.998600000000000421e+01,1.112199999999999989e+01,1.439999999999999891e-01,2.599999999999999881e-02,1.053999999999999988e-06,-6.830000000000000515e-01,3.000000000000000062e-03,8.725700000000000500e+01,9.000600000000000023e+01
5.815999999999999837e+00,9.375729999999999791e+02,2.696329999999999814e+02,-3.926000000000000156e+00,2.698620000000000232e+02,3.926000000000000156e+00,3.151699999999999946e+01,8.000000000000000167e-03,3.151699999999999946e+01,8.998600000000000421e+01,1.112700000000000067e+01,1.499999999999999944e-02,3.899999999999999994e-02,-3.852999999999999892e-07,-1.370000000000000107e-01,-5.000000000000000104e-03,8.727800000000000580e+01,9.002500000000000568e+01
5.865999999999999659e+00,9.510499999999999545e+02,2.694019999999999868e+02,-5.301999999999999602e+00,2.696309999999999718e+02,5.304000000000000270e+00,3.207399999999999807e+01,8.000000000000000167e-03,3.207399999999999807e+01,8.998600000000000421e+01,1.112100000000000044e+01,1.170000000000000068e-01,4.599999999999999922e-02,-2.910000000000000091e-06,9.499999999999999556e-01,-2.100000000000000130e-02,8.725799999999999557e+01,9.000100000000000477e+01
5.871000000000000441e+00,9.524220000000000255e+02,2.693750000000000000e+02,-5.443999999999999950e+00,2.696039999999999850e+02,5.445000000000000284e+00,3.213000000000000256e+01,8.000000000000000167e-03,3.213000000000000256e+01,8.998600000000000421e+01,1.112100000000000044e+01,8.899999999999999578e-02,4.100000000000000172e-02,-2.910000000000000091e-06,1.040999999999999925e+00,-2.299999999999999961e-02,8.725300000000000011e+01,8.999699999999999989e+01
5.878999999999999559e+00,9.544800000000000182e+02,2.693319999999999936e+02,-5.604000000000000092e+00,2.695620000000000118e+02,5.604000000000000092e+00,3.221500000000000341e+01,8.000000000000000167e-03,3.221500000000000341e+01,8.998600000000000421e+01,1.111999999999999922e+01,4.000000000000000083e-02,3.200000000000000067e-02,-2.900999999999999838e-06,1.157000000000000028e+00,-3.099999999999999978e-02,8.724399999999999977e+01,8.998999999999999488e+01
5.889999999999999680e+00,9.575660000000000309e+02,2.692669999999999959e+02,-5.844999999999999751e+00,2.694959999999999809e+02,5.844999999999999751e+00,3.234300000000000352e+01,8.000000000000000167e-03,3.234300000000000352e+01,8.998499999999999943e+01,1.111999999999999922e+01,4.100000000000000172e-02,1.799999999999999864e-02,-2.905000000000000139e-06,1.278999999999999915e+00,-5.099999999999999672e-02,8.723000000000000398e+01,8.998000000000000398e+01
5.907000000000000028e+00,9.621939999999999600e+02,2.691630000000000109e+02,-6.206000000000000405e+00,2.693929999999999723e+02,6.208000000000000185e+00,3.253399999999999892e+01,8.000000000000000167e-03,3.253399999999999892e+01,8.998499999999999943e+01,1.112199999999999989e+01,1.809999999999999942e-01,6.000000000000000125e-03,-2.917999999999999845e-06,-1.320000000000000062e+00,-1.250000000000000000e-01,8.720799999999999841e+01,8.996699999999999875e+01
5.932999999999999829e+00,9.691330000000000382e+02,2.689959999999999809e+02,-6.746000000000000441e+00,2.692259999999999991e+02,6.756999999999999673e+00,3.282099999999999795e+01,8.000000000000000167e-03,3.282099999999999795e+01,8.998499999999999943e+01,1.112899999999999956e+01,3.920000000000000151e-01,4.299999999999999656e-02,-2.844999999999999866e-06,-1.054000000000000048e+00,-1.700000000000000122e-02,8.717600000000000193e+01,8.995300000000000296e+01
5.972000000000000419e+00,9.795330000000000155e+02,2.687200000000000273e+02,-7.546999999999999709e+00,2.689510000000000218e+02,7.568999999999999950e+00,3.325200000000000244e+01,8.999999999999999320e-03,3.325200000000000244e+01,8.998499999999999943e+01,1.114899999999999913e+01,5.759999999999999565e-01,7.799999999999999989e-02,-4.074000000000000296e-06,-4.200000000000000261e-02,-6.000000000000000125e-03,8.715300000000000580e+01,8.995000000000000284e+01
6.022000000000000242e+00,9.929589999999999463e+02,2.683170000000000073e+02,-8.551999999999999602e+00,2.685500000000000114e+02,8.557999999999999829e+00,3.381000000000000227e+01,8.999999999999999320e-03,3.381000000000000227e+01,8.998499999999999943e+01,1.117399999999999949e+01,3.280000000000000138e-01,4.700000000000000011e-02,-6.671000000000000165e-06,1.479999999999999982e+00,1.000000000000000021e-03,8.719199999999999307e+01,8.996599999999999397e+01
6.072000000000000064e+00,1.006364000000000033e+03,2.678650000000000091e+02,-9.535000000000000142e+00,2.680980000000000132e+02,9.538999999999999702e+00,3.436800000000000210e+01,8.999999999999999320e-03,3.436800000000000210e+01,8.998499999999999943e+01,1.117600000000000016e+01,2.419999999999999929e-01,3.500000000000000333e-02,-7.442000000000000068e-06,-1.574999999999999956e+00,1.000000000000000021e-02,8.727500000000000568e+01,8.997700000000000387e+01
6.121999999999999886e+00,1.019745000000000005e+03,2.673629999999999995e+02,-1.052299999999999969e+01,2.675960000000000036e+02,1.054199999999999982e+01,3.492699999999999960e+01,8.999999999999999320e-03,3.492699999999999960e+01,8.998499999999999943e+01,1.115399999999999991e+01,6.380000000000000115e-01,8.999999999999999667e-02,-7.818000000000000364e-06,-2.889999999999999791e-01,-5.000000000000000104e-03,8.732599999999999341e+01,8.998300000000000409e+01
6.171000000000000263e+00,1.032895999999999958e+03,2.668210000000000264e+02,-1.150999999999999979e+01,2.670529999999999973e+02,1.152399999999999913e+01,3.547500000000000142e+01,1.000000000000000021e-02,3.547500000000000142e+01,8.998499999999999943e+01,1.112100000000000044e+01,5.620000000000000551e-01,7.099999999999999367e-02,-5.818999999999999683e-06,1.558999999999999941e+00,1.099999999999999936e-02,8.729200000000000159e+01,8.998300000000000409e+01
6.221000000000000085e+00,1.046222999999999956e+03,2.662320000000000277e+02,-1.203700000000000081e+01,2.664639999999999986e+02,1.203700000000000081e+01,3.603099999999999881e+01,1.000000000000000021e-02,3.603099999999999881e+01,8.998399999999999466e+01,1.110599999999999987e+01,2.100000000000000130e-02,2.000000000000000042e-02,-3.548000000000000166e-06,-2.097999999999999865e+00,3.300000000000000155e-02,8.719299999999999784e+01,8.998199999999999932e+01
6.270999999999999908e+00,1.059519000000000005e+03,2.656170000000000186e+02,-1.255700000000000038e+01,2.658500000000000227e+02,1.256400000000000006e+01,3.658599999999999852e+01,1.000000000000000021e-02,3.658599999999999852e+01,8.998399999999999466e+01,1.111700000000000088e+01,3.950000000000000178e-01,9.099999999999999756e-02,-1.571999999999999942e-06,-8.960000000000000187e-01,1.099999999999999936e-02,8.711299999999999955e+01,8.996999999999999886e+01
6.320999999999999730e+00,1.072784000000000106e+03,2.649769999999999754e+02,-1.304499999999999993e+01,2.652110000000000127e+02,1.304700000000000060e+01,3.714300000000000068e+01,1.000000000000000021e-02,3.714300000000000068e+01,8.998399999999999466e+01,1.113599999999999923e+01,2.399999999999999911e-01,7.099999999999999367e-02,-4.489000000000000029e-07,1.000000000000000000e+00,-8.000000000000000167e-03,8.711799999999999500e+01,8.996999999999999886e+01
6.371000000000000441e+00,1.086017000000000053e+03,2.643129999999999882e+02,-1.350900000000000034e+01,2.645480000000000018e+02,1.351299999999999990e+01,3.769899999999999807e+01,1.099999999999999936e-02,3.769899999999999807e+01,8.998399999999999466e+01,1.113299999999999912e+01,3.469999999999999751e-01,2.100000000000000130e-02,1.853000000000000089e-06,-1.483999999999999986e+00,-1.000000000000000021e-02,8.718800000000000239e+01,8.998300000000000409e+01
6.421000000000000263e+00,1.099214999999999918e+03,2.636259999999999764e+02,-1.397400000000000020e+01,2.638600000000000136e+02,1.400300000000000011e+01,3.825600000000000023e+01,1.099999999999999936e-02,3.825600000000000023e+01,8.998399999999999466e+01,1.110299999999999976e+01,8.880000000000000115e-01,1.059999999999999970e-01,-1.331000000000000047e-06,-2.730000000000000204e-01,8.999999999999999320e-03,8.723799999999999955e+01,8.999099999999999966e+01
6.471000000000000085e+00,1.112378999999999905e+03,2.629150000000000205e+02,-1.446899999999999942e+01,2.631480000000000246e+02,1.448799999999999955e+01,3.880899999999999750e+01,1.099999999999999936e-02,3.880899999999999750e+01,8.998399999999999466e+01,1.105499999999999972e+01,7.500000000000000000e-01,8.000000000000000167e-02,-3.270000000000000032e-06,2.093999999999999861e+00,1.700000000000000122e-02,8.718899999999999295e+01,8.999200000000000443e+01
6.520999999999999908e+00,1.125506000000000085e+03,2.621720000000000255e+02,-1.526600000000000001e+01,2.624039999999999964e+02,1.526600000000000001e+01,3.936200000000000188e+01,1.099999999999999936e-02,3.936200000000000188e+01,8.998399999999999466e+01,1.103800000000000026e+01,3.799999999999999906e-02,4.599999999999999922e-02,-3.295999999999999868e-06,-2.221000000000000085e+00,2.599999999999999881e-02,8.707200000000000273e+01,8.998300000000000409e+01
6.570999999999999730e+00,1.138595000000000027e+03,2.613890000000000100e+02,-1.604599999999999937e+01,2.616220000000000141e+02,1.605000000000000071e+01,3.991400000000000148e+01,1.200000000000000025e-02,3.991400000000000148e+01,8.998300000000000409e+01,1.104499999999999993e+01,3.509999999999999787e-01,1.189999999999999947e-01,-3.379000000000000174e-06,-6.690000000000000391e-01,4.000000000000000083e-03,8.699399999999999977e+01,8.996999999999999886e+01
6.621000000000000441e+00,1.151644000000000005e+03,2.605679999999999836e+02,-1.678699999999999903e+01,2.608029999999999973e+02,1.678800000000000026e+01,4.046600000000000108e+01,1.200000000000000025e-02,4.046600000000000108e+01,8.998300000000000409e+01,1.106300000000000061e+01,1.340000000000000080e-01,8.899999999999999578e-02,-4.930999999999999884e-06,1.741999999999999993e+00,1.200000000000000025e-02,8.702400000000000091e+01,8.996699999999999875e+01
6.671000000000000263e+00,1.164652000000000044e+03,2.597110000000000127e+02,-1.749800000000000111e+01,2.599460000000000264e+02,1.750900000000000034e+01,4.101899999999999835e+01,1.200000000000000025e-02,4.101899999999999835e+01,8.998300000000000409e+01,1.104899999999999949e+01,6.229999999999999982e-01,3.500000000000000333e-02,-6.075000000000000281e-06,-2.141999999999999904e+00,3.099999999999999978e-02,8.713100000000000023e+01,8.996800000000000352e+01
6.721000000000000085e+00,1.177615000000000009e+03,2.588179999999999836e+02,-1.822200000000000131e+01,2.590520000000000209e+02,1.825300000000000011e+01,4.157099999999999795e+01,1.200000000000000025e-02,4.157099999999999795e+01,8.998300000000000409e+01,1.100600000000000023e+01,1.072999999999999954e+00,1.069999999999999979e-01,-1.906999999999999911e-06,-7.339999999999999858e-01,1.200000000000000025e-02,8.720799999999999841e+01,8.997899999999999920e+01
6.770999999999999908e+00,1.190532999999999902e+03,2.578879999999999768e+02,-1.896699999999999875e+01,2.581209999999999809e+02,1.899200000000000088e+01,4.211999999999999744e+01,1.299999999999999940e-02,4.211999999999999744e+01,8.998300000000000409e+01,1.095100000000000051e+01,9.729999999999999760e-01,8.500000000000000611e-02,5.109999999999999568e-07,1.312999999999999945e+00,1.299999999999999940e-02,8.719100000000000250e+01,8.998699999999999477e+01
6.820999999999999730e+00,1.203403000000000020e+03,2.569230000000000018e+02,-1.963899999999999935e+01,2.571549999999999727e+02,1.964300000000000068e+01,4.266599999999999682e+01,1.299999999999999940e-02,4.266599999999999682e+01,8.998300000000000409e+01,1.091600000000000037e+01,4.219999999999999862e-01,1.899999999999999953e-02,-6.180999999999999563e-07,-1.927999999999999936e+00,5.000000000000000278e-02,8.710200000000000387e+01,8.998699999999999477e+01
6.871000000000000441e+00,1.216223999999999933e+03,2.559250000000000114e+02,-2.030099999999999838e+01,2.561569999999999823e+02,2.030099999999999838e+01,4.321200000000000330e+01,1.299999999999999940e-02,4.321200000000000330e+01,8.998300000000000409e+01,1.090600000000000058e+01,3.099999999999999978e-02,9.600000000000000200e-02,-9.909999999999999139e-07,-7.700000000000000178e-01,2.000000000000000042e-02,8.702899999999999636e+01,8.997599999999999909e+01
6.921000000000000263e+00,1.228994999999999891e+03,2.548940000000000055e+02,-2.093499999999999872e+01,2.551270000000000095e+02,2.093499999999999872e+01,4.375699999999999790e+01,1.299999999999999940e-02,4.375699999999999790e+01,8.998199999999999932e+01,1.090499999999999936e+01,1.350000000000000089e-01,8.400000000000000522e-02,-2.888000000000000132e-06,1.068999999999999950e+00,3.599999999999999728e-02,8.703799999999999670e+01,8.995499999999999829e+01
6.971000000000000085e+00,1.241712999999999965e+03,2.538319999999999936e+02,-2.154200000000000159e+01,2.540649999999999977e+02,2.155300000000000082e+01,4.430199999999999960e+01,1.400000000000000029e-02,4.430199999999999960e+01,8.998199999999999932e+01,1.088599999999999923e+01,6.969999999999999529e-01,1.299999999999999940e-02,-1.849000000000000000e-06,-1.800000000000000044e+00,1.920000000000000040e-01,8.711700000000000443e+01,8.994700000000000273e+01
7.020999999999999908e+00,1.254377999999999929e+03,2.527390000000000043e+02,-2.215399999999999991e+01,2.529720000000000084e+02,2.218400000000000105e+01,4.484499999999999886e+01,1.400000000000000029e-02,4.484499999999999886e+01,8.998199999999999932e+01,1.083699999999999974e+01,1.139999999999999902e+00,9.099999999999999756e-02,-2.494000000000000177e-06,-6.830000000000000515e-01,2.400000000000000050e-02,8.718399999999999750e+01,8.995900000000000318e+01
7.070999999999999730e+00,1.266987000000000080e+03,2.516160000000000139e+02,-2.278699999999999903e+01,2.518470000000000084e+02,2.281299999999999883e+01,4.538499999999999801e+01,1.400000000000000029e-02,4.538499999999999801e+01,8.998199999999999932e+01,1.077999999999999936e+01,1.084000000000000075e+00,7.499999999999999722e-02,0.000000000000000000e+00,8.880000000000000115e-01,1.899999999999999953e-02,8.717799999999999727e+01,8.997799999999999443e+01
7.121000000000000441e+00,1.279538999999999987e+03,2.504749999999999943e+02,-2.283200000000000074e+01,2.507050000000000125e+02,2.284299999999999997e+01,4.592300000000000182e+01,1.499999999999999944e-02,4.592300000000000182e+01,8.998199999999999932e+01,1.073399999999999999e+01,7.279999999999999805e-01,7.000000000000000146e-03,-2.612999999999999800e-06,1.661000000000000032e+00,2.000000000000000111e-01,8.710899999999999466e+01,8.998900000000000432e+01
7.171000000000000263e+00,1.292034000000000106e+03,2.493329999999999984e+02,-2.288100000000000023e+01,2.495620000000000118e+02,2.288400000000000034e+01,4.645900000000000318e+01,1.499999999999999944e-02,4.645900000000000318e+01,8.998199999999999932e+01,1.070700000000000074e+01,3.609999999999999876e-01,6.500000000000000222e-02,-1.596000000000000051e-06,-1.118999999999999995e+00,1.700000000000000122e-02,8.703400000000000603e+01,8.998999999999999488e+01
7.221000000000000085e+00,1.304471999999999980e+03,2.481879999999999882e+02,-2.291700000000000159e+01,2.484180000000000064e+02,2.291900000000000048e+01,4.699399999999999977e+01,1.499999999999999944e-02,4.699399999999999977e+01,8.998099999999999454e+01,1.069299999999999962e+01,2.839999999999999747e-01,8.200000000000000344e-02,-1.999999999999999909e-06,2.590000000000000080e-01,1.299999999999999940e-02,8.701200000000000045e+01,8.998099999999999454e+01
7.270999999999999908e+00,1.316853000000000065e+03,2.470409999999999968e+02,-2.293499999999999872e+01,2.472719999999999914e+02,2.294200000000000017e+01,4.752799999999999869e+01,1.499999999999999944e-02,4.752799999999999869e+01,8.998099999999999454e+01,1.067300000000000004e+01,5.759999999999999565e-01,2.500000000000000139e-02,-2.244000000000000030e-06,1.241000000000000103e+00,3.300000000000000155e-02,8.705400000000000205e+01,8.996699999999999875e+01
7.320999999999999730e+00,1.329175999999999931e+03,2.458940000000000055e+02,-2.295400000000000063e+01,2.461239999999999952e+02,2.297100000000000009e+01,4.806099999999999994e+01,1.600000000000000033e-02,4.806099999999999994e+01,8.998099999999999454e+01,1.063400000000000034e+01,8.890000000000000124e-01,3.799999999999999906e-02,-1.979000000000000026e-06,-1.026000000000000023e+00,1.499999999999999944e-02,8.711499999999999488e+01,8.995499999999999829e+01
7.371000000000000441e+00,1.341442000000000007e+03,2.447460000000000093e+02,-2.298400000000000176e+01,2.449749999999999943e+02,2.300600000000000023e+01,4.859199999999999875e+01,1.600000000000000033e-02,4.859199999999999875e+01,8.998099999999999454e+01,1.058699999999999974e+01,1.008999999999999897e+00,6.300000000000000044e-02,-2.695000000000000032e-06,-2.039999999999999869e-01,1.700000000000000122e-02,8.714700000000000557e+01,8.995600000000000307e+01
7.375000000000000000e+00,1.342421000000000049e+03,2.446539999999999964e+02,-2.298699999999999832e+01,2.448820000000000050e+02,2.300900000000000034e+01,4.863400000000000034e+01,1.600000000000000033e-02,4.863400000000000034e+01,8.998099999999999454e+01,1.058300000000000018e+01,1.014999999999999902e+00,6.400000000000000133e-02,-2.695000000000000032e-06,-1.209999999999999964e-01,1.600000000000000033e-02,8.714799999999999613e+01,8.995699999999999363e+01
7.381000000000000227e+00,1.343888999999999896e+03,2.445159999999999911e+02,-2.296999999999999886e+01,2.447439999999999998e+02,2.299299999999999855e+01,4.869800000000000040e+01,1.600000000000000033e-02,4.869800000000000040e+01,8.998099999999999454e+01,1.057699999999999996e+01,1.020000000000000018e+00,6.500000000000000222e-02,-2.699999999999999984e-06,8.000000000000000167e-03,1.600000000000000033e-02,8.714799999999999613e+01,8.995900000000000318e+01
7.389999999999999680e+00,1.346087999999999965e+03,2.443089999999999975e+02,-2.294500000000000028e+01,2.445380000000000109e+02,2.296799999999999997e+01,4.879299999999999926e+01,1.600000000000000033e-02,4.879299999999999926e+01,8.998099999999999454e+01,1.056799999999999962e+01,1.020999999999999908e+00,6.600000000000000311e-02,-2.696000000000000107e-06,2.020000000000000129e-01,1.799999999999999864e-02,8.714700000000000557e+01,8.996200000000000330e+01
7.403999999999999915e+00,1.349384000000000015e+03,2.440000000000000000e+02,-2.290800000000000125e+01,2.442280000000000086e+02,2.293100000000000094e+01,4.893500000000000227e+01,1.600000000000000033e-02,4.893500000000000227e+01,8.998099999999999454e+01,1.055400000000000027e+01,1.018000000000000016e+00,6.600000000000000311e-02,-2.703999999999999861e-06,4.939999999999999947e-01,1.799999999999999864e-02,8.714199999999999591e+01,8.996699999999999875e+01
7.424000000000000377e+00,1.354320999999999913e+03,2.435360000000000014e+02,-2.285300000000000153e+01,2.437640000000000100e+02,2.287600000000000122e+01,4.914900000000000091e+01,1.600000000000000033e-02,4.914900000000000091e+01,8.998099999999999454e+01,1.053299999999999947e+01,1.028000000000000025e+00,6.800000000000000488e-02,-2.527000000000000115e-06,9.439999999999999503e-01,2.400000000000000050e-02,8.712800000000000011e+01,8.997499999999999432e+01
7.453999999999999737e+00,1.361708000000000084e+03,2.428429999999999893e+02,-2.277499999999999858e+01,2.430699999999999932e+02,2.279400000000000048e+01,4.946800000000000352e+01,1.700000000000000122e-02,4.946800000000000352e+01,8.998099999999999454e+01,1.050300000000000011e+01,9.449999999999999512e-01,5.099999999999999672e-02,-2.443000000000000157e-06,1.550999999999999934e+00,3.899999999999999994e-02,8.708899999999999864e+01,8.998699999999999477e+01
7.500000000000000000e+00,1.372749000000000024e+03,2.418079999999999927e+02,-2.267299999999999827e+01,2.420349999999999966e+02,2.267999999999999972e+01,4.994599999999999795e+01,1.700000000000000122e-02,4.994599999999999795e+01,8.998099999999999454e+01,1.046899999999999942e+01,5.470000000000000417e-01,3.200000000000000067e-02,-2.520000000000000013e-06,-1.703000000000000069e+00,5.899999999999999689e-02,8.701099999999999568e+01,8.999500000000000455e+01
7.549999999999999822e+00,1.384810999999999922e+03,2.406769999999999925e+02,-2.255499999999999972e+01,2.409039999999999964e+02,2.255699999999999861e+01,5.046900000000000119e+01,1.700000000000000122e-02,5.046900000000000119e+01,8.998099999999999454e+01,1.044800000000000040e+01,3.300000000000000155e-01,7.799999999999999989e-02,-1.046000000000000023e-06,-7.730000000000000204e-01,1.799999999999999864e-02,8.694599999999999795e+01,8.998999999999999488e+01
7.599999999999999645e+00,1.396816000000000031e+03,2.395529999999999973e+02,-2.242999999999999972e+01,2.397800000000000011e+02,2.243100000000000094e+01,5.099099999999999966e+01,1.700000000000000122e-02,5.099099999999999966e+01,8.998000000000000398e+01,1.043500000000000050e+01,2.550000000000000044e-01,9.299999999999999933e-02,7.153999999999999606e-07,6.600000000000000311e-01,1.099999999999999936e-02,8.694299999999999784e+01,8.998000000000000398e+01
7.650000000000000355e+00,1.408766000000000076e+03,2.384350000000000023e+02,-2.228699999999999903e+01,2.386620000000000061e+02,2.229400000000000048e+01,5.151200000000000045e+01,1.799999999999999864e-02,5.151200000000000045e+01,8.998000000000000398e+01,1.041499999999999915e+01,5.460000000000000409e-01,2.900000000000000147e-02,0.000000000000000000e+00,1.657999999999999918e+00,3.099999999999999978e-02,8.700499999999999545e+01,8.996699999999999875e+01
7.679000000000000270e+00,1.415746000000000095e+03,2.377829999999999870e+02,-2.220400000000000063e+01,2.380099999999999909e+02,2.221600000000000108e+01,5.181700000000000017e+01,1.799999999999999864e-02,5.181700000000000017e+01,8.998000000000000398e+01,1.039700000000000024e+01,7.399999999999999911e-01,1.499999999999999944e-02,0.000000000000000000e+00,-1.711000000000000076e+00,5.999999999999999778e-02,8.705500000000000682e+01,8.996200000000000330e+01
7.722999999999999865e+00,1.426179000000000087e+03,2.368100000000000023e+02,-2.205399999999999849e+01,2.370360000000000014e+02,2.207799999999999940e+01,5.227400000000000091e+01,1.799999999999999864e-02,5.227400000000000091e+01,8.998000000000000398e+01,1.035800000000000054e+01,1.036000000000000032e+00,8.200000000000000344e-02,-7.764999999999999982e-07,-1.088999999999999968e+00,1.299999999999999940e-02,8.712000000000000455e+01,8.996299999999999386e+01
7.772999999999999687e+00,1.437991999999999962e+03,2.357110000000000127e+02,-2.189900000000000091e+01,2.359360000000000070e+02,2.192599999999999838e+01,5.278999999999999915e+01,1.799999999999999864e-02,5.278999999999999915e+01,8.998000000000000398e+01,1.030199999999999960e+01,1.094999999999999973e+00,9.800000000000000377e-02,-3.205999999999999882e-06,4.580000000000000182e-01,8.000000000000000167e-03,8.713599999999999568e+01,8.996999999999999886e+01
7.823000000000000398e+00,1.449750000000000000e+03,2.346200000000000045e+02,-2.175799999999999912e+01,2.348429999999999893e+02,2.177700000000000102e+01,5.330400000000000205e+01,1.899999999999999953e-02,5.330400000000000205e+01,8.998000000000000398e+01,1.025399999999999956e+01,9.010000000000000231e-01,5.700000000000000205e-02,-4.724000000000000002e-06,1.524000000000000021e+00,2.199999999999999872e-02,8.708400000000000318e+01,8.998099999999999454e+01
7.873000000000000220e+00,1.461453999999999951e+03,2.335349999999999966e+02,-2.162500000000000000e+01,2.337580000000000098e+02,2.163500000000000156e+01,5.381600000000000250e+01,1.899999999999999953e-02,5.381600000000000250e+01,8.998000000000000398e+01,1.021400000000000041e+01,6.350000000000000089e-01,4.000000000000000083e-03,-5.253000000000000358e-06,-1.965999999999999970e+00,4.279999999999999916e-01,8.699200000000000443e+01,8.998799999999999955e+01
7.923000000000000043e+00,1.473104000000000042e+03,2.324569999999999936e+02,-2.149899999999999878e+01,2.326800000000000068e+02,2.150100000000000122e+01,5.432600000000000051e+01,1.899999999999999953e-02,5.432600000000000051e+01,8.998000000000000398e+01,1.018999999999999950e+01,3.180000000000000049e-01,7.699999999999999900e-02,-4.702999999999999695e-06,-1.393999999999999906e+00,2.299999999999999961e-02,8.690300000000000580e+01,8.998699999999999477e+01
7.972999999999999865e+00,1.484700000000000045e+03,2.313849999999999909e+02,-2.136299999999999955e+01,2.316090000000000089e+02,2.136400000000000077e+01,5.483500000000000085e+01,2.000000000000000042e-02,5.483500000000000085e+01,8.997899999999999920e+01,1.017800000000000082e+01,2.159999999999999976e-01,1.000000000000000056e-01,-6.017999999999999810e-06,-5.899999999999999689e-02,1.600000000000000033e-02,8.686499999999999488e+01,8.997499999999999432e+01
8.022999999999999687e+00,1.496242999999999938e+03,2.303209999999999980e+02,-2.121600000000000108e+01,2.305449999999999875e+02,2.121799999999999997e+01,5.534300000000000352e+01,2.000000000000000042e-02,5.534300000000000352e+01,8.997899999999999920e+01,1.016399999999999970e+01,3.449999999999999734e-01,6.900000000000000577e-02,-7.111999999999999839e-06,1.157999999999999918e+00,3.500000000000000333e-02,8.689499999999999602e+01,8.995699999999999363e+01
8.073000000000000398e+00,1.507731999999999971e+03,2.292640000000000100e+02,-2.106500000000000128e+01,2.294879999999999995e+02,2.107300000000000040e+01,5.585099999999999909e+01,2.000000000000000042e-02,5.585099999999999909e+01,8.997899999999999920e+01,1.014100000000000001e+01,5.729999999999999538e-01,1.200000000000000025e-02,-6.637999999999999803e-06,1.703000000000000069e+00,1.670000000000000095e-01,8.696999999999999886e+01,8.994899999999999807e+01
8.122999999999999332e+00,1.519169000000000096e+03,2.282139999999999986e+02,-2.091600000000000037e+01,2.284379999999999882e+02,2.093299999999999983e+01,5.635699999999999932e+01,2.100000000000000130e-02,5.635699999999999932e+01,8.997899999999999920e+01,1.010699999999999932e+01,8.449999999999999734e-01,5.600000000000000117e-02,-6.005999999999999756e-06,-1.469000000000000083e+00,3.200000000000000067e-02,8.705299999999999727e+01,8.995399999999999352e+01
8.173000000000000043e+00,1.530554000000000087e+03,2.271719999999999970e+02,-2.077499999999999858e+01,2.273950000000000102e+02,2.080000000000000071e+01,5.686099999999999710e+01,2.100000000000000130e-02,5.686099999999999710e+01,8.997899999999999920e+01,1.005899999999999928e+01,1.016999999999999904e+00,1.010000000000000064e-01,-4.009999999999999723e-06,-3.119999999999999996e-01,2.000000000000000042e-02,8.709999999999999432e+01,8.997100000000000364e+01
8.223000000000000753e+00,1.541886999999999944e+03,2.261359999999999957e+02,-2.064799999999999969e+01,2.263580000000000041e+02,2.067000000000000171e+01,5.736299999999999955e+01,2.100000000000000130e-02,5.736299999999999955e+01,8.997899999999999920e+01,1.000900000000000034e+01,9.539999999999999591e-01,8.799999999999999489e-02,-1.579999999999999907e-06,9.879999999999999893e-01,2.299999999999999961e-02,8.708199999999999363e+01,8.998699999999999477e+01
8.272999999999999687e+00,1.553167999999999893e+03,2.251069999999999993e+02,-2.053300000000000125e+01,2.253280000000000030e+02,2.054400000000000048e+01,5.786299999999999955e+01,2.100000000000000130e-02,5.786299999999999955e+01,8.997899999999999920e+01,9.967000000000000526e+00,6.760000000000000453e-01,2.100000000000000130e-02,-1.540000000000000079e-06,1.816999999999999948e+00,7.599999999999999811e-02,8.700799999999999557e+01,8.998900000000000432e+01
8.323000000000000398e+00,1.564396999999999935e+03,2.240829999999999984e+02,-2.042399999999999949e+01,2.243040000000000020e+02,2.042699999999999960e+01,5.835999999999999943e+01,2.199999999999999872e-02,5.835999999999999943e+01,8.997899999999999920e+01,9.942999999999999616e+00,3.449999999999999734e-01,6.199999999999999956e-02,-1.335999999999999999e-06,-1.483000000000000096e+00,2.100000000000000130e-02,8.692100000000000648e+01,8.998000000000000398e+01
8.372999999999999332e+00,1.575576000000000022e+03,2.230649999999999977e+02,-2.030600000000000094e+01,2.232860000000000014e+02,2.030799999999999983e+01,5.885699999999999932e+01,2.199999999999999872e-02,5.885699999999999932e+01,8.997899999999999920e+01,9.929000000000000270e+00,2.290000000000000091e-01,9.099999999999999756e-02,0.000000000000000000e+00,-4.020000000000000240e-01,1.000000000000000021e-02,8.687300000000000466e+01,8.997100000000000364e+01
8.423000000000000043e+00,1.586703999999999951e+03,2.220529999999999973e+02,-2.017800000000000082e+01,2.222740000000000009e+02,2.017999999999999972e+01,5.935300000000000153e+01,2.199999999999999872e-02,5.935300000000000153e+01,8.997799999999999443e+01,9.916000000000000369e+00,3.300000000000000155e-01,6.600000000000000311e-02,-5.024000000000000518e-07,6.510000000000000231e-01,4.000000000000000083e-03,8.688100000000000023e+01,8.996699999999999875e+01
8.473000000000000753e+00,1.597780999999999949e+03,2.210469999999999970e+02,-2.004500000000000171e+01,2.212680000000000007e+02,2.005199999999999960e+01,5.984799999999999898e+01,2.299999999999999961e-02,5.984799999999999898e+01,8.997799999999999443e+01,9.894000000000000128e+00,5.420000000000000373e-01,8.999999999999999320e-03,-7.573000000000000380e-07,1.143999999999999906e+00,4.399999999999999745e-02,8.692799999999999727e+01,8.996500000000000341e+01
8.522999999999999687e+00,1.608808999999999969e+03,2.200480000000000018e+02,-1.991400000000000148e+01,2.202690000000000055e+02,1.992800000000000082e+01,6.034199999999999875e+01,2.299999999999999961e-02,6.034199999999999875e+01,8.997799999999999443e+01,9.861000000000000654e+00,7.650000000000000133e-01,5.099999999999999672e-02,-1.198000000000000007e-06,-8.850000000000000089e-01,2.000000000000000042e-03,8.698199999999999932e+01,8.996099999999999852e+01
8.573000000000000398e+00,1.619786000000000058e+03,2.190560000000000116e+02,-1.979100000000000037e+01,2.192760000000000105e+02,1.980999999999999872e+01,6.083400000000000318e+01,2.299999999999999961e-02,6.083400000000000318e+01,8.997799999999999443e+01,9.820000000000000284e+00,8.559999999999999831e-01,7.799999999999999989e-02,8.510999999999999912e-07,-5.000000000000000104e-03,-3.000000000000000062e-03,8.700600000000000023e+01,8.995799999999999841e+01
8.622999999999999332e+00,1.630713999999999942e+03,2.180689999999999884e+02,-1.967899999999999849e+01,2.182880000000000109e+02,1.969399999999999906e+01,6.132399999999999807e+01,2.400000000000000050e-02,6.132399999999999807e+01,8.997799999999999443e+01,9.778999999999999915e+00,7.840000000000000302e-01,6.099999999999999867e-02,1.098999999999999981e-06,8.439999999999999725e-01,-8.999999999999999320e-03,8.698399999999999466e+01,8.995600000000000307e+01
8.673000000000000043e+00,1.641593000000000075e+03,2.170869999999999891e+02,-1.957600000000000051e+01,2.173060000000000116e+02,1.958399999999999963e+01,6.181199999999999761e+01,2.400000000000000050e-02,6.181199999999999761e+01,8.997799999999999443e+01,9.743999999999999773e+00,5.610000000000000542e-01,2.000000000000000042e-03,7.983000000000000478e-07,1.286000000000000032e+00,-3.619999999999999885e-01,8.692600000000000193e+01,8.995699999999999363e+01
8.723000000000000753e+00,1.652423000000000002e+03,2.161109999999999900e+02,-1.947599999999999909e+01,2.163300000000000125e+02,1.947899999999999920e+01,6.229899999999999949e+01,2.400000000000000050e-02,6.229899999999999949e+01,8.997799999999999443e+01,9.723000000000000753e+00,3.180000000000000049e-01,6.300000000000000044e-02,4.299000000000000048e-07,-8.820000000000000062e-01,-6.000000000000000125e-03,8.686799999999999500e+01,8.996299999999999386e+01
8.772999999999999687e+00,1.663203999999999951e+03,2.151399999999999864e+02,-1.936499999999999844e+01,2.153590000000000089e+02,1.936799999999999855e+01,6.278499999999999659e+01,2.500000000000000139e-02,6.278499999999999659e+01,8.997799999999999443e+01,9.708000000000000185e+00,3.420000000000000262e-01,5.700000000000000205e-02,-2.921999999999999828e-07,-5.399999999999999939e-02,-4.000000000000000083e-03,8.684499999999999886e+01,8.996699999999999875e+01
8.823000000000000398e+00,1.673936999999999898e+03,2.141750000000000114e+02,-1.924699999999999989e+01,2.143940000000000055e+02,1.925300000000000011e+01,6.327000000000000313e+01,2.500000000000000139e-02,6.327000000000000313e+01,8.997700000000000387e+01,9.685999999999999943e+00,5.070000000000000062e-01,1.099999999999999936e-02,0.000000000000000000e+00,3.119999999999999996e-01,-2.299999999999999961e-02,8.685299999999999443e+01,8.997499999999999432e+01
8.872999999999999332e+00,1.684622000000000071e+03,2.132150000000000034e+02,-1.913299999999999912e+01,2.134339999999999975e+02,1.914300000000000068e+01,6.375300000000000011e+01,2.500000000000000139e-02,6.375300000000000011e+01,8.997700000000000387e+01,9.657999999999999474e+00,6.169999999999999929e-01,2.199999999999999872e-02,0.000000000000000000e+00,-2.369999999999999885e-01,-3.000000000000000062e-03,8.686799999999999500e+01,8.998300000000000409e+01
8.923000000000000043e+00,1.695259000000000015e+03,2.122609999999999957e+02,-1.902199999999999847e+01,2.124799999999999898e+02,1.903500000000000014e+01,6.423499999999999943e+01,2.599999999999999881e-02,6.423499999999999943e+01,8.997700000000000387e+01,9.625000000000000000e+00,6.969999999999999529e-01,4.499999999999999833e-02,3.147999999999999866e-07,1.310000000000000053e-01,3.000000000000000062e-03,8.687199999999999989e+01,8.998499999999999943e+01
8.973000000000000753e+00,1.705847999999999956e+03,2.113129999999999882e+02,-1.892000000000000171e+01,2.115300000000000011e+02,1.893100000000000094e+01,6.471599999999999397e+01,2.599999999999999881e-02,6.471599999999999397e+01,8.997700000000000387e+01,9.589999999999999858e+00,6.550000000000000266e-01,3.500000000000000333e-02,7.996000000000000396e-07,6.820000000000000506e-01,1.600000000000000033e-02,8.685099999999999909e+01,8.998699999999999477e+01
9.022999999999999687e+00,1.716390000000000100e+03,2.103689999999999998e+02,-1.882499999999999929e+01,2.105869999999999891e+02,1.883099999999999952e+01,6.519499999999999318e+01,2.599999999999999881e-02,6.519499999999999318e+01,8.997700000000000387e+01,9.561999999999999389e+00,4.959999999999999964e-01,1.000000000000000021e-02,1.125000000000000029e-06,-8.050000000000000488e-01,6.199999999999999956e-02,8.681199999999999761e+01,8.998099999999999454e+01
9.073000000000000398e+00,1.726884999999999991e+03,2.094300000000000068e+02,-1.872800000000000153e+01,2.096479999999999961e+02,1.873199999999999932e+01,6.567199999999999704e+01,2.599999999999999881e-02,6.567199999999999704e+01,8.997700000000000387e+01,9.539999999999999147e+00,4.069999999999999729e-01,3.500000000000000333e-02,1.230999999999999945e-06,-5.070000000000000062e-01,1.600000000000000033e-02,8.677800000000000580e+01,8.996399999999999864e+01
9.122999999999999332e+00,1.737333000000000084e+03,2.084970000000000141e+02,-1.862699999999999889e+01,2.087139999999999986e+02,1.863200000000000145e+01,6.614900000000000091e+01,2.699999999999999969e-02,6.614900000000000091e+01,8.997700000000000387e+01,9.519999999999999574e+00,4.010000000000000231e-01,3.599999999999999728e-02,1.114000000000000049e-06,-1.130000000000000032e-01,3.000000000000000062e-03,8.676200000000000045e+01,8.995300000000000296e+01
9.173000000000000043e+00,1.747734999999999900e+03,2.075680000000000121e+02,-1.852599999999999980e+01,2.077849999999999966e+02,1.853099999999999881e+01,6.662399999999999523e+01,2.699999999999999969e-02,6.662399999999999523e+01,8.997700000000000387e+01,9.499000000000000554e+00,4.319999999999999951e-01,2.599999999999999881e-02,1.275000000000000075e-06,2.210000000000000020e-01,8.999999999999999320e-03,8.676600000000000534e+01,8.995199999999999818e+01
9.223000000000000753e+00,1.758089999999999918e+03,2.066440000000000055e+02,-1.842800000000000082e+01,2.068609999999999900e+02,1.843299999999999983e+01,6.709799999999999898e+01,2.699999999999999969e-02,6.709799999999999898e+01,8.997700000000000387e+01,9.476000000000000867e+00,4.289999999999999925e-01,2.400000000000000050e-02,1.241000000000000061e-06,4.339999999999999969e-01,-2.000000000000000042e-03,8.678199999999999648e+01,8.995699999999999363e+01
9.272999999999999687e+00,1.768398999999999887e+03,2.057249999999999943e+02,-1.832900000000000063e+01,2.059420000000000073e+02,1.833399999999999963e+01,6.757200000000000273e+01,2.800000000000000058e-02,6.757200000000000273e+01,8.997599999999999909e+01,9.455000000000000071e+00,4.620000000000000218e-01,1.200000000000000025e-02,8.372000000000000057e-07,7.039999999999999591e-01,-1.499999999999999944e-02,8.681100000000000705e+01,8.996800000000000352e+01
9.323000000000000398e+00,1.778663000000000011e+03,2.048110000000000070e+02,-1.822700000000000031e+01,2.050279999999999916e+02,1.823600000000000065e+01,6.804399999999999693e+01,2.800000000000000058e-02,6.804399999999999693e+01,8.997599999999999909e+01,9.429000000000000270e+00,5.749999999999999556e-01,2.500000000000000139e-02,6.854000000000000361e-07,-6.189999999999999947e-01,-5.000000000000000104e-03,8.684600000000000364e+01,8.997299999999999898e+01
9.372999999999999332e+00,1.788881000000000085e+03,2.039019999999999868e+02,-1.812800000000000011e+01,2.041189999999999998e+02,1.814000000000000057e+01,6.851399999999999579e+01,2.800000000000000058e-02,6.851399999999999579e+01,8.997599999999999909e+01,9.397999999999999687e+00,6.660000000000000364e-01,5.500000000000000028e-02,7.208999999999999503e-07,-2.169999999999999984e-01,-4.000000000000000083e-03,8.686799999999999500e+01,8.997400000000000375e+01
9.423000000000000043e+00,1.799053000000000111e+03,2.029979999999999905e+02,-1.803600000000000136e+01,2.032139999999999986e+02,1.804700000000000060e+01,6.898399999999999466e+01,2.900000000000000147e-02,6.898399999999999466e+01,8.997599999999999909e+01,9.364000000000000767e+00,6.330000000000000071e-01,4.700000000000000011e-02,1.862999999999999993e-06,4.119999999999999774e-01,-8.999999999999999320e-03,8.686199999999999477e+01,8.996899999999999409e+01
9.473000000000000753e+00,1.809181000000000040e+03,2.020989999999999895e+02,-1.794699999999999918e+01,2.023139999999999930e+02,1.795700000000000074e+01,6.945099999999999341e+01,2.900000000000000147e-02,6.945099999999999341e+01,8.997599999999999909e+01,9.336000000000000298e+00,5.779999999999999583e-01,3.099999999999999978e-02,2.178999999999999805e-06,6.830000000000000515e-01,-1.000000000000000021e-02,8.683400000000000318e+01,8.996099999999999852e+01
9.522999999999999687e+00,1.819262999999999920e+03,2.012040000000000077e+02,-1.785900000000000176e+01,2.014190000000000111e+02,1.786700000000000088e+01,6.991700000000000159e+01,2.900000000000000147e-02,6.991700000000000159e+01,8.997599999999999909e+01,9.305999999999999162e+00,5.500000000000000444e-01,2.199999999999999872e-02,1.914999999999999876e-06,1.040999999999999925e+00,-2.199999999999999872e-02,8.679099999999999682e+01,8.995900000000000318e+01
9.573000000000000398e+00,1.829300999999999931e+03,2.003129999999999882e+02,-1.777700000000000102e+01,2.005279999999999916e+02,1.778200000000000003e+01,7.038200000000000500e+01,2.999999999999999889e-02,7.038200000000000500e+01,8.997599999999999909e+01,9.282000000000000028e+00,4.099999999999999756e-01,2.199999999999999872e-02,1.988999999999999930e-06,-1.044999999999999929e+00,-1.799999999999999864e-02,8.673699999999999477e+01,8.996200000000000330e+01
9.622999999999999332e+00,1.839294000000000096e+03,1.994259999999999877e+02,-1.769600000000000151e+01,1.996409999999999911e+02,1.769800000000000040e+01,7.084499999999999886e+01,2.999999999999999889e-02,7.084499999999999886e+01,8.997599999999999909e+01,9.265000000000000568e+00,2.879999999999999782e-01,6.199999999999999956e-02,1.548999999999999908e-06,-6.229999999999999982e-01,-8.999999999999999320e-03,8.669400000000000261e+01,8.996999999999999886e+01
9.673000000000000043e+00,1.849243999999999915e+03,1.985430000000000064e+02,-1.760999999999999943e+01,1.987589999999999861e+02,1.761199999999999832e+01,7.130800000000000693e+01,2.999999999999999889e-02,7.130800000000000693e+01,8.997599999999999909e+01,9.252000000000000668e+00,2.720000000000000195e-01,6.700000000000000400e-02,8.938000000000000229e-07,6.099999999999999867e-02,-4.000000000000000083e-03,8.668000000000000682e+01,8.997700000000000387e+01
9.723000000000000753e+00,1.859148999999999887e+03,1.976649999999999920e+02,-1.751800000000000068e+01,1.978810000000000002e+02,1.752199999999999847e+01,7.177100000000000080e+01,3.099999999999999978e-02,7.177100000000000080e+01,8.997499999999999432e+01,9.236000000000000654e+00,3.589999999999999858e-01,3.699999999999999817e-02,6.703999999999999680e-07,5.649999999999999467e-01,-3.000000000000000062e-03,8.669700000000000273e+01,8.997599999999999909e+01
9.772999999999999687e+00,1.869009999999999991e+03,1.967909999999999968e+02,-1.742399999999999949e+01,1.970070000000000050e+02,1.743199999999999861e+01,7.223199999999999932e+01,3.099999999999999978e-02,7.223199999999999932e+01,8.997499999999999432e+01,9.214999999999999858e+00,5.320000000000000284e-01,2.299999999999999961e-02,7.616000000000000435e-07,-7.049999999999999600e-01,-1.099999999999999936e-02,8.673099999999999454e+01,8.996899999999999409e+01
9.823000000000000398e+00,1.878827999999999975e+03,1.959230000000000018e+02,-1.732900000000000063e+01,1.961380000000000052e+02,1.734499999999999886e+01,7.269199999999999307e+01,3.099999999999999978e-02,7.269199999999999307e+01,8.997499999999999432e+01,9.182999999999999829e+00,7.329999999999999849e-01,9.299999999999999933e-02,6.123000000000000499e-07,-1.300000000000000044e-01,-6.000000000000000125e-03,8.675400000000000489e+01,8.996399999999999864e+01
9.872999999999999332e+00,1.888603000000000065e+03,1.950579999999999927e+02,-1.724599999999999866e+01,1.952719999999999914e+02,1.726200000000000045e+01,7.315000000000000568e+01,3.200000000000000067e-02,7.315000000000000568e+01,8.997499999999999432e+01,9.144000000000000128e+00,7.409999999999999920e-01,9.700000000000000289e-02,0.000000000000000000e+00,8.659999999999999920e-01,-7.000000000000000146e-03,8.673600000000000421e+01,8.996099999999999852e+01
9.923000000000000043e+00,1.898334000000000060e+03,1.941980000000000075e+02,-1.717699999999999960e+01,1.944110000000000014e+02,1.718400000000000105e+01,7.360599999999999454e+01,3.200000000000000067e-02,7.360599999999999454e+01,8.997499999999999432e+01,9.112000000000000099e+00,5.190000000000000169e-01,2.199999999999999872e-02,4.427000000000000135e-07,1.481999999999999984e+00,-4.000000000000000083e-02,8.667400000000000659e+01,8.995699999999999363e+01
9.973000000000000753e+00,1.908021999999999935e+03,1.933410000000000082e+02,-1.710600000000000165e+01,1.935540000000000020e+02,1.710900000000000176e+01,7.406100000000000705e+01,3.200000000000000067e-02,7.406100000000000705e+01,8.997499999999999432e+01,9.092000000000000526e+00,3.509999999999999787e-01,3.699999999999999817e-02,6.151999999999999501e-07,-1.294000000000000039e+00,-2.400000000000000050e-02,8.660299999999999443e+01,8.995300000000000296e+01
1.002299999999999969e+01,1.917667999999999893e+03,1.924869999999999948e+02,-1.702899999999999991e+01,1.927009999999999934e+02,1.703200000000000003e+01,7.451600000000000534e+01,3.300000000000000155e-02,7.451600000000000534e+01,8.997499999999999432e+01,9.074999999999999289e+00,3.150000000000000022e-01,5.000000000000000278e-02,1.219000000000000103e-06,-9.240000000000000435e-01,-1.700000000000000122e-02,8.654699999999999704e+01,8.995399999999999352e+01
1.007300000000000040e+01,1.927270999999999958e+03,1.916380000000000052e+02,-1.695299999999999940e+01,1.918520000000000039e+02,1.695499999999999829e+01,7.496899999999999409e+01,3.300000000000000155e-02,7.496899999999999409e+01,8.997499999999999432e+01,9.060000000000000497e+00,2.690000000000000169e-01,6.700000000000000400e-02,1.230000000000000082e-06,-4.069999999999999729e-01,-1.799999999999999864e-02,8.651300000000000523e+01,8.996399999999999864e+01
1.012299999999999933e+01,1.936832000000000107e+03,1.907920000000000016e+02,-1.687800000000000011e+01,1.910060000000000002e+02,1.687900000000000134e+01,7.542199999999999704e+01,3.300000000000000155e-02,7.542199999999999704e+01,8.997499999999999432e+01,9.047000000000000597e+00,2.190000000000000002e-01,8.400000000000000522e-02,5.593999999999999931e-07,2.220000000000000029e-01,-1.499999999999999944e-02,8.650799999999999557e+01,8.997799999999999443e+01
1.017300000000000004e+01,1.946349999999999909e+03,1.899499999999999886e+02,-1.679599999999999937e+01,1.901649999999999920e+02,1.679799999999999827e+01,7.587399999999999523e+01,3.400000000000000244e-02,7.587399999999999523e+01,8.997400000000000375e+01,9.037000000000000810e+00,2.949999999999999845e-01,5.399999999999999939e-02,6.533999999999999613e-07,9.539999999999999591e-01,-3.300000000000000155e-02,8.653799999999999670e+01,8.998799999999999955e+01
1.022300000000000075e+01,1.955826999999999998e+03,1.891119999999999948e+02,-1.671000000000000085e+01,1.893269999999999982e+02,1.671600000000000108e+01,7.632500000000000284e+01,3.400000000000000244e-02,7.632500000000000284e+01,8.997400000000000375e+01,9.016000000000000014e+00,4.560000000000000164e-01,7.000000000000000146e-03,1.080000000000000036e-06,-1.060999999999999943e+00,-2.250000000000000056e-01,8.659099999999999397e+01,8.998999999999999488e+01
1.027299999999999969e+01,1.965261999999999944e+03,1.882789999999999964e+02,-1.662900000000000134e+01,1.884939999999999998e+02,1.663800000000000168e+01,7.677500000000000568e+01,3.400000000000000244e-02,7.677500000000000568e+01,8.997400000000000375e+01,8.992000000000000881e+00,5.460000000000000409e-01,4.399999999999999745e-02,7.671000000000000332e-07,-8.900000000000000133e-01,-3.400000000000000244e-02,8.664199999999999591e+01,8.998399999999999466e+01
1.032300000000000040e+01,1.974654999999999973e+03,1.874490000000000123e+02,-1.655300000000000082e+01,1.876639999999999873e+02,1.656299999999999883e+01,7.722400000000000375e+01,3.500000000000000333e-02,7.722400000000000375e+01,8.997400000000000375e+01,8.962999999999999190e+00,5.719999999999999529e-01,5.700000000000000205e-02,6.974999999999999923e-07,-3.900000000000000133e-01,-2.400000000000000050e-02,8.667400000000000659e+01,8.996800000000000352e+01
1.037299999999999933e+01,1.984007000000000062e+03,1.866239999999999952e+02,-1.647899999999999920e+01,1.868369999999999891e+02,1.648900000000000077e+01,7.767199999999999704e+01,3.500000000000000333e-02,7.767199999999999704e+01,8.997400000000000375e+01,8.935000000000000497e+00,5.719999999999999529e-01,5.999999999999999778e-02,5.245000000000000181e-07,2.500000000000000139e-02,-1.899999999999999953e-02,8.668300000000000693e+01,8.994899999999999807e+01
1.042300000000000004e+01,1.993317000000000007e+03,1.858009999999999877e+02,-1.640700000000000003e+01,1.860149999999999864e+02,1.641700000000000159e+01,7.811799999999999500e+01,3.500000000000000333e-02,7.811799999999999500e+01,8.997400000000000375e+01,8.906000000000000583e+00,5.779999999999999583e-01,6.300000000000000044e-02,3.732999999999999877e-07,5.869999999999999662e-01,-1.499999999999999944e-02,8.666800000000000637e+01,8.993999999999999773e+01
1.047300000000000075e+01,2.002586999999999989e+03,1.849830000000000041e+02,-1.634100000000000108e+01,1.851959999999999980e+02,1.634799999999999898e+01,7.856199999999999761e+01,3.599999999999999728e-02,7.856199999999999761e+01,8.997400000000000375e+01,8.878999999999999559e+00,4.869999999999999885e-01,2.900000000000000147e-02,0.000000000000000000e+00,9.809999999999999831e-01,-2.299999999999999961e-02,8.662800000000000011e+01,8.994499999999999318e+01
1.052299999999999969e+01,2.011816000000000031e+03,1.841670000000000016e+02,-1.627599999999999980e+01,1.843799999999999955e+02,1.628099999999999881e+01,7.900600000000000023e+01,3.599999999999999728e-02,7.900600000000000023e+01,8.997400000000000375e+01,8.856999999999999318e+00,3.910000000000000142e-01,8.000000000000000167e-03,2.901999999999999913e-07,-1.052999999999999936e+00,-4.399999999999999745e-02,8.657599999999999341e+01,8.995999999999999375e+01
1.057300000000000040e+01,2.021003999999999905e+03,1.833549999999999898e+02,-1.621099999999999852e+01,1.835680000000000121e+02,1.621399999999999864e+01,7.944799999999999329e+01,3.599999999999999728e-02,7.944799999999999329e+01,8.997400000000000375e+01,8.839999999999999858e+00,3.230000000000000093e-01,3.500000000000000333e-02,0.000000000000000000e+00,-8.689999999999999947e-01,-3.982999999999999778e-04,8.652700000000000102e+01,8.997400000000000375e+01
1.062299999999999933e+01,2.030151000000000067e+03,1.825459999999999923e+02,-1.614699999999999847e+01,1.827599999999999909e+02,1.614900000000000091e+01,7.989000000000000057e+01,3.699999999999999817e-02,7.989000000000000057e+01,8.997400000000000375e+01,8.824999999999999289e+00,2.300000000000000100e-01,7.099999999999999367e-02,0.000000000000000000e+00,-5.010000000000000009e-01,-2.000000000000000042e-03,8.649099999999999966e+01,8.998499999999999943e+01
1.067300000000000004e+01,2.039258000000000038e+03,1.817410000000000139e+02,-1.608299999999999841e+01,1.819540000000000077e+02,1.608399999999999963e+01,8.033100000000000307e+01,3.699999999999999817e-02,8.033100000000000307e+01,8.997299999999999898e+01,8.816000000000000725e+00,1.690000000000000113e-01,9.500000000000000111e-02,0.000000000000000000e+00,2.099999999999999922e-01,-8.000000000000000167e-03,8.648300000000000409e+01,8.999099999999999966e+01
1.072300000000000075e+01,2.048324999999999818e+03,1.809379999999999882e+02,-1.600700000000000145e+01,1.811519999999999868e+02,1.601000000000000156e+01,8.077100000000000080e+01,3.799999999999999906e-02,8.077100000000000080e+01,8.997299999999999898e+01,8.805999999999999162e+00,3.049999999999999933e-01,3.899999999999999994e-02,0.000000000000000000e+00,8.239999999999999547e-01,-2.599999999999999881e-02,8.651099999999999568e+01,8.999099999999999966e+01
1.077299999999999969e+01,2.057351999999999862e+03,1.801399999999999864e+02,-1.593200000000000038e+01,1.803540000000000134e+02,1.593900000000000006e+01,8.121099999999999852e+01,3.799999999999999906e-02,8.121099999999999852e+01,8.997299999999999898e+01,8.785000000000000142e+00,4.570000000000000173e-01,2.599999999999999881e-02,0.000000000000000000e+00,-7.720000000000000195e-01,-4.100000000000000172e-02,8.655299999999999727e+01,8.998000000000000398e+01
1.082300000000000040e+01,2.066338999999999942e+03,1.793449999999999989e+02,-1.585899999999999999e+01,1.795589999999999975e+02,1.586999999999999922e+01,8.165000000000000568e+01,3.799999999999999906e-02,8.165000000000000568e+01,8.997299999999999898e+01,8.760999999999999233e+00,5.779999999999999583e-01,7.799999999999999989e-02,-6.400000000000000134e-07,-4.769999999999999796e-01,-1.899999999999999953e-02,8.658599999999999852e+01,8.996699999999999875e+01
1.087299999999999933e+01,2.075286999999999807e+03,1.785540000000000020e+02,-1.578899999999999970e+01,1.787669999999999959e+02,1.580400000000000027e+01,8.208700000000000330e+01,3.799999999999999906e-02,8.208700000000000330e+01,8.997299999999999898e+01,8.727999999999999758e+00,6.790000000000000480e-01,1.219999999999999973e-01,-1.337999999999999937e-06,3.830000000000000071e-01,-1.899999999999999953e-02,8.658899999999999864e+01,8.995199999999999818e+01
1.092300000000000004e+01,2.084195000000000164e+03,1.777659999999999911e+02,-1.573099999999999987e+01,1.779780000000000086e+02,1.574099999999999966e+01,8.252299999999999613e+01,3.899999999999999994e-02,8.252299999999999613e+01,8.997299999999999898e+01,8.695999999999999730e+00,5.669999999999999485e-01,7.699999999999999900e-02,-2.082999999999999792e-06,1.187000000000000055e+00,-2.500000000000000139e-02,8.654900000000000659e+01,8.994299999999999784e+01
1.097300000000000075e+01,2.093063000000000102e+03,1.769809999999999945e+02,-1.567900000000000027e+01,1.771930000000000121e+02,1.568299999999999983e+01,8.295699999999999363e+01,3.899999999999999994e-02,8.295699999999999363e+01,8.997299999999999898e+01,8.672000000000000597e+00,3.810000000000000053e-01,2.000000000000000042e-03,-2.076000000000000114e-06,-1.235999999999999988e+00,-7.790000000000000258e-01,8.648000000000000398e+01,8.994599999999999795e+01
1.102299999999999969e+01,2.101893000000000029e+03,1.761980000000000075e+02,-1.562400000000000055e+01,1.764099999999999966e+02,1.562599999999999945e+01,8.339000000000000057e+01,4.000000000000000083e-02,8.339000000000000057e+01,8.997299999999999898e+01,8.657000000000000028e+00,2.500000000000000000e-01,5.800000000000000294e-02,-2.306000000000000029e-06,-1.205000000000000071e+00,-2.500000000000000139e-02,8.641200000000000614e+01,8.995900000000000318e+01
1.107300000000000040e+01,2.110682999999999993e+03,1.754180000000000064e+02,-1.557000000000000028e+01,1.756310000000000002e+02,1.557000000000000028e+01,8.382200000000000273e+01,4.000000000000000083e-02,8.382299999999999329e+01,8.997299999999999898e+01,8.647000000000000242e+00,1.280000000000000027e-01,1.110000000000000014e-01,-2.037999999999999800e-06,-6.430000000000000160e-01,-1.799999999999999864e-02,8.636400000000000432e+01,8.997799999999999443e+01
1.112299999999999933e+01,2.119434999999999945e+03,1.746409999999999911e+02,-1.551500000000000057e+01,1.748549999999999898e+02,1.551500000000000057e+01,8.425499999999999545e+01,4.000000000000000083e-02,8.425499999999999545e+01,8.997299999999999898e+01,8.643000000000000682e+00,2.299999999999999961e-02,1.559999999999999998e-01,-3.124000000000000075e-06,3.659999999999999920e-01,-1.899999999999999953e-02,8.635599999999999454e+01,8.999200000000000443e+01
1.117300000000000004e+01,2.128146999999999935e+03,1.738669999999999902e+02,-1.544899999999999984e+01,1.740809999999999889e+02,1.544899999999999984e+01,8.468699999999999761e+01,4.100000000000000172e-02,8.468699999999999761e+01,8.997299999999999898e+01,8.641999999999999460e+00,8.899999999999999578e-02,1.260000000000000009e-01,-3.610999999999999816e-06,1.441000000000000059e+00,-1.799999999999999864e-02,8.640200000000000102e+01,8.999599999999999511e+01
1.122300000000000075e+01,2.136822000000000116e+03,1.730960000000000036e+02,-1.537700000000000067e+01,1.733110000000000070e+02,1.537899999999999956e+01,8.511899999999999977e+01,4.100000000000000172e-02,8.511899999999999977e+01,8.997199999999999420e+01,8.632999999999999119e+00,2.740000000000000213e-01,4.000000000000000083e-02,-3.887999999999999875e-06,2.033999999999999808e+00,-5.500000000000000028e-02,8.649099999999999966e+01,8.998799999999999955e+01
1.127299999999999969e+01,2.145456999999999880e+03,1.723290000000000077e+02,-1.530499999999999972e+01,1.725440000000000111e+02,1.531300000000000061e+01,8.554999999999999716e+01,4.100000000000000172e-02,8.554999999999999716e+01,8.997199999999999420e+01,8.614000000000000767e+00,4.799999999999999822e-01,5.800000000000000294e-02,-4.053999999999999641e-06,-1.983999999999999986e+00,-3.599999999999999728e-02,8.659399999999999409e+01,8.997199999999999420e+01
1.132300000000000040e+01,2.154054000000000087e+03,1.715660000000000025e+02,-1.523499999999999943e+01,1.717800000000000011e+02,1.525099999999999945e+01,8.598000000000000398e+01,4.100000000000000172e-02,8.598000000000000398e+01,8.997199999999999420e+01,8.585000000000000853e+00,6.860000000000000542e-01,1.559999999999999998e-01,-4.152000000000000227e-06,-1.256999999999999895e+00,-1.799999999999999864e-02,8.667799999999999727e+01,8.995199999999999818e+01
1.137299999999999933e+01,2.162614000000000033e+03,1.708060000000000116e+02,-1.517099999999999937e+01,1.710190000000000055e+02,1.519200000000000017e+01,8.640800000000000125e+01,4.200000000000000261e-02,8.640800000000000125e+01,8.997199999999999420e+01,8.547000000000000597e+00,8.070000000000000506e-01,2.149999999999999967e-01,-4.721999999999999852e-06,5.099999999999999672e-02,-1.400000000000000029e-02,8.670999999999999375e+01,8.993600000000000705e+01
1.142300000000000004e+01,2.171135000000000218e+03,1.700480000000000018e+02,-1.511500000000000021e+01,1.702609999999999957e+02,1.513499999999999979e+01,8.683499999999999375e+01,4.200000000000000261e-02,8.683499999999999375e+01,8.997199999999999420e+01,8.506999999999999673e+00,7.760000000000000231e-01,2.030000000000000138e-01,-4.954999999999999993e-06,1.495000000000000107e+00,-8.000000000000000167e-03,8.667100000000000648e+01,8.993300000000000693e+01
1.147300000000000075e+01,2.179619000000000142e+03,1.692940000000000111e+02,-1.506700000000000017e+01,1.695060000000000002e+02,1.508000000000000007e+01,8.725900000000000034e+01,4.200000000000000261e-02,8.725900000000000034e+01,8.997199999999999420e+01,8.471999999999999531e+00,6.119999999999999885e-01,1.260000000000000009e-01,-5.798999999999999874e-06,2.634999999999999787e+00,-4.000000000000000083e-03,8.656499999999999773e+01,8.994499999999999318e+01
1.152299999999999969e+01,2.188065000000000055e+03,1.685420000000000016e+02,-1.502699999999999925e+01,1.687529999999999859e+02,1.503100000000000058e+01,8.768200000000000216e+01,4.299999999999999656e-02,8.768200000000000216e+01,8.997199999999999420e+01,8.446999999999999176e+00,3.499999999999999778e-01,8.891999999999999568e-05,-5.716999999999999643e-06,0.000000000000000000e+00,0.000000000000000000e+00,8.641899999999999693e+01,8.996099999999999852e+01
1.157300000000000040e+01,2.196472999999999956e+03,1.677909999999999968e+02,-1.498799999999999955e+01,1.680029999999999859e+02,1.498900000000000077e+01,8.810399999999999920e+01,4.299999999999999656e-02,8.810399999999999920e+01,8.997199999999999420e+01,8.436999999999999389e+00,9.600000000000000200e-02,1.239999999999999991e-01,-5.451999999999999639e-06,-2.640000000000000124e+00,-8.264000000000000295e-04,8.627200000000000557e+01,8.997599999999999909e+01
1.162299999999999933e+01,2.204844000000000051e+03,1.670430000000000064e+02,-1.494699999999999918e+01,1.672560000000000002e+02,1.494699999999999918e+01,8.852599999999999625e+01,4.399999999999999745e-02,8.852599999999999625e+01,8.997199999999999420e+01,8.435999999999999943e+00,8.599999999999999312e-02,2.149999999999999967e-01,-4.835999999999999946e-06,-1.544000000000000039e+00,-6.857000000000000248e-04,8.616500000000000625e+01,8.998799999999999955e+01
1.167300000000000004e+01,2.213177000000000135e+03,1.662969999999999970e+02,-1.489700000000000024e+01,1.665109999999999957e+02,1.489700000000000024e+01,8.894799999999999329e+01,4.399999999999999745e-02,8.894799999999999329e+01,8.997199999999999420e+01,8.442999999999999616e+00,1.449999999999999900e-01,2.449999999999999956e-01,-5.108999999999999704e-06,2.000000000000000042e-03,-1.000000000000000021e-03,8.612600000000000477e+01,8.999399999999999977e+01
1.172300000000000075e+01,2.221472999999999956e+03,1.655529999999999973e+02,-1.483500000000000085e+01,1.657690000000000055e+02,1.483500000000000085e+01,8.937000000000000455e+01,4.399999999999999745e-02,8.937000000000000455e+01,8.997199999999999420e+01,8.448000000000000398e+00,4.200000000000000261e-02,1.940000000000000058e-01,-5.942999999999999681e-06,1.423000000000000043e+00,1.000000000000000021e-03,8.616299999999999670e+01,8.998900000000000432e+01
1.177299999999999969e+01,2.229733000000000175e+03,1.648129999999999882e+02,-1.476699999999999946e+01,1.650289999999999964e+02,1.476800000000000068e+01,8.979200000000000159e+01,4.499999999999999833e-02,8.979200000000000159e+01,8.997199999999999420e+01,8.445000000000000284e+00,1.700000000000000122e-01,8.699999999999999400e-02,-5.237999999999999655e-06,2.354999999999999982e+00,2.000000000000000042e-03,8.626099999999999568e+01,8.997599999999999909e+01
1.182300000000000040e+01,2.237954999999999927e+03,1.640769999999999982e+02,-1.469899999999999984e+01,1.642930000000000064e+02,1.470500000000000007e+01,9.021399999999999864e+01,4.499999999999999833e-02,9.021399999999999864e+01,8.997199999999999420e+01,8.429999999999999716e+00,3.970000000000000195e-01,3.200000000000000067e-02,-5.258999999999999962e-06,-2.479000000000000092e+00,1.600000000000000033e-02,8.638500000000000512e+01,8.995600000000000307e+01
1.187299999999999933e+01,2.246139999999999873e+03,1.633429999999999893e+02,-1.463499999999999979e+01,1.635589999999999975e+02,1.464700000000000024e+01,9.063500000000000512e+01,4.499999999999999833e-02,9.063500000000000512e+01,8.997100000000000364e+01,8.406000000000000583e+00,5.949999999999999734e-01,1.390000000000000124e-01,-5.893999999999999812e-06,-1.987999999999999989e+00,6.000000000000000125e-03,8.649899999999999523e+01,8.993600000000000705e+01
1.192300000000000004e+01,2.254289000000000215e+03,1.626129999999999995e+02,-1.457699999999999996e+01,1.628280000000000030e+02,1.459500000000000064e+01,9.105500000000000682e+01,4.499999999999999833e-02,9.105500000000000682e+01,8.997100000000000364e+01,8.371999999999999886e+00,7.119999999999999662e-01,2.039999999999999869e-01,-4.855000000000000103e-06,-8.559999999999999831e-01,4.000000000000000083e-03,8.657099999999999795e+01,8.992600000000000193e+01
1.197300000000000075e+01,2.262402000000000044e+03,1.618849999999999909e+02,-1.452699999999999925e+01,1.620999999999999943e+02,1.454400000000000048e+01,9.147299999999999898e+01,4.599999999999999922e-02,9.147299999999999898e+01,8.997100000000000364e+01,8.336999999999999744e+00,7.019999999999999574e-01,2.030000000000000138e-01,-4.420999999999999685e-06,3.509999999999999787e-01,5.000000000000000104e-03,8.658400000000000318e+01,8.992700000000000671e+01
1.202299999999999969e+01,2.270478000000000065e+03,1.611599999999999966e+02,-1.448099999999999987e+01,1.613739999999999952e+02,1.449399999999999977e+01,9.188899999999999579e+01,4.599999999999999922e-02,9.188899999999999579e+01,8.997100000000000364e+01,8.304000000000000270e+00,6.109999999999999876e-01,1.580000000000000016e-01,-4.933999999999999686e-06,1.487999999999999989e+00,6.000000000000000125e-03,8.653700000000000614e+01,8.993899999999999295e+01
1.207300000000000040e+01,2.278518000000000029e+03,1.604370000000000118e+02,-1.444100000000000072e+01,1.606500000000000057e+02,1.444800000000000040e+01,9.230299999999999727e+01,4.700000000000000011e-02,9.230299999999999727e+01,8.997100000000000364e+01,8.278000000000000469e+00,4.450000000000000067e-01,7.099999999999999367e-02,-4.765999999999999770e-06,2.141000000000000014e+00,1.099999999999999936e-02,8.644400000000000261e+01,8.995499999999999829e+01
1.212299999999999933e+01,2.286521000000000186e+03,1.597160000000000082e+02,-1.440000000000000036e+01,1.599290000000000020e+02,1.440399999999999991e+01,9.271599999999999397e+01,4.700000000000000011e-02,9.271599999999999397e+01,8.997100000000000364e+01,8.259000000000000341e+00,3.099999999999999978e-01,3.000000000000000062e-03,-4.694000000000000289e-06,-2.270000000000000018e+00,5.010000000000000009e-01,8.632999999999999829e+01,8.997100000000000364e+01
1.217300000000000004e+01,2.294489000000000033e+03,1.589970000000000141e+02,-1.436599999999999966e+01,1.592110000000000127e+02,1.436599999999999966e+01,9.312900000000000489e+01,4.700000000000000011e-02,9.312900000000000489e+01,8.997100000000000364e+01,8.246999999999999886e+00,9.299999999999999933e-02,1.219999999999999973e-01,-5.030000000000000122e-06,-2.063000000000000167e+00,1.299999999999999940e-02,8.621800000000000352e+01,8.998300000000000409e+01
1.222300000000000075e+01,2.302420999999999822e+03,1.582800000000000011e+02,-1.433099999999999952e+01,1.584939999999999998e+02,1.433099999999999952e+01,9.354099999999999682e+01,4.800000000000000100e-02,9.354099999999999682e+01,8.997100000000000364e+01,8.249000000000000554e+00,1.000000000000000056e-01,2.280000000000000082e-01,-6.073999999999999782e-06,-9.539999999999999591e-01,7.000000000000000146e-03,8.614000000000000057e+01,8.998900000000000432e+01
1.227299999999999969e+01,2.310317000000000007e+03,1.575639999999999930e+02,-1.427999999999999936e+01,1.577800000000000011e+02,1.427999999999999936e+01,9.395399999999999352e+01,4.800000000000000100e-02,9.395399999999999352e+01,8.997100000000000364e+01,8.253999999999999559e+00,5.199999999999999761e-02,2.030000000000000138e-01,-5.745000000000000052e-06,3.439999999999999725e-01,1.000000000000000021e-03,8.612600000000000477e+01,8.998699999999999477e+01
1.232300000000000040e+01,2.318177999999999884e+03,1.568520000000000039e+02,-1.422199999999999953e+01,1.570689999999999884e+02,1.422199999999999953e+01,9.436700000000000443e+01,4.800000000000000100e-02,9.436700000000000443e+01,8.997100000000000364e+01,8.252000000000000668e+00,9.500000000000000111e-02,1.209999999999999964e-01,-6.155000000000000362e-06,1.241999999999999993e+00,-5.416000000000000458e-04,8.616700000000000159e+01,8.998099999999999454e+01
1.237299999999999933e+01,2.326001999999999953e+03,1.561419999999999959e+02,-1.416499999999999915e+01,1.563590000000000089e+02,1.416699999999999982e+01,9.477899999999999636e+01,4.900000000000000189e-02,9.477899999999999636e+01,8.997100000000000364e+01,8.243999999999999773e+00,2.449999999999999956e-01,3.500000000000000333e-02,-6.450999999999999730e-06,1.679000000000000048e+00,-8.999999999999999320e-03,8.624200000000000443e+01,8.996999999999999886e+01
1.242300000000000004e+01,2.333791999999999916e+03,1.554350000000000023e+02,-1.411200000000000010e+01,1.556529999999999916e+02,1.411599999999999966e+01,9.519100000000000250e+01,4.900000000000000189e-02,9.519100000000000250e+01,8.997100000000000364e+01,8.227999999999999758e+00,3.400000000000000244e-01,2.400000000000000050e-02,-6.442000000000000325e-06,-1.647000000000000020e+00,-1.000000000000000021e-03,8.632699999999999818e+01,8.995999999999999375e+01
1.247300000000000075e+01,2.341545999999999822e+03,1.547309999999999945e+02,-1.406199999999999939e+01,1.549480000000000075e+02,1.406700000000000017e+01,9.560200000000000387e+01,4.900000000000000189e-02,9.560200000000000387e+01,8.996999999999999886e+01,8.210000000000000853e+00,4.069999999999999729e-01,6.700000000000000400e-02,-6.477999999999999641e-06,-1.449999999999999956e+00,3.000000000000000062e-03,8.640500000000000114e+01,8.995199999999999818e+01
1.252299999999999969e+01,2.349264999999999873e+03,1.540289999999999964e+02,-1.400999999999999979e+01,1.542460000000000093e+02,1.401900000000000013e+01,9.601200000000000045e+01,5.000000000000000278e-02,9.601200000000000045e+01,8.996999999999999886e+01,8.188000000000000611e+00,5.020000000000000018e-01,1.260000000000000009e-01,-6.505000000000000399e-06,-9.240000000000000435e-01,2.000000000000000042e-03,8.646599999999999397e+01,8.994599999999999795e+01
1.257300000000000040e+01,2.356949000000000069e+03,1.533300000000000125e+02,-1.396400000000000041e+01,1.535469999999999970e+02,1.397400000000000020e+01,9.642100000000000648e+01,5.000000000000000278e-02,9.642100000000000648e+01,8.996999999999999886e+01,8.160999999999999588e+00,5.200000000000000178e-01,1.409999999999999865e-01,-6.671999999999999817e-06,-1.630000000000000060e-01,-5.006999999999999732e-04,8.649299999999999500e+01,8.994299999999999784e+01
1.262299999999999933e+01,2.364597999999999956e+03,1.526320000000000050e+02,-1.392300000000000004e+01,1.528489999999999895e+02,1.393099999999999916e+01,9.682800000000000296e+01,5.000000000000000278e-02,9.682800000000000296e+01,8.996999999999999886e+01,8.137000000000000455e+00,4.610000000000000209e-01,1.089999999999999997e-01,-6.853000000000000286e-06,4.959999999999999964e-01,-4.000000000000000083e-03,8.648399999999999466e+01,8.994299999999999784e+01
1.267300000000000004e+01,2.372211999999999989e+03,1.519370000000000118e+02,-1.388400000000000034e+01,1.521539999999999964e+02,1.388899999999999935e+01,9.723399999999999466e+01,5.099999999999999672e-02,9.723399999999999466e+01,8.996999999999999886e+01,8.115999999999999659e+00,3.780000000000000027e-01,6.099999999999999867e-02,-6.997000000000000093e-06,9.449999999999999512e-01,-1.000000000000000021e-02,8.644700000000000273e+01,8.994400000000000261e+01
1.272300000000000075e+01,2.379791999999999916e+03,1.512439999999999998e+02,-1.384399999999999942e+01,1.514610000000000127e+02,1.384699999999999953e+01,9.764000000000000057e+01,5.099999999999999672e-02,9.764000000000000057e+01,8.996999999999999886e+01,8.099000000000000199e+00,3.220000000000000084e-01,2.800000000000000058e-02,-7.259999999999999947e-06,1.137000000000000011e+00,-1.700000000000000122e-02,8.639400000000000546e+01,8.994799999999999329e+01
1.277299999999999969e+01,2.387336999999999989e+03,1.505529999999999973e+02,-1.380300000000000082e+01,1.507700000000000102e+02,1.380599999999999916e+01,9.804399999999999693e+01,5.099999999999999672e-02,9.804399999999999693e+01,8.996999999999999886e+01,8.083000000000000185e+00,2.879999999999999782e-01,7.000000000000000146e-03,-7.223000000000000132e-06,1.245000000000000107e+00,-2.400000000000000050e-02,8.633400000000000318e+01,8.995399999999999352e+01
1.282300000000000040e+01,2.394847000000000207e+03,1.498640000000000043e+02,-1.376699999999999946e+01,1.500809999999999889e+02,1.376800000000000068e+01,9.844799999999999329e+01,5.199999999999999761e-02,9.844799999999999329e+01,8.996999999999999886e+01,8.070999999999999730e+00,1.839999999999999969e-01,5.800000000000000294e-02,-7.133999999999999798e-06,-1.165000000000000036e+00,-4.000000000000000083e-03,8.627299999999999613e+01,8.996099999999999852e+01
1.287299999999999933e+01,2.402322999999999865e+03,1.491759999999999877e+02,-1.372899999999999920e+01,1.493940000000000055e+02,1.372899999999999920e+01,9.885099999999999909e+01,5.199999999999999761e-02,9.885099999999999909e+01,8.996999999999999886e+01,8.064999999999999503e+00,1.150000000000000050e-01,1.000000000000000056e-01,-7.356000000000000383e-06,-6.899999999999999467e-01,-4.000000000000000083e-03,8.622499999999999432e+01,8.996800000000000352e+01
1.292300000000000004e+01,2.409764999999999873e+03,1.484910000000000139e+02,-1.368699999999999939e+01,1.487090000000000032e+02,1.368699999999999939e+01,9.925499999999999545e+01,5.199999999999999761e-02,9.925499999999999545e+01,8.996999999999999886e+01,8.057999999999999829e+00,1.250000000000000000e-01,9.500000000000000111e-02,-7.378999999999999993e-06,-2.379999999999999893e-01,-2.000000000000000042e-03,8.620199999999999818e+01,8.997299999999999898e+01
1.297300000000000075e+01,2.417172000000000025e+03,1.478079999999999927e+02,-1.364199999999999946e+01,1.480269999999999868e+02,1.364300000000000068e+01,9.965699999999999648e+01,5.299999999999999850e-02,9.965699999999999648e+01,8.996999999999999886e+01,8.051999999999999602e+00,1.789999999999999925e-01,5.999999999999999778e-02,-7.458000000000000423e-06,2.119999999999999940e-01,-8.000000000000000167e-03,8.620199999999999818e+01,8.997599999999999909e+01
1.302299999999999969e+01,2.424545999999999822e+03,1.471270000000000095e+02,-1.359500000000000064e+01,1.473460000000000036e+02,1.359699999999999953e+01,1.000600000000000023e+02,5.299999999999999850e-02,1.000600000000000023e+02,8.996999999999999886e+01,8.039999999999999147e+00,2.730000000000000204e-01,2.000000000000000042e-03,-7.539000000000000155e-06,-2.310000000000000109e-01,-2.109999999999999931e-01,8.621699999999999875e+01,8.997700000000000387e+01
1.307300000000000040e+01,2.431885000000000218e+03,1.464480000000000075e+02,-1.355199999999999960e+01,1.466680000000000064e+02,1.355499999999999972e+01,1.004609999999999985e+02,5.399999999999999939e-02,1.004609999999999985e+02,8.996899999999999409e+01,8.025000000000000355e+00,3.049999999999999933e-01,2.400000000000000050e-02,-7.524999999999999951e-06,-2.389999999999999902e-01,-1.400000000000000029e-02,8.623099999999999454e+01,8.997599999999999909e+01
1.312299999999999933e+01,2.439190000000000055e+03,1.457719999999999914e+02,-1.351099999999999923e+01,1.459910000000000139e+02,1.351399999999999935e+01,1.008619999999999948e+02,5.399999999999999939e-02,1.008619999999999948e+02,8.996899999999999409e+01,8.009000000000000341e+00,3.170000000000000040e-01,3.500000000000000333e-02,-7.505999999999999794e-06,-9.800000000000000377e-02,-1.299999999999999940e-02,8.623999999999999488e+01,8.997199999999999420e+01
1.317300000000000004e+01,2.446461999999999989e+03,1.450970000000000084e+02,-1.346899999999999942e+01,1.453170000000000073e+02,1.347300000000000075e+01,1.012620000000000005e+02,5.399999999999999939e-02,1.012620000000000005e+02,8.996899999999999409e+01,7.993000000000000327e+00,3.479999999999999760e-01,5.700000000000000205e-02,-7.689000000000000413e-06,8.799999999999999489e-02,-1.299999999999999940e-02,8.623999999999999488e+01,8.996200000000000330e+01
1.322300000000000075e+01,2.453699999999999818e+03,1.444250000000000114e+02,-1.342900000000000027e+01,1.446450000000000102e+02,1.343399999999999928e+01,1.016610000000000014e+02,5.500000000000000028e-02,1.016610000000000014e+02,8.996899999999999409e+01,7.974999999999999645e+00,3.559999999999999831e-01,6.400000000000000133e-02,-7.801000000000000357e-06,4.149999999999999800e-01,-1.899999999999999953e-02,8.622799999999999443e+01,8.995199999999999818e+01
1.327299999999999969e+01,2.460905000000000200e+03,1.437539999999999907e+02,-1.339300000000000068e+01,1.439739999999999895e+02,1.339700000000000024e+01,1.020600000000000023e+02,5.500000000000000028e-02,1.020600000000000023e+02,8.996899999999999409e+01,7.958000000000000185e+00,3.009999999999999898e-01,2.900000000000000147e-02,-7.675000000000000209e-06,6.330000000000000071e-01,-3.899999999999999994e-02,8.620099999999999341e+01,8.994100000000000250e+01
1.332300000000000040e+01,2.468076000000000022e+03,1.430850000000000080e+02,-1.335800000000000054e+01,1.433060000000000116e+02,1.336100000000000065e+01,1.024569999999999936e+02,5.500000000000000028e-02,1.024569999999999936e+02,8.996899999999999409e+01,7.945000000000000284e+00,2.439999999999999947e-01,8.999999999999999320e-03,-7.717999999999999627e-06,-6.650000000000000355e-01,-1.079999999999999988e-01,8.616700000000000159e+01,8.993300000000000693e+01
1.337299999999999933e+01,2.475213000000000193e+03,1.424180000000000064e+02,-1.332499999999999929e+01,1.426390000000000100e+02,1.332600000000000051e+01,1.028539999999999992e+02,5.600000000000000117e-02,1.028539999999999992e+02,8.996899999999999409e+01,7.934000000000000163e+00,1.749999999999999889e-01,5.600000000000000117e-02,-7.641000000000000195e-06,-5.400000000000000355e-01,-1.899999999999999953e-02,8.613599999999999568e+01,8.993300000000000693e+01
1.342300000000000004e+01,2.482317000000000007e+03,1.417529999999999859e+02,-1.328700000000000081e+01,1.419739999999999895e+02,1.328800000000000026e+01,1.032510000000000048e+02,5.600000000000000117e-02,1.032510000000000048e+02,8.996899999999999409e+01,7.926999999999999602e+00,1.739999999999999880e-01,5.600000000000000117e-02,-7.726000000000000228e-06,-2.059999999999999887e-01,-1.499999999999999944e-02,8.611799999999999500e+01,8.993800000000000239e+01
1.347300000000000075e+01,2.489387999999999920e+03,1.410900000000000034e+02,-1.324300000000000033e+01,1.413120000000000118e+02,1.324600000000000044e+01,1.036470000000000056e+02,5.600000000000000117e-02,1.036470000000000056e+02,8.996899999999999409e+01,7.916000000000000369e+00,2.660000000000000142e-01,8.999999999999999320e-03,-7.716000000000000324e-06,1.100000000000000006e-01,8.000000000000000167e-03,8.611100000000000421e+01,8.994799999999999329e+01
1.352299999999999969e+01,2.496425999999999931e+03,1.404290000000000020e+02,-1.320299999999999940e+01,1.406510000000000105e+02,1.320700000000000074e+01,1.040420000000000016e+02,5.700000000000000205e-02,1.040420000000000016e+02,8.996899999999999409e+01,7.900000000000000355e+00,3.170000000000000040e-01,4.599999999999999922e-02,-7.617999999999999738e-06,2.660000000000000142e-01,1.700000000000000122e-02,8.610200000000000387e+01,8.995900000000000318e+01
1.357300000000000040e+01,2.503431000000000040e+03,1.397690000000000055e+02,-1.316600000000000037e+01,1.399910000000000139e+02,1.316999999999999993e+01,1.044369999999999976e+02,5.700000000000000205e-02,1.044369999999999976e+02,8.996899999999999409e+01,7.884000000000000341e+00,3.190000000000000058e-01,4.900000000000000189e-02,-7.510000000000000094e-06,4.759999999999999787e-01,2.400000000000000050e-02,8.608400000000000318e+01,8.996999999999999886e+01
1.362299999999999933e+01,2.510402999999999793e+03,1.391119999999999948e+02,-1.313199999999999967e+01,1.393340000000000032e+02,1.313499999999999979e+01,1.048310000000000031e+02,5.800000000000000294e-02,1.048310000000000031e+02,8.996899999999999409e+01,7.868999999999999773e+00,2.839999999999999747e-01,2.500000000000000139e-02,-7.357000000000000034e-06,6.620000000000000329e-01,5.099999999999999672e-02,8.605500000000000682e+01,8.997899999999999920e+01
1.367300000000000004e+01,2.517342999999999847e+03,1.384559999999999889e+02,-1.309999999999999964e+01,1.386790000000000020e+02,1.310200000000000031e+01,1.052240000000000038e+02,5.800000000000000294e-02,1.052240000000000038e+02,8.996800000000000352e+01,7.855999999999999872e+00,2.240000000000000047e-01,1.799999999999999864e-02,-7.333999999999999577e-06,-6.680000000000000382e-01,6.800000000000000488e-02,8.602100000000000080e+01,8.998399999999999466e+01
1.372300000000000075e+01,2.524248999999999796e+03,1.378019999999999925e+02,-1.306799999999999962e+01,1.380250000000000057e+02,1.306900000000000084e+01,1.056159999999999997e+02,5.800000000000000294e-02,1.056159999999999997e+02,8.996800000000000352e+01,7.846000000000000085e+00,1.779999999999999916e-01,5.099999999999999672e-02,-7.398000000000000150e-06,-5.250000000000000222e-01,2.500000000000000139e-02,8.598999999999999488e+01,8.998199999999999932e+01
1.377299999999999969e+01,2.531123000000000047e+03,1.371490000000000009e+02,-1.303500000000000014e+01,1.373729999999999905e+02,1.303599999999999959e+01,1.060079999999999956e+02,5.899999999999999689e-02,1.060079999999999956e+02,8.996800000000000352e+01,7.838000000000000078e+00,1.419999999999999873e-01,7.699999999999999900e-02,-7.376000000000000191e-06,-2.610000000000000098e-01,1.799999999999999864e-02,8.596999999999999886e+01,8.997499999999999432e+01
1.382300000000000040e+01,2.537963999999999942e+03,1.364979999999999905e+02,-1.299900000000000055e+01,1.367230000000000132e+02,1.300000000000000000e+01,1.064000000000000057e+02,5.899999999999999689e-02,1.064000000000000057e+02,8.996800000000000352e+01,7.831999999999999851e+00,1.459999999999999909e-01,7.299999999999999545e-02,-7.403000000000000102e-06,7.900000000000000078e-02,2.000000000000000042e-02,8.596599999999999397e+01,8.996200000000000330e+01
1.387299999999999933e+01,2.544773000000000138e+03,1.358489999999999895e+02,-1.296299999999999919e+01,1.360740000000000123e+02,1.296400000000000041e+01,1.067920000000000016e+02,5.899999999999999689e-02,1.067920000000000016e+02,8.996800000000000352e+01,7.823000000000000398e+00,1.719999999999999862e-01,5.199999999999999761e-02,-7.323999999999999673e-06,3.069999999999999951e-01,2.199999999999999872e-02,8.597599999999999909e+01,8.994799999999999329e+01
1.392300000000000004e+01,2.551548999999999978e+03,1.352019999999999982e+02,-1.292699999999999960e+01,1.354279999999999973e+02,1.292900000000000027e+01,1.071830000000000069e+02,5.999999999999999778e-02,1.071830000000000069e+02,8.996800000000000352e+01,7.815000000000000391e+00,1.910000000000000031e-01,3.500000000000000333e-02,-7.330999999999999775e-06,4.979999999999999982e-01,3.200000000000000067e-02,8.599599999999999511e+01,8.993699999999999761e+01
1.397300000000000075e+01,2.558293000000000120e+03,1.345569999999999879e+02,-1.288799999999999990e+01,1.347829999999999870e+02,1.289100000000000001e+01,1.075729999999999933e+02,5.999999999999999778e-02,1.075729999999999933e+02,8.996800000000000352e+01,7.804000000000000270e+00,2.600000000000000089e-01,2.100000000000000130e-02,-7.354000000000000233e-06,-5.590000000000000524e-01,4.100000000000000172e-02,8.602299999999999613e+01,8.992900000000000205e+01
1.402299999999999969e+01,2.565005000000000109e+03,1.339130000000000109e+02,-1.284999999999999964e+01,1.341399999999999864e+02,1.285500000000000043e+01,1.079629999999999939e+02,5.999999999999999778e-02,1.079629999999999939e+02,8.996800000000000352e+01,7.788000000000000256e+00,3.290000000000000147e-01,7.799999999999999989e-02,-7.323999999999999673e-06,-3.340000000000000191e-01,1.000000000000000021e-02,8.604699999999999704e+01,8.992700000000000671e+01
1.407300000000000040e+01,2.571684000000000196e+03,1.332719999999999914e+02,-1.281400000000000006e+01,1.334979999999999905e+02,1.281900000000000084e+01,1.083520000000000039e+02,6.099999999999999867e-02,1.083520000000000039e+02,8.996800000000000352e+01,7.770999999999999908e+00,3.770000000000000018e-01,1.189999999999999947e-01,-7.435999999999999617e-06,2.100000000000000130e-02,6.000000000000000125e-03,8.605500000000000682e+01,8.993000000000000682e+01
1.412299999999999933e+01,2.578331999999999880e+03,1.326320000000000050e+02,-1.277999999999999936e+01,1.328580000000000041e+02,1.278599999999999959e+01,1.087399999999999949e+02,6.099999999999999867e-02,1.087399999999999949e+02,8.996800000000000352e+01,7.751000000000000334e+00,3.950000000000000178e-01,1.350000000000000089e-01,-7.757999999999999244e-06,5.620000000000000551e-01,4.000000000000000083e-03,8.604099999999999682e+01,8.993600000000000705e+01
1.417300000000000004e+01,2.584947000000000116e+03,1.319939999999999998e+02,-1.275000000000000000e+01,1.322199999999999989e+02,1.275500000000000078e+01,1.091269999999999953e+02,6.199999999999999956e-02,1.091269999999999953e+02,8.996800000000000352e+01,7.732999999999999652e+00,3.529999999999999805e-01,1.029999999999999943e-01,-7.656999999999999703e-06,1.008000000000000007e+00,5.749000000000000421e-04,8.600100000000000477e+01,8.994199999999999307e+01
1.422300000000000075e+01,2.591530999999999949e+03,1.313569999999999993e+02,-1.272100000000000009e+01,1.315829999999999984e+02,1.272400000000000020e+01,1.095130000000000052e+02,6.199999999999999956e-02,1.095130000000000052e+02,8.996800000000000352e+01,7.716000000000000192e+00,3.049999999999999933e-01,6.500000000000000222e-02,-7.646999999999999799e-06,1.330000000000000071e+00,7.000000000000000146e-03,8.594199999999999307e+01,8.995000000000000284e+01
1.427299999999999969e+01,2.598083000000000084e+03,1.307210000000000036e+02,-1.269500000000000028e+01,1.309480000000000075e+02,1.269699999999999918e+01,1.098990000000000009e+02,6.199999999999999956e-02,1.098990000000000009e+02,8.996800000000000352e+01,7.703000000000000291e+00,2.109999999999999931e-01,1.299999999999999940e-02,-7.696999999999999320e-06,-1.459999999999999964e+00,3.099999999999999978e-02,8.587099999999999511e+01,8.995799999999999841e+01
1.432300000000000040e+01,2.604603000000000065e+03,1.300869999999999891e+02,-1.266999999999999993e+01,1.303149999999999977e+02,1.267099999999999937e+01,1.102840000000000060e+02,6.300000000000000044e-02,1.102840000000000060e+02,8.996699999999999875e+01,7.695000000000000284e+00,1.170000000000000068e-01,9.199999999999999845e-02,-7.662999999999999307e-06,-1.229999999999999982e+00,4.000000000000000083e-03,8.580200000000000671e+01,8.996500000000000341e+01
1.437299999999999933e+01,2.611092000000000098e+03,1.294540000000000077e+02,-1.264199999999999946e+01,1.296829999999999927e+02,1.264199999999999946e+01,1.106680000000000064e+02,6.300000000000000044e-02,1.106680000000000064e+02,8.996699999999999875e+01,7.690000000000000391e+00,8.100000000000000255e-02,1.229999999999999982e-01,-7.629999999999999792e-06,-8.289999999999999591e-01,4.000000000000000083e-03,8.575100000000000477e+01,8.996899999999999409e+01
1.442300000000000004e+01,2.617548999999999978e+03,1.288230000000000075e+02,-1.260899999999999999e+01,1.290519999999999925e+02,1.260999999999999943e+01,1.110529999999999973e+02,6.300000000000000044e-02,1.110529999999999973e+02,8.996699999999999875e+01,7.685999999999999943e+00,9.900000000000000466e-02,1.079999999999999988e-01,-7.743000000000000235e-06,-3.750000000000000000e-01,4.000000000000000083e-03,8.572100000000000364e+01,8.996999999999999886e+01
1.447300000000000075e+01,2.623974000000000160e+03,1.281939999999999884e+02,-1.257600000000000051e+01,1.284230000000000018e+02,1.257699999999999996e+01,1.114369999999999976e+02,6.400000000000000133e-02,1.114369999999999976e+02,8.996699999999999875e+01,7.679999999999999716e+00,1.290000000000000036e-01,8.200000000000000344e-02,-7.755999999999999941e-06,-6.900000000000000577e-02,5.000000000000000104e-03,8.570999999999999375e+01,8.996899999999999409e+01
1.452299999999999969e+01,2.630367999999999938e+03,1.275660000000000025e+02,-1.254499999999999993e+01,1.277960000000000065e+02,1.254499999999999993e+01,1.118209999999999980e+02,6.400000000000000133e-02,1.118209999999999980e+02,8.996699999999999875e+01,7.673000000000000043e+00,1.419999999999999873e-01,7.000000000000000666e-02,-7.655999999999999205e-06,2.210000000000000020e-01,3.000000000000000062e-03,8.571399999999999864e+01,8.996500000000000341e+01
1.457300000000000040e+01,2.636731000000000222e+03,1.269389999999999930e+02,-1.251099999999999923e+01,1.271700000000000017e+02,1.251299999999999990e+01,1.122039999999999935e+02,6.500000000000000222e-02,1.122039999999999935e+02,8.996699999999999875e+01,7.665000000000000036e+00,1.799999999999999933e-01,3.500000000000000333e-02,-7.573999999999999820e-06,3.970000000000000195e-01,2.000000000000000042e-03,8.573000000000000398e+01,8.996099999999999852e+01
1.462299999999999933e+01,2.643061999999999898e+03,1.263139999999999930e+02,-1.247799999999999976e+01,1.265460000000000065e+02,1.248000000000000043e+01,1.125870000000000033e+02,6.500000000000000222e-02,1.125870000000000033e+02,8.996699999999999875e+01,7.655000000000000249e+00,2.280000000000000082e-01,1.099999999999999936e-02,-7.590999999999999827e-06,-4.530000000000000138e-01,-1.299999999999999940e-02,8.575199999999999534e+01,8.995600000000000307e+01
1.467300000000000004e+01,2.649362000000000080e+03,1.256910000000000025e+02,-1.244500000000000028e+01,1.259230000000000018e+02,1.244800000000000040e+01,1.129699999999999989e+02,6.500000000000000222e-02,1.129699999999999989e+02,8.996699999999999875e+01,7.642999999999999794e+00,2.700000000000000178e-01,5.099999999999999672e-02,-7.568999999999999868e-06,-3.240000000000000102e-01,-7.000000000000000146e-03,8.577200000000000557e+01,8.995099999999999341e+01
1.472300000000000075e+01,2.655630999999999858e+03,1.250699999999999932e+02,-1.241399999999999970e+01,1.253020000000000067e+02,1.241799999999999926e+01,1.133509999999999991e+02,6.600000000000000311e-02,1.133509999999999991e+02,8.996699999999999875e+01,7.628999999999999559e+00,2.859999999999999765e-01,6.800000000000000488e-02,-7.512999999999999896e-06,-1.229999999999999982e-01,-8.000000000000000167e-03,8.578300000000000125e+01,8.994599999999999795e+01
1.477299999999999969e+01,2.661869000000000142e+03,1.244500000000000028e+02,-1.238400000000000034e+01,1.246830000000000069e+02,1.238700000000000045e+01,1.137319999999999993e+02,6.600000000000000311e-02,1.137319999999999993e+02,8.996699999999999875e+01,7.613999999999999879e+00,3.049999999999999933e-01,8.899999999999999578e-02,-7.352000000000000082e-06,1.310000000000000053e-01,-1.000000000000000021e-02,8.578300000000000125e+01,8.993999999999999773e+01
1.482300000000000040e+01,2.668076000000000022e+03,1.238310000000000031e+02,-1.235399999999999920e+01,1.240639999999999930e+02,1.235800000000000054e+01,1.141129999999999995e+02,6.700000000000000400e-02,1.141129999999999995e+02,8.996699999999999875e+01,7.597999999999999865e+00,3.160000000000000031e-01,1.010000000000000064e-01,-7.301000000000000062e-06,4.600000000000000200e-01,-1.099999999999999936e-02,8.576900000000000546e+01,8.993500000000000227e+01
1.487299999999999933e+01,2.674251999999999953e+03,1.232139999999999986e+02,-1.232799999999999940e+01,1.234479999999999933e+02,1.233099999999999952e+01,1.144920000000000044e+02,6.700000000000000400e-02,1.144920000000000044e+02,8.996699999999999875e+01,7.583000000000000185e+00,2.849999999999999756e-01,7.399999999999999634e-02,-7.413000000000000007e-06,7.720000000000000195e-01,-1.499999999999999944e-02,8.573699999999999477e+01,8.993300000000000693e+01
1.492300000000000004e+01,2.680398000000000138e+03,1.225990000000000038e+02,-1.230199999999999960e+01,1.228319999999999936e+02,1.230400000000000027e+01,1.148709999999999951e+02,6.700000000000000400e-02,1.148709999999999951e+02,8.996599999999999397e+01,7.570000000000000284e+00,2.479999999999999982e-01,4.000000000000000083e-02,-7.405999999999999904e-06,9.310000000000000497e-01,-2.999999999999999889e-02,8.569400000000000261e+01,8.993300000000000693e+01
1.497300000000000075e+01,2.686512000000000171e+03,1.219839999999999947e+02,-1.227500000000000036e+01,1.222180000000000035e+02,1.227699999999999925e+01,1.152489999999999952e+02,6.800000000000000488e-02,1.152489999999999952e+02,8.996599999999999397e+01,7.557999999999999829e+00,2.320000000000000118e-01,2.500000000000000139e-02,-7.400000000000000300e-06,1.044999999999999929e+00,-4.200000000000000261e-02,8.564499999999999602e+01,8.993600000000000705e+01
1.502299999999999969e+01,2.692596000000000004e+03,1.213709999999999951e+02,-1.225099999999999945e+01,1.216059999999999945e+02,1.225200000000000067e+01,1.156269999999999953e+02,6.800000000000000488e-02,1.156269999999999953e+02,8.996599999999999397e+01,7.546999999999999709e+00,1.819999999999999951e-01,2.299999999999999961e-02,-7.374999999999999693e-06,-1.072999999999999954e+00,-4.399999999999999745e-02,8.559099999999999397e+01,8.993999999999999773e+01
1.507300000000000040e+01,2.698650000000000091e+03,1.207590000000000003e+02,-1.222499999999999964e+01,1.209939999999999998e+02,1.222600000000000087e+01,1.160040000000000049e+02,6.900000000000000577e-02,1.160040000000000049e+02,8.996599999999999397e+01,7.538999999999999702e+00,1.620000000000000051e-01,4.299999999999999656e-02,-7.349999999999999932e-06,-9.160000000000000364e-01,-1.700000000000000122e-02,8.554099999999999682e+01,8.994499999999999318e+01
1.512299999999999933e+01,2.704672000000000025e+03,1.201490000000000009e+02,-1.219500000000000028e+01,1.203840000000000003e+02,1.219699999999999918e+01,1.163810000000000002e+02,6.900000000000000577e-02,1.163810000000000002e+02,8.996599999999999397e+01,7.530000000000000249e+00,1.960000000000000075e-01,8.999999999999999320e-03,-7.306999999999999666e-06,-8.439999999999999725e-01,-6.000000000000000125e-03,8.549800000000000466e+01,8.995099999999999341e+01
1.517300000000000004e+01,2.710664000000000215e+03,1.195400000000000063e+02,-1.216999999999999993e+01,1.197759999999999962e+02,1.217200000000000060e+01,1.167570000000000050e+02,6.900000000000000577e-02,1.167570000000000050e+02,8.996599999999999397e+01,7.519999999999999574e+00,1.660000000000000087e-01,3.799999999999999906e-02,-7.310000000000000315e-06,-8.279999999999999583e-01,2.000000000000000042e-03,8.545499999999999829e+01,8.995799999999999841e+01
1.522300000000000075e+01,2.716626000000000204e+03,1.189320000000000022e+02,-1.214899999999999913e+01,1.191689999999999969e+02,1.214899999999999913e+01,1.171329999999999956e+02,7.000000000000000666e-02,1.171329999999999956e+02,8.996599999999999397e+01,7.514000000000000234e+00,9.800000000000000377e-02,1.069999999999999979e-01,-7.271000000000000350e-06,-5.859999999999999654e-01,-2.000000000000000042e-03,8.541899999999999693e+01,8.996399999999999864e+01
1.527299999999999969e+01,2.722557999999999993e+03,1.183250000000000028e+02,-1.212400000000000055e+01,1.185630000000000024e+02,1.212400000000000055e+01,1.175090000000000003e+02,7.000000000000000666e-02,1.175090000000000003e+02,8.996599999999999397e+01,7.509999999999999787e+00,7.799999999999999989e-02,1.270000000000000018e-01,-7.441000000000000416e-06,-2.220000000000000029e-01,-1.000000000000000021e-03,8.539900000000000091e+01,8.996699999999999875e+01
1.532300000000000040e+01,2.728458999999999833e+03,1.177189999999999941e+02,-1.209900000000000020e+01,1.179579999999999984e+02,1.209900000000000020e+01,1.178840000000000003e+02,7.099999999999999367e-02,1.178840000000000003e+02,8.996599999999999397e+01,7.506000000000000227e+00,5.399999999999999939e-02,1.499999999999999944e-01,-7.437000000000000116e-06,1.620000000000000051e-01,1.000000000000000021e-03,8.539700000000000557e+01,8.996800000000000352e+01
1.537299999999999933e+01,2.734329999999999927e+03,1.171149999999999949e+02,-1.206900000000000084e+01,1.173550000000000040e+02,1.207000000000000028e+01,1.182590000000000003e+02,7.099999999999999367e-02,1.182590000000000003e+02,8.996599999999999397e+01,7.503999999999999559e+00,9.900000000000000466e-02,1.029999999999999943e-01,-7.520999999999999650e-06,6.270000000000000018e-01,1.523999999999999910e-04,8.541700000000000159e+01,8.996399999999999864e+01
1.542300000000000004e+01,2.740170000000000073e+03,1.165120000000000005e+02,-1.203299999999999947e+01,1.167530000000000001e+02,1.203500000000000014e+01,1.186340000000000003e+02,7.099999999999999367e-02,1.186340000000000003e+02,8.996599999999999397e+01,7.495000000000000107e+00,2.340000000000000135e-01,4.200000000000000261e-02,-7.498000000000000040e-06,-6.929999999999999494e-01,-2.000000000000000042e-02,8.545199999999999818e+01,8.995900000000000318e+01
1.547300000000000075e+01,2.745981000000000222e+03,1.159120000000000061e+02,-1.200000000000000000e+01,1.161530000000000058e+02,1.200500000000000078e+01,1.190090000000000003e+02,7.199999999999999456e-02,1.190090000000000003e+02,8.996500000000000341e+01,7.480999999999999872e+00,3.280000000000000138e-01,1.459999999999999909e-01,-7.629999999999999792e-06,-4.109999999999999765e-01,-1.200000000000000025e-02,8.548099999999999454e+01,8.995099999999999341e+01
1.552299999999999969e+01,2.751760999999999967e+03,1.153119999999999976e+02,-1.197300000000000075e+01,1.155540000000000020e+02,1.197799999999999976e+01,1.193820000000000050e+02,7.199999999999999456e-02,1.193820000000000050e+02,8.996500000000000341e+01,7.463000000000000078e+00,3.539999999999999813e-01,1.779999999999999916e-01,-7.635999999999999396e-06,9.600000000000000200e-02,-1.400000000000000029e-02,8.548900000000000432e+01,8.994299999999999784e+01
1.557300000000000040e+01,2.757512000000000171e+03,1.147139999999999986e+02,-1.195100000000000051e+01,1.149560000000000031e+02,1.195500000000000007e+01,1.197549999999999955e+02,7.299999999999999545e-02,1.197549999999999955e+02,8.996500000000000341e+01,7.445999999999999730e+00,3.089999999999999969e-01,1.320000000000000062e-01,-7.407000000000000403e-06,5.470000000000000417e-01,-1.400000000000000029e-02,8.547199999999999420e+01,8.993600000000000705e+01
1.562299999999999933e+01,2.763233000000000175e+03,1.141170000000000044e+02,-1.192800000000000082e+01,1.143589999999999947e+02,1.193200000000000038e+01,1.201269999999999953e+02,7.299999999999999545e-02,1.201269999999999953e+02,8.996500000000000341e+01,7.432000000000000384e+00,2.770000000000000240e-01,1.000000000000000056e-01,-7.427999999999999863e-06,8.379999999999999671e-01,-1.600000000000000033e-02,8.543800000000000239e+01,8.993200000000000216e+01
1.567300000000000004e+01,2.768923999999999978e+03,1.135210000000000008e+02,-1.190600000000000058e+01,1.137639999999999958e+02,1.190900000000000070e+01,1.204980000000000047e+02,7.299999999999999545e-02,1.204980000000000047e+02,8.996500000000000341e+01,7.418999999999999595e+00,2.449999999999999956e-01,6.500000000000000222e-02,-7.417999999999999959e-06,1.098000000000000087e+00,-2.999999999999999889e-02,8.538899999999999579e+01,8.992900000000000205e+01
1.572300000000000075e+01,2.774585000000000036e+03,1.129270000000000067e+02,-1.188400000000000034e+01,1.131689999999999969e+02,1.188599999999999923e+01,1.208689999999999998e+02,7.399999999999999634e-02,1.208689999999999998e+02,8.996500000000000341e+01,7.408000000000000362e+00,2.190000000000000002e-01,3.699999999999999817e-02,-7.366000000000000287e-06,1.189000000000000057e+00,-5.299999999999999850e-02,8.533100000000000307e+01,8.992900000000000205e+01
1.577299999999999969e+01,2.780217000000000098e+03,1.123329999999999984e+02,-1.186100000000000065e+01,1.125759999999999934e+02,1.186200000000000010e+01,1.212390000000000043e+02,7.399999999999999634e-02,1.212390000000000043e+02,8.996500000000000341e+01,7.397000000000000242e+00,2.039999999999999869e-01,2.100000000000000130e-02,-7.359000000000000185e-06,1.306000000000000050e+00,-9.700000000000000289e-02,8.526800000000000068e+01,8.993000000000000682e+01
1.582300000000000040e+01,2.785818000000000211e+03,1.117409999999999997e+02,-1.183799999999999919e+01,1.119849999999999994e+02,1.183900000000000041e+01,1.216089999999999947e+02,7.499999999999999722e-02,1.216089999999999947e+02,8.996500000000000341e+01,7.387999999999999901e+00,1.940000000000000058e-01,8.999999999999999320e-03,-7.349000000000000280e-06,1.278000000000000025e+00,-2.030000000000000138e-01,8.520300000000000296e+01,8.993200000000000216e+01
1.587299999999999933e+01,2.791391000000000076e+03,1.111490000000000009e+02,-1.181300000000000061e+01,1.113940000000000055e+02,1.181499999999999950e+01,1.219779999999999944e+02,7.499999999999999722e-02,1.219779999999999944e+02,8.996500000000000341e+01,7.376999999999999780e+00,2.039999999999999869e-01,2.000000000000000042e-02,-7.347000000000000130e-06,1.370000000000000107e+00,-6.500000000000000222e-02,8.513700000000000045e+01,8.993600000000000705e+01
1.592300000000000004e+01,2.796932999999999993e+03,1.105589999999999975e+02,-1.179499999999999993e+01,1.108040000000000020e+02,1.179599999999999937e+01,1.223460000000000036e+02,7.499999999999999722e-02,1.223460000000000036e+02,8.996500000000000341e+01,7.368000000000000327e+00,1.380000000000000115e-01,5.800000000000000294e-02,-7.384999999999999597e-06,-1.352000000000000091e+00,-2.299999999999999961e-02,8.506799999999999784e+01,8.994100000000000250e+01
1.597300000000000075e+01,2.802447000000000116e+03,1.099699999999999989e+02,-1.177699999999999925e+01,1.102159999999999940e+02,1.177699999999999925e+01,1.227150000000000034e+02,7.599999999999999811e-02,1.227150000000000034e+02,8.996500000000000341e+01,7.363000000000000433e+00,7.499999999999999722e-02,1.330000000000000071e-01,-7.525999999999999602e-06,-1.070999999999999952e+00,-1.000000000000000021e-02,8.500600000000000023e+01,8.994799999999999329e+01
1.602299999999999969e+01,2.807929999999999836e+03,1.093810000000000002e+02,-1.175699999999999967e+01,1.096290000000000049e+02,1.175699999999999967e+01,1.230829999999999984e+02,7.599999999999999811e-02,1.230829999999999984e+02,8.996399999999999864e+01,7.360000000000000320e+00,4.200000000000000261e-02,1.729999999999999871e-01,-7.461999999999999876e-06,-6.999999999999999556e-01,-6.000000000000000125e-03,8.496200000000000330e+01,8.995300000000000296e+01
1.607300000000000040e+01,2.813385000000000218e+03,1.087939999999999969e+02,-1.173600000000000065e+01,1.090430000000000064e+02,1.173600000000000065e+01,1.234509999999999934e+02,7.699999999999999900e-02,1.234509999999999934e+02,8.996399999999999864e+01,7.358999999999999986e+00,1.700000000000000122e-02,2.049999999999999878e-01,-7.439999999999999917e-06,-2.049999999999999878e-01,-5.000000000000000104e-03,8.493899999999999295e+01,8.995699999999999363e+01
1.612300000000000111e+01,2.818809999999999945e+03,1.082079999999999984e+02,-1.171199999999999974e+01,1.084579999999999984e+02,1.171199999999999974e+01,1.238190000000000026e+02,7.699999999999999900e-02,1.238190000000000026e+02,8.996399999999999864e+01,7.357999999999999652e+00,2.900000000000000147e-02,1.890000000000000013e-01,-7.432999999999999815e-06,2.919999999999999818e-01,-1.000000000000000021e-03,8.494100000000000250e+01,8.995900000000000318e+01
1.617299999999999827e+01,2.824206000000000131e+03,1.076230000000000047e+02,-1.168299999999999983e+01,1.078739999999999952e+02,1.168399999999999928e+01,1.241860000000000070e+02,7.799999999999999989e-02,1.241860000000000070e+02,8.996399999999999864e+01,7.355000000000000426e+00,9.900000000000000466e-02,1.019999999999999934e-01,-7.439000000000000266e-06,6.929999999999999494e-01,-2.000000000000000042e-03,8.496699999999999875e+01,8.995699999999999363e+01
1.622299999999999898e+01,2.829572000000000116e+03,1.070400000000000063e+02,-1.165499999999999936e+01,1.072920000000000016e+02,1.165600000000000058e+01,1.245540000000000020e+02,7.799999999999999989e-02,1.245540000000000020e+02,8.996399999999999864e+01,7.347999999999999865e+00,1.660000000000000087e-01,1.400000000000000029e-02,-7.427999999999999863e-06,7.820000000000000284e-01,-2.800000000000000058e-02,8.500400000000000489e+01,8.995399999999999352e+01
1.627299999999999969e+01,2.834909000000000106e+03,1.064569999999999936e+02,-1.163199999999999967e+01,1.067099999999999937e+02,1.163299999999999912e+01,1.249210000000000065e+02,7.900000000000000078e-02,1.249210000000000065e+02,8.996399999999999864e+01,7.339000000000000412e+00,1.719999999999999862e-01,3.000000000000000062e-03,-7.422999999999999911e-06,7.970000000000000417e-01,-8.400000000000000522e-02,8.504399999999999693e+01,8.995000000000000284e+01
1.632300000000000040e+01,2.840217999999999847e+03,1.058760000000000048e+02,-1.160800000000000054e+01,1.061299999999999955e+02,1.160999999999999943e+01,1.252879999999999967e+02,7.900000000000000078e-02,1.252879999999999967e+02,8.996399999999999864e+01,7.330000000000000071e+00,1.920000000000000040e-01,2.800000000000000058e-02,-7.418999999999999610e-06,-7.870000000000000329e-01,-8.999999999999999320e-03,8.508400000000000318e+01,8.994700000000000273e+01
1.637300000000000111e+01,2.845496999999999844e+03,1.052969999999999970e+02,-1.158200000000000074e+01,1.055510000000000019e+02,1.158500000000000085e+01,1.256539999999999964e+02,7.900000000000000078e-02,1.256539999999999964e+02,8.996399999999999864e+01,7.320000000000000284e+00,2.379999999999999893e-01,9.199999999999999845e-02,-7.458000000000000423e-06,-6.570000000000000284e-01,-4.000000000000000083e-03,8.512099999999999511e+01,8.994299999999999784e+01
1.642299999999999827e+01,2.850748000000000047e+03,1.047180000000000035e+02,-1.155599999999999916e+01,1.049729999999999990e+02,1.156000000000000050e+01,1.260199999999999960e+02,8.000000000000000167e-02,1.260199999999999960e+02,8.996399999999999864e+01,7.307000000000000384e+00,2.959999999999999853e-01,1.729999999999999871e-01,-7.551999999999999862e-06,-3.559999999999999831e-01,-5.000000000000000104e-03,8.514700000000000557e+01,8.993899999999999295e+01
1.647299999999999898e+01,2.855969000000000051e+03,1.041410000000000053e+02,-1.153100000000000058e+01,1.043960000000000008e+02,1.153599999999999959e+01,1.263850000000000051e+02,8.000000000000000167e-02,1.263850000000000051e+02,8.996399999999999864e+01,7.290000000000000036e+00,3.449999999999999734e-01,2.429999999999999938e-01,-7.556000000000000162e-06,1.250000000000000000e-01,-4.000000000000000083e-03,8.515300000000000580e+01,8.993600000000000705e+01
1.652299999999999969e+01,2.861161999999999807e+03,1.035649999999999977e+02,-1.150900000000000034e+01,1.038199999999999932e+02,1.151399999999999935e+01,1.267489999999999952e+02,8.100000000000000255e-02,1.267489999999999952e+02,8.996399999999999864e+01,7.272999999999999687e+00,3.609999999999999876e-01,2.680000000000000160e-01,-7.612999999999999786e-06,7.159999999999999698e-01,-3.000000000000000062e-03,8.513299999999999557e+01,8.993500000000000227e+01
1.657300000000000040e+01,2.866326000000000022e+03,1.029899999999999949e+02,-1.148900000000000077e+01,1.032450000000000045e+02,1.149399999999999977e+01,1.271119999999999948e+02,8.100000000000000255e-02,1.271119999999999948e+02,8.996299999999999386e+01,7.254999999999999893e+00,3.400000000000000244e-01,2.429999999999999938e-01,-7.593999999999999629e-06,1.296000000000000041e+00,-7.000000000000000146e-03,8.508199999999999363e+01,8.993399999999999750e+01
1.662300000000000111e+01,2.871460999999999785e+03,1.024159999999999968e+02,-1.147300000000000075e+01,1.026719999999999970e+02,1.147600000000000087e+01,1.274740000000000038e+02,8.200000000000000344e-02,1.274740000000000038e+02,8.996299999999999386e+01,7.238999999999999879e+00,2.879999999999999782e-01,1.749999999999999889e-01,-7.376999999999999843e-06,1.768999999999999906e+00,-8.999999999999999320e-03,8.500499999999999545e+01,8.993399999999999750e+01
1.667299999999999827e+01,2.876567000000000007e+03,1.018430000000000035e+02,-1.145500000000000007e+01,1.020990000000000038e+02,1.145800000000000018e+01,1.278359999999999985e+02,8.200000000000000344e-02,1.278359999999999985e+02,8.996299999999999386e+01,7.225999999999999979e+00,2.479999999999999982e-01,1.189999999999999947e-01,-7.272999999999999653e-06,2.061999999999999833e+00,-1.200000000000000025e-02,8.490800000000000125e+01,8.993600000000000705e+01
1.672299999999999898e+01,2.881644999999999982e+03,1.012710000000000008e+02,-1.143900000000000006e+01,1.015270000000000010e+02,1.144100000000000072e+01,1.281970000000000027e+02,8.200000000000000344e-02,1.281970000000000027e+02,8.996299999999999386e+01,7.214000000000000412e+00,2.059999999999999887e-01,5.999999999999999778e-02,-7.250000000000000043e-06,2.282999999999999918e+00,-2.299999999999999961e-02,8.479900000000000659e+01,8.993699999999999761e+01
1.677299999999999969e+01,2.886693999999999960e+03,1.006989999999999981e+02,-1.142399999999999949e+01,1.009560000000000031e+02,1.142500000000000071e+01,1.285569999999999879e+02,8.300000000000000433e-02,1.285569999999999879e+02,8.996299999999999386e+01,7.206000000000000405e+00,1.439999999999999891e-01,2.999999999999999889e-02,-7.250000000000000043e-06,-2.297000000000000153e+00,-3.799999999999999906e-02,8.468399999999999750e+01,8.993999999999999773e+01
1.682300000000000040e+01,2.891715000000000146e+03,1.001280000000000001e+02,-1.141099999999999959e+01,1.003870000000000005e+02,1.141099999999999959e+01,1.289180000000000064e+02,8.300000000000000433e-02,1.289180000000000064e+02,8.996299999999999386e+01,7.200000000000000178e+00,6.900000000000000577e-02,1.409999999999999865e-01,-7.215000000000000378e-06,-2.153000000000000025e+00,-7.000000000000000146e-03,8.457200000000000273e+01,8.994400000000000261e+01
1.687300000000000111e+01,2.896706999999999880e+03,9.955800000000000693e+01,-1.139799999999999969e+01,9.981799999999999784e+01,1.139799999999999969e+01,1.292769999999999868e+02,8.400000000000000522e-02,1.292779999999999916e+02,8.996299999999999386e+01,7.198999999999999844e+00,3.000000000000000062e-03,2.479999999999999982e-01,-7.162999999999999859e-06,-1.709000000000000075e+00,-4.000000000000000083e-03,8.447400000000000375e+01,8.994799999999999329e+01
1.692299999999999827e+01,2.901670999999999822e+03,9.898799999999999955e+01,-1.138100000000000023e+01,9.925000000000000000e+01,1.138100000000000023e+01,1.296370000000000005e+02,8.400000000000000522e-02,1.296370000000000005e+02,8.996299999999999386e+01,7.198999999999999844e+00,2.500000000000000139e-02,2.839999999999999747e-01,-7.077999999999999826e-06,-1.163000000000000034e+00,-4.000000000000000083e-03,8.440200000000000102e+01,8.995099999999999341e+01
1.697299999999999898e+01,2.906606000000000222e+03,9.842000000000000171e+01,-1.136299999999999955e+01,9.868300000000000693e+01,1.136299999999999955e+01,1.299970000000000141e+02,8.500000000000000611e-02,1.299970000000000141e+02,8.996299999999999386e+01,7.200999999999999623e+00,3.899999999999999994e-02,3.079999999999999960e-01,-7.211000000000000077e-06,-5.590000000000000524e-01,-2.000000000000000042e-03,8.435899999999999466e+01,8.995300000000000296e+01
1.702299999999999969e+01,2.911512999999999920e+03,9.785200000000000387e+01,-1.134399999999999942e+01,9.811700000000000443e+01,1.134500000000000064e+01,1.303580000000000041e+02,8.500000000000000611e-02,1.303580000000000041e+02,8.996299999999999386e+01,7.203000000000000291e+00,4.800000000000000100e-02,3.220000000000000084e-01,-7.264999999999999899e-06,6.900000000000000577e-02,-3.000000000000000062e-03,8.434699999999999420e+01,8.995499999999999829e+01
1.707300000000000040e+01,2.916391000000000076e+03,9.728499999999999659e+01,-1.132099999999999973e+01,9.755200000000000671e+01,1.132099999999999973e+01,1.307179999999999893e+02,8.599999999999999312e-02,1.307179999999999893e+02,8.996200000000000330e+01,7.205000000000000071e+00,7.000000000000000146e-03,2.600000000000000089e-01,-7.220999999999999981e-06,6.909999999999999476e-01,-3.000000000000000062e-03,8.436599999999999966e+01,8.995600000000000307e+01
1.712300000000000111e+01,2.921240999999999985e+03,9.671999999999999886e+01,-1.129599999999999937e+01,9.698799999999999955e+01,1.129599999999999937e+01,1.310780000000000030e+02,8.599999999999999312e-02,1.310780000000000030e+02,8.996200000000000330e+01,7.203000000000000291e+00,5.399999999999999939e-02,1.650000000000000078e-01,-7.228999999999999735e-06,1.068999999999999950e+00,-4.000000000000000083e-03,8.441100000000000136e+01,8.995499999999999829e+01
1.717299999999999827e+01,2.926063000000000102e+03,9.615600000000000591e+01,-1.127299999999999969e+01,9.642499999999999716e+01,1.127299999999999969e+01,1.314379999999999882e+02,8.599999999999999312e-02,1.314379999999999882e+02,8.996200000000000330e+01,7.200000000000000178e+00,9.299999999999999933e-02,9.900000000000000466e-02,-7.260999999999999598e-06,1.344000000000000083e+00,-8.000000000000000167e-03,8.447199999999999420e+01,8.995300000000000296e+01
1.722299999999999898e+01,2.930856999999999971e+03,9.559300000000000352e+01,-1.124600000000000044e+01,9.586299999999999955e+01,1.124799999999999933e+01,1.317980000000000018e+02,8.699999999999999400e-02,1.317980000000000018e+02,8.996200000000000330e+01,7.193999999999999950e+00,1.769999999999999907e-01,4.000000000000000083e-02,-7.242999999999999940e-06,-1.421000000000000041e+00,-2.800000000000000058e-02,8.454200000000000159e+01,8.995099999999999341e+01
1.727299999999999969e+01,2.935621999999999844e+03,9.503100000000000591e+01,-1.122100000000000009e+01,9.530200000000000671e+01,1.122400000000000020e+01,1.321570000000000107e+02,8.699999999999999400e-02,1.321570000000000107e+02,8.996200000000000330e+01,7.182000000000000384e+00,2.570000000000000062e-01,1.759999999999999898e-01,-7.266000000000000398e-06,-1.193999999999999950e+00,-8.999999999999999320e-03,8.460899999999999466e+01,8.994700000000000273e+01
1.732300000000000040e+01,2.940360000000000127e+03,9.447100000000000364e+01,-1.120100000000000051e+01,9.474200000000000443e+01,1.120400000000000063e+01,1.325159999999999911e+02,8.799999999999999489e-02,1.325159999999999911e+02,8.996200000000000330e+01,7.168999999999999595e+00,2.720000000000000195e-01,2.059999999999999887e-01,-7.359999999999999836e-06,-8.060000000000000497e-01,-7.000000000000000146e-03,8.465900000000000603e+01,8.994299999999999784e+01
1.737300000000000111e+01,2.945068999999999960e+03,9.391100000000000136e+01,-1.118399999999999928e+01,9.418300000000000693e+01,1.118699999999999939e+01,1.328739999999999952e+02,8.799999999999999489e-02,1.328739999999999952e+02,8.996200000000000330e+01,7.155999999999999694e+00,2.590000000000000080e-01,1.910000000000000031e-01,-7.237000000000000336e-06,-4.540000000000000147e-01,-6.000000000000000125e-03,8.468999999999999773e+01,8.993899999999999295e+01
1.742299999999999827e+01,2.949751000000000204e+03,9.335200000000000387e+01,-1.116399999999999970e+01,9.362500000000000000e+01,1.116799999999999926e+01,1.332319999999999993e+02,8.899999999999999578e-02,1.332319999999999993e+02,8.996200000000000330e+01,7.142999999999999794e+00,2.710000000000000187e-01,2.179999999999999993e-01,-7.335999999999999727e-06,-9.600000000000000200e-02,-5.000000000000000104e-03,8.470399999999999352e+01,8.993600000000000705e+01
1.747299999999999898e+01,2.954405000000000200e+03,9.279500000000000171e+01,-1.114400000000000013e+01,9.306799999999999784e+01,1.114799999999999969e+01,1.335879999999999939e+02,8.899999999999999578e-02,1.335879999999999939e+02,8.996200000000000330e+01,7.128000000000000114e+00,3.009999999999999898e-01,2.740000000000000213e-01,-7.289999999999999660e-06,3.370000000000000218e-01,-6.000000000000000125e-03,8.469799999999999329e+01,8.993300000000000693e+01
1.752299999999999969e+01,2.959030000000000200e+03,9.223799999999999955e+01,-1.112599999999999945e+01,9.251200000000000045e+01,1.113000000000000078e+01,1.339439999999999884e+02,8.999999999999999667e-02,1.339449999999999932e+02,8.996200000000000330e+01,7.113000000000000433e+00,3.019999999999999907e-01,2.800000000000000266e-01,-7.352000000000000082e-06,8.599999999999999867e-01,-7.000000000000000146e-03,8.466800000000000637e+01,8.993099999999999739e+01
1.757300000000000040e+01,2.963628000000000156e+03,9.168200000000000216e+01,-1.111299999999999955e+01,9.195600000000000307e+01,1.111599999999999966e+01,1.343000000000000114e+02,8.999999999999999667e-02,1.343000000000000114e+02,8.996200000000000330e+01,7.099000000000000199e+00,2.540000000000000036e-01,2.020000000000000129e-01,-7.291000000000000158e-06,1.288999999999999924e+00,-8.999999999999999320e-03,8.461400000000000432e+01,8.992900000000000205e+01
1.762300000000000111e+01,2.968199000000000069e+03,9.112699999999999534e+01,-1.109699999999999953e+01,9.140200000000000102e+01,1.109999999999999964e+01,1.346539999999999964e+02,9.099999999999999756e-02,1.346539999999999964e+02,8.996099999999999852e+01,7.086999999999999744e+00,2.310000000000000109e-01,1.630000000000000060e-01,-7.245999999999999742e-06,1.572000000000000064e+00,-1.200000000000000025e-02,8.454200000000000159e+01,8.992900000000000205e+01
1.767299999999999827e+01,2.972740999999999985e+03,9.057200000000000273e+01,-1.108200000000000074e+01,9.084799999999999898e+01,1.108399999999999963e+01,1.350080000000000098e+02,9.099999999999999756e-02,1.350089999999999861e+02,8.996099999999999852e+01,7.075999999999999623e+00,2.159999999999999976e-01,1.390000000000000124e-01,-7.247999999999999892e-06,1.854000000000000092e+00,-1.499999999999999944e-02,8.445699999999999363e+01,8.992900000000000205e+01
1.772299999999999898e+01,2.977255999999999858e+03,9.001800000000000068e+01,-1.106900000000000084e+01,9.029500000000000171e+01,1.107000000000000028e+01,1.353619999999999948e+02,9.099999999999999756e-02,1.353619999999999948e+02,8.996099999999999852e+01,7.065999999999999837e+00,1.670000000000000095e-01,5.199999999999999761e-02,-7.250999999999999694e-06,2.013999999999999790e+00,-3.899999999999999994e-02,8.435899999999999466e+01,8.993000000000000682e+01
1.777299999999999969e+01,2.981742999999999938e+03,8.946500000000000341e+01,-1.105700000000000038e+01,8.974299999999999500e+01,1.105700000000000038e+01,1.357150000000000034e+02,9.199999999999999845e-02,1.357150000000000034e+02,8.996099999999999852e+01,7.059000000000000163e+00,1.209999999999999964e-01,3.400000000000000244e-02,-7.252999999999999844e-06,-2.024000000000000021e+00,-5.600000000000000117e-02,8.425799999999999557e+01,8.993200000000000216e+01
1.782300000000000040e+01,2.986202000000000226e+03,8.891299999999999670e+01,-1.104299999999999926e+01,8.919199999999999307e+01,1.104299999999999926e+01,1.360680000000000121e+02,9.199999999999999845e-02,1.360680000000000121e+02,8.996099999999999852e+01,7.054000000000000270e+00,9.299999999999999933e-02,8.799999999999999489e-02,-7.245999999999999742e-06,-1.911000000000000032e+00,-1.799999999999999864e-02,8.415900000000000603e+01,8.993399999999999750e+01
1.787300000000000111e+01,2.990634000000000015e+03,8.836100000000000421e+01,-1.102899999999999991e+01,8.864199999999999591e+01,1.102899999999999991e+01,1.364209999999999923e+02,9.299999999999999933e-02,1.364209999999999923e+02,8.996099999999999852e+01,7.049000000000000377e+00,7.399999999999999634e-02,1.239999999999999991e-01,-7.233000000000000036e-06,-1.745999999999999996e+00,-1.000000000000000021e-02,8.406699999999999307e+01,8.993699999999999761e+01
1.792299999999999827e+01,2.995039000000000215e+03,8.781000000000000227e+01,-1.101399999999999935e+01,8.809199999999999875e+01,1.101399999999999935e+01,1.367729999999999961e+02,9.299999999999999933e-02,1.367729999999999961e+02,8.996099999999999852e+01,7.046000000000000263e+00,6.099999999999999867e-02,1.499999999999999944e-01,-7.215000000000000378e-06,-1.518000000000000016e+00,-5.000000000000000104e-03,8.398499999999999943e+01,8.993999999999999773e+01
1.797299999999999898e+01,2.999414999999999964e+03,8.726000000000000512e+01,-1.099600000000000044e+01,8.754300000000000637e+01,1.099699999999999989e+01,1.371250000000000000e+02,9.400000000000000022e-02,1.371250000000000000e+02,8.996099999999999852e+01,7.043000000000000149e+00,7.499999999999999722e-02,1.239999999999999991e-01,-7.218999999999999831e-06,-1.286000000000000032e+00,-3.000000000000000062e-03,8.391599999999999682e+01,8.994199999999999307e+01
1.802299999999999969e+01,3.003764999999999873e+03,8.670999999999999375e+01,-1.097700000000000031e+01,8.699500000000000455e+01,1.097799999999999976e+01,1.374770000000000039e+02,9.400000000000000022e-02,1.374770000000000039e+02,8.996099999999999852e+01,7.038000000000000256e+00,1.049999999999999961e-01,6.700000000000000400e-02,-7.223000000000000132e-06,-1.139999999999999902e+00,2.176000000000000037e-04,8.385500000000000398e+01,8.994400000000000261e+01
1.807300000000000040e+01,3.008085999999999785e+03,8.616200000000000614e+01,-1.096000000000000085e+01,8.644799999999999329e+01,1.096100000000000030e+01,1.378290000000000077e+02,9.500000000000000111e-02,1.378290000000000077e+02,8.996099999999999852e+01,7.033000000000000362e+00,1.150000000000000050e-01,4.700000000000000011e-02,-7.225999999999999933e-06,-1.070000000000000062e+00,6.000000000000000125e-03,8.379999999999999716e+01,8.994599999999999795e+01
1.812300000000000111e+01,3.012380999999999858e+03,8.561400000000000432e+01,-1.094899999999999984e+01,8.590200000000000102e+01,1.094899999999999984e+01,1.381800000000000068e+02,9.500000000000000111e-02,1.381800000000000068e+02,8.996099999999999852e+01,7.027000000000000135e+00,7.799999999999999989e-02,1.209999999999999964e-01,-7.249000000000000391e-06,-9.719999999999999751e-01,3.000000000000000062e-03,8.374899999999999523e+01,8.994799999999999329e+01
1.817299999999999827e+01,3.016648000000000138e+03,8.506699999999999307e+01,-1.093699999999999939e+01,8.535599999999999454e+01,1.093699999999999939e+01,1.385320000000000107e+02,9.600000000000000200e-02,1.385320000000000107e+02,8.995999999999999375e+01,7.025000000000000355e+00,3.599999999999999728e-02,2.049999999999999878e-01,-7.216000000000000029e-06,-7.019999999999999574e-01,2.000000000000000042e-03,8.370600000000000307e+01,8.994899999999999807e+01
1.822299999999999898e+01,3.020887000000000171e+03,8.451999999999999602e+01,-1.092099999999999937e+01,8.481199999999999761e+01,1.092099999999999937e+01,1.388830000000000098e+02,9.600000000000000200e-02,1.388830000000000098e+02,8.995999999999999375e+01,7.022999999999999687e+00,4.599999999999999922e-02,1.849999999999999978e-01,-7.243999999999999592e-06,-3.980000000000000204e-01,2.000000000000000042e-03,8.367900000000000205e+01,8.995000000000000284e+01
1.827299999999999969e+01,3.025099999999999909e+03,8.397499999999999432e+01,-1.090199999999999925e+01,8.426800000000000068e+01,1.090300000000000047e+01,1.392340000000000089e+02,9.700000000000000289e-02,1.392340000000000089e+02,8.995999999999999375e+01,7.019999999999999574e+00,7.299999999999999545e-02,1.270000000000000018e-01,-7.262999999999999749e-06,-1.739999999999999880e-01,2.000000000000000042e-03,8.366500000000000625e+01,8.994899999999999807e+01
1.832300000000000040e+01,3.029284999999999854e+03,8.343000000000000682e+01,-1.088299999999999912e+01,8.372499999999999432e+01,1.088400000000000034e+01,1.395850000000000080e+02,9.700000000000000289e-02,1.395850000000000080e+02,8.995999999999999375e+01,7.016000000000000014e+00,1.120000000000000023e-01,4.399999999999999745e-02,-7.225000000000000282e-06,-3.500000000000000333e-02,3.000000000000000062e-03,8.365999999999999659e+01,8.994799999999999329e+01
1.837300000000000111e+01,3.033443000000000211e+03,8.288700000000000045e+01,-1.086400000000000077e+01,8.318200000000000216e+01,1.086500000000000021e+01,1.399360000000000070e+02,9.800000000000000377e-02,1.399360000000000070e+02,8.995999999999999375e+01,7.009000000000000341e+00,1.489999999999999936e-01,4.000000000000000083e-02,-7.223999999999999783e-06,5.299999999999999850e-02,-2.000000000000000042e-03,8.365900000000000603e+01,8.994700000000000273e+01
1.842299999999999827e+01,3.037574000000000069e+03,8.234399999999999409e+01,-1.084699999999999953e+01,8.264100000000000534e+01,1.084800000000000075e+01,1.402860000000000014e+02,9.800000000000000377e-02,1.402860000000000014e+02,8.995999999999999375e+01,7.001000000000000334e+00,1.690000000000000113e-01,8.699999999999999400e-02,-7.225999999999999933e-06,1.360000000000000098e-01,-4.000000000000000083e-03,8.365399999999999636e+01,8.994599999999999795e+01
1.847299999999999898e+01,3.041677000000000135e+03,8.180200000000000671e+01,-1.082900000000000063e+01,8.209999999999999432e+01,1.083099999999999952e+01,1.406359999999999957e+02,9.900000000000000466e-02,1.406359999999999957e+02,8.995999999999999375e+01,6.991999999999999993e+00,2.000000000000000111e-01,1.590000000000000024e-01,-7.208000000000000275e-06,2.999999999999999889e-01,-5.000000000000000104e-03,8.364400000000000546e+01,8.994400000000000261e+01
1.852299999999999969e+01,3.045753999999999905e+03,8.126099999999999568e+01,-1.081199999999999939e+01,8.156000000000000227e+01,1.081400000000000006e+01,1.409850000000000136e+02,9.900000000000000466e-02,1.409850000000000136e+02,8.995999999999999375e+01,6.980999999999999872e+00,2.220000000000000029e-01,2.129999999999999949e-01,-7.233000000000000036e-06,5.659999999999999476e-01,-5.000000000000000104e-03,8.362199999999999989e+01,8.994100000000000250e+01
1.857300000000000040e+01,3.049802999999999884e+03,8.072100000000000364e+01,-1.079899999999999949e+01,8.102100000000000080e+01,1.080100000000000016e+01,1.413340000000000032e+02,1.000000000000000056e-01,1.413340000000000032e+02,8.995999999999999375e+01,6.969999999999999751e+00,2.099999999999999922e-01,1.900000000000000022e-01,-7.232000000000000384e-06,8.549999999999999822e-01,-5.000000000000000104e-03,8.358700000000000330e+01,8.993999999999999773e+01
1.862300000000000111e+01,3.053826000000000022e+03,8.018099999999999739e+01,-1.078500000000000014e+01,8.048300000000000409e+01,1.078700000000000081e+01,1.416819999999999879e+02,1.000000000000000056e-01,1.416819999999999879e+02,8.995999999999999375e+01,6.959999999999999964e+00,1.980000000000000093e-01,1.690000000000000113e-01,-7.272999999999999653e-06,1.070000000000000062e+00,-7.000000000000000146e-03,8.353799999999999670e+01,8.993800000000000239e+01
1.867299999999999827e+01,3.057820999999999913e+03,7.964199999999999591e+01,-1.077100000000000080e+01,7.994499999999999318e+01,1.077299999999999969e+01,1.420300000000000011e+02,1.000000000000000056e-01,1.420300000000000011e+02,8.995900000000000318e+01,6.950000000000000178e+00,1.960000000000000075e-01,1.690000000000000113e-01,-7.218000000000000179e-06,1.306000000000000050e+00,-8.000000000000000167e-03,8.347899999999999920e+01,8.993600000000000705e+01
1.872299999999999898e+01,3.061789999999999964e+03,7.910399999999999920e+01,-1.076099999999999923e+01,7.940800000000000125e+01,1.076200000000000045e+01,1.423770000000000095e+02,1.010000000000000064e-01,1.423770000000000095e+02,8.995900000000000318e+01,6.940999999999999837e+00,1.630000000000000060e-01,9.400000000000000022e-02,-7.250000000000000043e-06,1.487999999999999989e+00,-1.200000000000000025e-02,8.340900000000000603e+01,8.993500000000000227e+01
1.877299999999999969e+01,3.065731999999999971e+03,7.856600000000000250e+01,-1.075200000000000067e+01,7.887099999999999511e+01,1.075200000000000067e+01,1.427239999999999895e+02,1.010000000000000064e-01,1.427239999999999895e+02,8.995900000000000318e+01,6.934000000000000163e+00,1.140000000000000041e-01,2.199999999999999872e-02,-7.257000000000000145e-06,-1.534999999999999920e+00,-4.100000000000000172e-02,8.333299999999999841e+01,8.993399999999999750e+01
1.882300000000000040e+01,3.069646999999999935e+03,7.802899999999999636e+01,-1.073900000000000077e+01,7.833599999999999852e+01,1.073900000000000077e+01,1.430699999999999932e+02,1.019999999999999934e-01,1.430709999999999980e+02,8.995900000000000318e+01,6.929000000000000270e+00,1.100000000000000006e-01,3.099999999999999978e-02,-7.257000000000000145e-06,-1.453999999999999959e+00,-2.900000000000000147e-02,8.325799999999999557e+01,8.993500000000000227e+01
1.887300000000000111e+01,3.073534999999999854e+03,7.749200000000000443e+01,-1.072100000000000009e+01,7.780100000000000193e+01,1.072199999999999953e+01,1.434170000000000016e+02,1.019999999999999934e-01,1.434170000000000016e+02,8.995900000000000318e+01,6.923000000000000043e+00,1.429999999999999882e-01,5.099999999999999672e-02,-7.252000000000000193e-06,1.483000000000000096e+00,-2.000000000000000042e-02,8.318500000000000227e+01,8.993500000000000227e+01
1.892299999999999827e+01,3.077396000000000186e+03,7.695699999999999363e+01,-1.071000000000000085e+01,7.726699999999999591e+01,1.071100000000000030e+01,1.437630000000000052e+02,1.029999999999999943e-01,1.437630000000000052e+02,8.995900000000000318e+01,6.915000000000000036e+00,1.239999999999999991e-01,6.000000000000000125e-03,-7.254999999999999995e-06,1.540999999999999925e+00,-1.539999999999999980e-01,8.310899999999999466e+01,8.993500000000000227e+01
1.897299999999999898e+01,3.081230000000000018e+03,7.642100000000000648e+01,-1.070199999999999996e+01,7.673300000000000409e+01,1.070299999999999940e+01,1.441080000000000041e+02,1.029999999999999943e-01,1.441080000000000041e+02,8.995900000000000318e+01,6.910000000000000142e+00,7.299999999999999545e-02,1.229999999999999982e-01,-7.260999999999999598e-06,-1.475999999999999979e+00,-7.000000000000000146e-03,8.303199999999999648e+01,8.993500000000000227e+01
1.902299999999999969e+01,3.085038000000000011e+03,7.588599999999999568e+01,-1.069100000000000072e+01,7.620000000000000284e+01,1.069100000000000072e+01,1.444540000000000077e+02,1.039999999999999952e-01,1.444540000000000077e+02,8.995900000000000318e+01,6.908000000000000362e+00,5.800000000000000294e-02,1.610000000000000042e-01,-7.271000000000000350e-06,-1.274999999999999911e+00,-5.000000000000000104e-03,8.296299999999999386e+01,8.993600000000000705e+01
1.907300000000000040e+01,3.088818999999999960e+03,7.535200000000000387e+01,-1.067600000000000016e+01,7.566800000000000637e+01,1.067600000000000016e+01,1.447990000000000066e+02,1.039999999999999952e-01,1.447990000000000066e+02,8.995900000000000318e+01,6.903999999999999915e+00,7.499999999999999722e-02,1.179999999999999938e-01,-7.283000000000000404e-06,-1.120999999999999996e+00,-6.000000000000000125e-03,8.290399999999999636e+01,8.993699999999999761e+01
1.912300000000000111e+01,3.092572999999999865e+03,7.481900000000000261e+01,-1.066200000000000081e+01,7.513599999999999568e+01,1.066300000000000026e+01,1.451440000000000055e+02,1.049999999999999961e-01,1.451440000000000055e+02,8.995900000000000318e+01,6.900000000000000355e+00,7.599999999999999811e-02,1.150000000000000050e-01,-7.289000000000000008e-06,-9.939999999999999947e-01,-3.000000000000000062e-03,8.285099999999999909e+01,8.993800000000000239e+01
1.917299999999999827e+01,3.096300999999999931e+03,7.428600000000000136e+01,-1.065199999999999925e+01,7.460500000000000398e+01,1.065199999999999925e+01,1.454890000000000043e+02,1.049999999999999961e-01,1.454890000000000043e+02,8.995900000000000318e+01,6.897000000000000242e+00,5.500000000000000028e-02,1.710000000000000131e-01,-7.279000000000000104e-06,-8.489999999999999769e-01,-2.000000000000000042e-03,8.280500000000000682e+01,8.993899999999999295e+01
1.922299999999999898e+01,3.100001999999999953e+03,7.375400000000000489e+01,-1.064100000000000001e+01,7.407500000000000284e+01,1.064100000000000001e+01,1.458340000000000032e+02,1.059999999999999970e-01,1.458340000000000032e+02,8.995799999999999841e+01,6.894999999999999574e+00,3.899999999999999994e-02,2.119999999999999940e-01,-7.281999999999999906e-06,-6.109999999999999876e-01,-2.000000000000000042e-03,8.276800000000000068e+01,8.993999999999999773e+01
1.927299999999999969e+01,3.103675999999999931e+03,7.322199999999999420e+01,-1.062700000000000067e+01,7.354600000000000648e+01,1.062700000000000067e+01,1.461790000000000020e+02,1.059999999999999970e-01,1.461790000000000020e+02,8.995799999999999841e+01,6.892999999999999794e+00,4.599999999999999922e-02,1.920000000000000040e-01,-7.284999999999999707e-06,-3.960000000000000187e-01,-2.000000000000000042e-03,8.274299999999999500e+01,8.994100000000000250e+01
1.932300000000000040e+01,3.107324000000000069e+03,7.269100000000000250e+01,-1.061400000000000077e+01,7.301699999999999591e+01,1.061400000000000077e+01,1.465229999999999961e+02,1.069999999999999979e-01,1.465229999999999961e+02,8.995799999999999841e+01,6.889999999999999680e+00,5.199999999999999761e-02,1.749999999999999889e-01,-7.276000000000000302e-06,-1.910000000000000031e-01,-2.000000000000000042e-03,8.272799999999999443e+01,8.994199999999999307e+01
1.937300000000000111e+01,3.110945000000000164e+03,7.215999999999999659e+01,-1.060100000000000087e+01,7.248799999999999955e+01,1.060100000000000087e+01,1.468679999999999950e+02,1.069999999999999979e-01,1.468679999999999950e+02,8.995799999999999841e+01,6.886999999999999567e+00,5.700000000000000205e-02,1.600000000000000033e-01,-7.264000000000000247e-06,-2.000000000000000042e-02,-2.000000000000000042e-03,8.272299999999999898e+01,8.994299999999999784e+01
1.942299999999999827e+01,3.114539999999999964e+03,7.163100000000000023e+01,-1.058799999999999919e+01,7.196099999999999852e+01,1.058799999999999919e+01,1.472119999999999891e+02,1.079999999999999988e-01,1.472119999999999891e+02,8.995799999999999841e+01,6.884999999999999787e+00,5.999999999999999778e-02,1.469999999999999918e-01,-7.250999999999999694e-06,1.489999999999999936e-01,-2.000000000000000042e-03,8.272599999999999909e+01,8.994400000000000261e+01
1.947299999999999898e+01,3.118108000000000175e+03,7.110200000000000387e+01,-1.057399999999999984e+01,7.143399999999999750e+01,1.057399999999999984e+01,1.475560000000000116e+02,1.079999999999999988e-01,1.475560000000000116e+02,8.995799999999999841e+01,6.881000000000000227e+00,7.199999999999999456e-02,1.100000000000000006e-01,-7.247000000000000241e-06,2.800000000000000266e-01,-4.000000000000000083e-03,8.273699999999999477e+01,8.994499999999999318e+01
1.952299999999999969e+01,3.121650000000000091e+03,7.057299999999999329e+01,-1.056000000000000050e+01,7.090800000000000125e+01,1.056000000000000050e+01,1.479000000000000057e+02,1.089999999999999997e-01,1.479000000000000057e+02,8.995799999999999841e+01,6.876999999999999780e+00,8.500000000000000611e-02,6.600000000000000311e-02,-7.254000000000000343e-06,3.739999999999999991e-01,-7.000000000000000146e-03,8.275400000000000489e+01,8.994499999999999318e+01
1.957300000000000040e+01,3.125166000000000167e+03,7.004600000000000648e+01,-1.054499999999999993e+01,7.038200000000000500e+01,1.054499999999999993e+01,1.482439999999999998e+02,1.089999999999999997e-01,1.482439999999999998e+02,8.995799999999999841e+01,6.873000000000000220e+00,1.059999999999999970e-01,3.000000000000000062e-03,-7.252000000000000193e-06,-3.659999999999999920e-01,-1.839999999999999969e-01,8.277400000000000091e+01,8.994499999999999318e+01
1.962300000000000111e+01,3.128655000000000200e+03,6.951900000000000546e+01,-1.053100000000000058e+01,6.985699999999999932e+01,1.053200000000000003e+01,1.485869999999999891e+02,1.100000000000000006e-01,1.485869999999999891e+02,8.995799999999999841e+01,6.866999999999999993e+00,1.189999999999999947e-01,4.800000000000000100e-02,-7.250000000000000043e-06,-3.739999999999999991e-01,-1.000000000000000021e-02,8.279300000000000637e+01,8.994599999999999795e+01
1.967299999999999827e+01,3.132117999999999938e+03,6.899299999999999500e+01,-1.051800000000000068e+01,6.933299999999999841e+01,1.051800000000000068e+01,1.489300000000000068e+02,1.100000000000000006e-01,1.489310000000000116e+02,8.995799999999999841e+01,6.860999999999999766e+00,1.350000000000000089e-01,1.039999999999999952e-01,-7.247000000000000241e-06,-3.160000000000000031e-01,-6.000000000000000125e-03,8.281100000000000705e+01,8.994499999999999318e+01
1.972299999999999898e+01,3.135554000000000087e+03,6.846699999999999875e+01,-1.050399999999999956e+01,6.880899999999999750e+01,1.050500000000000078e+01,1.492729999999999961e+02,1.110000000000000014e-01,1.492729999999999961e+02,8.995699999999999363e+01,6.852999999999999758e+00,1.459999999999999909e-01,1.469999999999999918e-01,-7.264000000000000247e-06,-1.729999999999999871e-01,-4.000000000000000083e-03,8.282299999999999329e+01,8.994400000000000261e+01
1.977299999999999969e+01,3.138963999999999942e+03,6.794199999999999307e+01,-1.049300000000000033e+01,6.828600000000000136e+01,1.049399999999999977e+01,1.496160000000000139e+02,1.110000000000000014e-01,1.496160000000000139e+02,8.995699999999999363e+01,6.846000000000000085e+00,1.419999999999999873e-01,1.390000000000000124e-01,-7.257999999999999796e-06,-5.000000000000000278e-02,-4.000000000000000083e-03,8.282899999999999352e+01,8.994299999999999784e+01
1.982300000000000040e+01,3.142347999999999956e+03,6.741800000000000637e+01,-1.047899999999999920e+01,6.776399999999999579e+01,1.048000000000000043e+01,1.499579999999999984e+02,1.120000000000000023e-01,1.499579999999999984e+02,8.995699999999999363e+01,6.839000000000000412e+00,1.690000000000000113e-01,2.340000000000000135e-01,-7.255999999999999646e-06,1.029999999999999943e-01,-4.000000000000000083e-03,8.282800000000000296e+01,8.994100000000000250e+01
1.987300000000000111e+01,3.145706000000000131e+03,6.689400000000000546e+01,-1.046299999999999919e+01,6.724200000000000443e+01,1.046499999999999986e+01,1.503000000000000114e+02,1.120000000000000023e-01,1.503000000000000114e+02,8.995699999999999363e+01,6.828999999999999737e+00,2.059999999999999887e-01,3.659999999999999920e-01,-7.266000000000000398e-06,3.880000000000000115e-01,-5.000000000000000104e-03,8.281600000000000250e+01,8.993899999999999295e+01
1.992299999999999827e+01,3.149038000000000011e+03,6.637199999999999989e+01,-1.045100000000000051e+01,6.672100000000000364e+01,1.045299999999999940e+01,1.506409999999999911e+02,1.130000000000000032e-01,1.506409999999999911e+02,8.995699999999999363e+01,6.818999999999999950e+00,2.159999999999999976e-01,4.069999999999999729e-01,-7.269000000000000199e-06,7.489999999999999991e-01,-5.000000000000000104e-03,8.278799999999999670e+01,8.993699999999999761e+01
1.997299999999999898e+01,3.152342999999999847e+03,6.584900000000000375e+01,-1.043900000000000006e+01,6.620000000000000284e+01,1.044100000000000072e+01,1.509819999999999993e+02,1.130000000000000032e-01,1.509819999999999993e+02,8.995699999999999363e+01,6.807999999999999829e+00,2.169999999999999984e-01,4.209999999999999853e-01,-7.289000000000000008e-06,1.104999999999999982e+00,-6.000000000000000125e-03,8.274200000000000443e+01,8.993500000000000227e+01
2.002299999999999969e+01,3.155623000000000047e+03,6.532800000000000296e+01,-1.042699999999999960e+01,6.568000000000000682e+01,1.042999999999999972e+01,1.513220000000000027e+02,1.140000000000000041e-01,1.513220000000000027e+02,8.995699999999999363e+01,6.796999999999999709e+00,2.250000000000000056e-01,4.580000000000000182e-01,-7.291999999999999810e-06,1.489000000000000101e+00,-8.000000000000000167e-03,8.267700000000000671e+01,8.993300000000000693e+01
2.007300000000000040e+01,3.158876000000000204e+03,6.480700000000000216e+01,-1.041499999999999915e+01,6.516100000000000136e+01,1.041699999999999982e+01,1.516610000000000014e+02,1.140000000000000041e-01,1.516610000000000014e+02,8.995699999999999363e+01,6.785000000000000142e+00,2.409999999999999920e-01,5.190000000000000169e-01,-7.267999999999999701e-06,1.895999999999999908e+00,-8.000000000000000167e-03,8.259199999999999875e+01,8.993000000000000682e+01
2.012300000000000111e+01,3.162103000000000065e+03,6.428600000000000136e+01,-1.040300000000000047e+01,6.464199999999999591e+01,1.040600000000000058e+01,1.520000000000000000e+02,1.150000000000000050e-01,1.520000000000000000e+02,8.995699999999999363e+01,6.772999999999999687e+00,2.479999999999999982e-01,5.540000000000000480e-01,-7.308000000000000165e-06,2.366000000000000103e+00,-8.999999999999999320e-03,8.248600000000000421e+01,8.992900000000000205e+01
2.017299999999999827e+01,3.165304999999999836e+03,6.376599999999999824e+01,-1.039300000000000068e+01,6.412399999999999523e+01,1.039600000000000080e+01,1.523379999999999939e+02,1.150000000000000050e-01,1.523389999999999986e+02,8.995699999999999363e+01,6.761000000000000121e+00,2.379999999999999893e-01,5.280000000000000249e-01,-7.327000000000000322e-06,2.806000000000000050e+00,-8.999999999999999320e-03,8.235599999999999454e+01,8.992799999999999727e+01
2.022299999999999898e+01,3.168480000000000018e+03,6.324699999999999989e+01,-1.038400000000000034e+01,6.360600000000000165e+01,1.038700000000000045e+01,1.526759999999999877e+02,1.160000000000000059e-01,1.526759999999999877e+02,8.995699999999999363e+01,6.748999999999999666e+00,2.250000000000000056e-01,4.879999999999999893e-01,-7.339000000000000376e-06,3.229999999999999982e+00,-1.000000000000000021e-02,8.220499999999999829e+01,8.992700000000000671e+01
2.027299999999999969e+01,3.171628999999999905e+03,6.272800000000000153e+01,-1.038000000000000078e+01,6.308899999999999864e+01,1.038100000000000023e+01,1.530130000000000052e+02,1.160000000000000059e-01,1.530130000000000052e+02,8.995600000000000307e+01,6.738999999999999879e+00,1.749999999999999889e-01,3.099999999999999978e-01,-7.318000000000000069e-06,3.571000000000000174e+00,-1.499999999999999944e-02,8.203499999999999659e+01,8.992700000000000671e+01
2.032300000000000040e+01,3.174753000000000156e+03,6.220900000000000318e+01,-1.037700000000000067e+01,6.257200000000000273e+01,1.037700000000000067e+01,1.533499999999999943e+02,1.170000000000000068e-01,1.533499999999999943e+02,8.995600000000000307e+01,6.732000000000000206e+00,1.179999999999999938e-01,9.400000000000000022e-02,-7.330000000000000124e-06,3.709000000000000075e+00,-4.299999999999999656e-02,8.185200000000000387e+01,8.992799999999999727e+01
2.037300000000000111e+01,3.177849999999999909e+03,6.168999999999999773e+01,-1.037199999999999989e+01,6.205599999999999739e+01,1.037199999999999989e+01,1.536870000000000118e+02,1.170000000000000068e-01,1.536870000000000118e+02,8.995600000000000307e+01,6.727000000000000313e+00,8.000000000000000167e-02,5.299999999999999850e-02,-7.330000000000000124e-06,-3.721999999999999975e+00,-7.099999999999999367e-02,8.166599999999999682e+01,8.992799999999999727e+01
2.042299999999999827e+01,3.180922000000000025e+03,6.117199999999999704e+01,-1.036599999999999966e+01,6.153999999999999915e+01,1.036599999999999966e+01,1.540229999999999961e+02,1.179999999999999938e-01,1.540229999999999961e+02,8.995600000000000307e+01,6.724000000000000199e+00,5.399999999999999939e-02,1.610000000000000042e-01,-7.335000000000000076e-06,-3.625999999999999890e+00,-2.100000000000000130e-02,8.148199999999999932e+01,8.992900000000000205e+01
2.047299999999999898e+01,3.183967999999999847e+03,6.065400000000000347e+01,-1.035899999999999999e+01,6.102499999999999858e+01,1.035899999999999999e+01,1.543590000000000089e+02,1.179999999999999938e-01,1.543590000000000089e+02,8.995600000000000307e+01,6.721000000000000085e+00,3.500000000000000333e-02,2.409999999999999920e-01,-7.349999999999999932e-06,-3.478000000000000203e+00,-1.299999999999999940e-02,8.130400000000000205e+01,8.993099999999999739e+01
2.052299999999999969e+01,3.186987000000000080e+03,6.013600000000000279e+01,-1.035200000000000031e+01,6.050999999999999801e+01,1.035200000000000031e+01,1.546949999999999932e+02,1.189999999999999947e-01,1.546949999999999932e+02,8.995600000000000307e+01,6.719999999999999751e+00,1.899999999999999953e-02,3.109999999999999987e-01,-7.323999999999999673e-06,-3.261000000000000121e+00,-8.999999999999999320e-03,8.113500000000000512e+01,8.993200000000000216e+01
2.057300000000000040e+01,3.189981000000000222e+03,5.961800000000000210e+01,-1.034399999999999942e+01,5.999600000000000222e+01,1.034399999999999942e+01,1.550310000000000059e+02,1.189999999999999947e-01,1.550310000000000059e+02,8.995600000000000307e+01,6.719000000000000306e+00,6.000000000000000125e-03,3.729999999999999982e-01,-7.328999999999999625e-06,-3.020000000000000018e+00,-6.000000000000000125e-03,8.097799999999999443e+01,8.993300000000000693e+01
2.062300000000000111e+01,3.192949000000000069e+03,5.910099999999999909e+01,-1.033699999999999974e+01,5.948199999999999932e+01,1.033699999999999974e+01,1.553669999999999902e+02,1.199999999999999956e-01,1.553669999999999902e+02,8.995600000000000307e+01,6.719000000000000306e+00,5.000000000000000104e-03,4.209999999999999853e-01,-7.352000000000000082e-06,-2.721000000000000085e+00,-5.000000000000000104e-03,8.083400000000000318e+01,8.993500000000000227e+01
2.067299999999999827e+01,3.195891000000000076e+03,5.858500000000000085e+01,-1.032799999999999940e+01,5.896900000000000119e+01,1.032799999999999940e+01,1.557030000000000030e+02,1.199999999999999956e-01,1.557030000000000030e+02,8.995600000000000307e+01,6.719999999999999751e+00,1.200000000000000025e-02,4.600000000000000200e-01,-7.344999999999999980e-06,-2.424999999999999822e+00,-3.000000000000000062e-03,8.070499999999999829e+01,8.993600000000000705e+01
2.072299999999999898e+01,3.198807999999999993e+03,5.806799999999999784e+01,-1.032399999999999984e+01,5.845600000000000307e+01,1.032399999999999984e+01,1.560389999999999873e+02,1.209999999999999964e-01,1.560389999999999873e+02,8.995600000000000307e+01,6.721000000000000085e+00,4.000000000000000083e-02,5.839999999999999636e-01,-7.300000000000000411e-06,-2.068000000000000060e+00,-2.000000000000000042e-03,8.059300000000000352e+01,8.993699999999999761e+01
2.077299999999999969e+01,3.201697999999999865e+03,5.755199999999999960e+01,-1.031700000000000017e+01,5.794400000000000261e+01,1.031799999999999962e+01,1.563750000000000000e+02,1.209999999999999964e-01,1.563750000000000000e+02,8.995600000000000307e+01,6.722999999999999865e+00,5.899999999999999689e-02,6.760000000000000453e-01,-7.301000000000000062e-06,-1.631999999999999895e+00,-9.273000000000000426e-04,8.050000000000000000e+01,8.993800000000000239e+01
2.082300000000000040e+01,3.204563000000000102e+03,5.703699999999999903e+01,-1.031099999999999994e+01,5.743200000000000216e+01,1.031099999999999994e+01,1.567110000000000127e+02,1.219999999999999973e-01,1.567110000000000127e+02,8.995499999999999829e+01,6.727000000000000313e+00,7.499999999999999722e-02,7.550000000000000044e-01,-7.320000000000000219e-06,-1.165999999999999925e+00,-6.313000000000000035e-04,8.043000000000000682e+01,8.993899999999999295e+01
2.087300000000000111e+01,3.207402000000000044e+03,5.652100000000000080e+01,-1.030400000000000027e+01,5.692099999999999937e+01,1.030400000000000027e+01,1.570480000000000018e+02,1.219999999999999973e-01,1.570480000000000018e+02,8.995499999999999829e+01,6.730999999999999872e+00,8.799999999999999489e-02,8.249999999999999556e-01,-7.325999999999999823e-06,-6.410000000000000142e-01,-1.781000000000000058e-05,8.038500000000000512e+01,8.993899999999999295e+01
2.092299999999999827e+01,3.210215000000000146e+03,5.600600000000000023e+01,-1.028899999999999970e+01,5.640999999999999659e+01,1.028899999999999970e+01,1.573839999999999861e+02,1.229999999999999982e-01,1.573839999999999861e+02,8.995499999999999829e+01,6.735000000000000320e+00,5.299999999999999850e-02,6.700000000000000400e-01,-7.289000000000000008e-06,-1.290000000000000036e-01,4.020000000000000136e-04,8.036599999999999966e+01,8.993899999999999295e+01
2.097299999999999898e+01,3.213001999999999953e+03,5.549199999999999733e+01,-1.027299999999999969e+01,5.589999999999999858e+01,1.027299999999999969e+01,1.577210000000000036e+02,1.229999999999999982e-01,1.577210000000000036e+02,8.995499999999999829e+01,6.735999999999999766e+00,1.700000000000000122e-02,5.030000000000000027e-01,-7.277999999999999605e-06,2.020000000000000129e-01,-2.195999999999999981e-04,8.036799999999999500e+01,8.993899999999999295e+01
2.102299999999999969e+01,3.215764000000000124e+03,5.497899999999999920e+01,-1.026200000000000045e+01,5.539000000000000057e+01,1.026200000000000045e+01,1.580579999999999927e+02,1.239999999999999991e-01,1.580579999999999927e+02,8.995499999999999829e+01,6.737000000000000099e+00,5.000000000000000104e-03,4.480000000000000093e-01,-7.257000000000000145e-06,5.150000000000000133e-01,-3.398000000000000196e-04,8.038599999999999568e+01,8.993899999999999295e+01
2.107300000000000040e+01,3.218500000000000000e+03,5.446600000000000108e+01,-1.024799999999999933e+01,5.488100000000000023e+01,1.024900000000000055e+01,1.583950000000000102e+02,1.250000000000000000e-01,1.583950000000000102e+02,8.995499999999999829e+01,6.735999999999999766e+00,2.199999999999999872e-02,3.099999999999999978e-01,-7.254999999999999995e-06,7.379999999999999893e-01,-1.000000000000000021e-03,8.041800000000000637e+01,8.993899999999999295e+01
2.112300000000000111e+01,3.221210999999999785e+03,5.395400000000000063e+01,-1.023700000000000010e+01,5.437299999999999756e+01,1.023700000000000010e+01,1.587319999999999993e+02,1.250000000000000000e-01,1.587319999999999993e+02,8.995499999999999829e+01,6.735000000000000320e+00,3.699999999999999817e-02,2.290000000000000091e-01,-7.255999999999999646e-06,8.940000000000000169e-01,-3.000000000000000062e-03,8.045900000000000318e+01,8.993800000000000239e+01
2.117299999999999827e+01,3.223896000000000186e+03,5.344299999999999784e+01,-1.022600000000000087e+01,5.386500000000000199e+01,1.022600000000000087e+01,1.590680000000000121e+02,1.260000000000000009e-01,1.590680000000000121e+02,8.995499999999999829e+01,6.732999999999999652e+00,5.099999999999999672e-02,1.519999999999999962e-01,-7.252000000000000193e-06,1.008000000000000007e+00,-5.000000000000000104e-03,8.050700000000000500e+01,8.993800000000000239e+01
2.122299999999999898e+01,3.226554999999999836e+03,5.293200000000000216e+01,-1.021400000000000041e+01,5.335799999999999699e+01,1.021499999999999986e+01,1.594050000000000011e+02,1.260000000000000009e-01,1.594050000000000011e+02,8.995499999999999829e+01,6.730000000000000426e+00,6.700000000000000400e-02,5.800000000000000294e-02,-7.252999999999999844e-06,1.068000000000000060e+00,-1.400000000000000029e-02,8.055899999999999750e+01,8.993699999999999761e+01
2.127299999999999969e+01,3.229188999999999851e+03,5.242099999999999937e+01,-1.020100000000000051e+01,5.285099999999999909e+01,1.020199999999999996e+01,1.597410000000000139e+02,1.270000000000000018e-01,1.597410000000000139e+02,8.995499999999999829e+01,6.725999999999999979e+00,9.400000000000000022e-02,9.800000000000000377e-02,-7.250999999999999694e-06,-1.068999999999999950e+00,-1.200000000000000025e-02,8.061299999999999955e+01,8.993600000000000705e+01
2.132300000000000040e+01,3.231797000000000025e+03,5.191100000000000136e+01,-1.018800000000000061e+01,5.234499999999999886e+01,1.018900000000000006e+01,1.600769999999999982e+02,1.270000000000000018e-01,1.600769999999999982e+02,8.995399999999999352e+01,6.719999999999999751e+00,1.229999999999999982e-01,2.700000000000000178e-01,-7.247000000000000241e-06,-9.559999999999999609e-01,-6.000000000000000125e-03,8.066400000000000148e+01,8.993500000000000227e+01
2.137300000000000111e+01,3.234380000000000109e+03,5.140200000000000102e+01,-1.017500000000000071e+01,5.183899999999999864e+01,1.017600000000000016e+01,1.604130000000000109e+02,1.280000000000000027e-01,1.604130000000000109e+02,8.995399999999999352e+01,6.714000000000000412e+00,1.580000000000000016e-01,4.779999999999999805e-01,-7.254999999999999995e-06,-7.730000000000000204e-01,-4.000000000000000083e-03,8.070699999999999363e+01,8.993399999999999750e+01
2.142299999999999827e+01,3.236936999999999898e+03,5.089399999999999835e+01,-1.016099999999999959e+01,5.133400000000000318e+01,1.016300000000000026e+01,1.607489999999999952e+02,1.280000000000000027e-01,1.607489999999999952e+02,8.995399999999999352e+01,6.703999999999999737e+00,1.960000000000000075e-01,7.079999999999999627e-01,-7.218000000000000179e-06,-4.400000000000000022e-01,-4.000000000000000083e-03,8.073799999999999955e+01,8.993300000000000693e+01
2.147299999999999898e+01,3.239469000000000051e+03,5.038600000000000279e+01,-1.015000000000000036e+01,5.082900000000000063e+01,1.015199999999999925e+01,1.610840000000000032e+02,1.290000000000000036e-01,1.610840000000000032e+02,8.995399999999999352e+01,6.693999999999999950e+00,2.169999999999999984e-01,8.509999999999999787e-01,-7.245000000000000090e-06,-4.200000000000000261e-02,-4.000000000000000083e-03,8.075000000000000000e+01,8.993099999999999739e+01
2.152299999999999969e+01,3.241976000000000113e+03,4.987899999999999778e+01,-1.014100000000000001e+01,5.032500000000000284e+01,1.014300000000000068e+01,1.614180000000000064e+02,1.290000000000000036e-01,1.614180000000000064e+02,8.995399999999999352e+01,6.682999999999999829e+00,2.270000000000000073e-01,9.280000000000000471e-01,-7.254999999999999995e-06,4.289999999999999925e-01,-3.000000000000000062e-03,8.074099999999999966e+01,8.993000000000000682e+01
2.157300000000000040e+01,3.244456999999999880e+03,4.937199999999999989e+01,-1.013499999999999979e+01,4.982099999999999795e+01,1.013700000000000045e+01,1.617520000000000095e+02,1.300000000000000044e-01,1.617520000000000095e+02,8.995399999999999352e+01,6.671999999999999709e+00,2.109999999999999931e-01,8.599999999999999867e-01,-7.301000000000000062e-06,8.760000000000000009e-01,-4.000000000000000083e-03,8.070799999999999841e+01,8.992900000000000205e+01
2.162300000000000111e+01,3.246913000000000011e+03,4.886500000000000199e+01,-1.012700000000000067e+01,4.931700000000000017e+01,1.012899999999999956e+01,1.620850000000000080e+02,1.300000000000000044e-01,1.620850000000000080e+02,8.995399999999999352e+01,6.661999999999999922e+00,2.059999999999999887e-01,8.579999999999999849e-01,-7.330000000000000124e-06,1.282000000000000028e+00,-4.000000000000000083e-03,8.065399999999999636e+01,8.992799999999999727e+01
2.167299999999999827e+01,3.249344000000000051e+03,4.835900000000000176e+01,-1.011899999999999977e+01,4.881499999999999773e+01,1.012100000000000044e+01,1.624180000000000064e+02,1.310000000000000053e-01,1.624180000000000064e+02,8.995399999999999352e+01,6.650999999999999801e+00,2.079999999999999905e-01,8.900000000000000133e-01,-7.342000000000000178e-06,1.709000000000000075e+00,-4.000000000000000083e-03,8.057899999999999352e+01,8.992700000000000671e+01
2.172299999999999898e+01,3.251748999999999796e+03,4.785399999999999920e+01,-1.011299999999999955e+01,4.831199999999999761e+01,1.011500000000000021e+01,1.627500000000000000e+02,1.310000000000000053e-01,1.627500000000000000e+02,8.995399999999999352e+01,6.641000000000000014e+00,1.970000000000000084e-01,8.469999999999999751e-01,-7.362999999999999638e-06,2.116000000000000103e+00,-4.000000000000000083e-03,8.048399999999999466e+01,8.992700000000000671e+01
2.177299999999999969e+01,3.254128999999999905e+03,4.734799999999999898e+01,-1.010800000000000054e+01,4.781000000000000227e+01,1.010999999999999943e+01,1.630819999999999936e+02,1.320000000000000062e-01,1.630819999999999936e+02,8.995399999999999352e+01,6.631000000000000227e+00,1.779999999999999916e-01,7.439999999999999947e-01,-7.366000000000000287e-06,2.487000000000000099e+00,-4.000000000000000083e-03,8.036799999999999500e+01,8.992600000000000193e+01
2.182300000000000040e+01,3.256483999999999924e+03,4.684300000000000352e+01,-1.010299999999999976e+01,4.730899999999999750e+01,1.010500000000000043e+01,1.634139999999999873e+02,1.320000000000000062e-01,1.634139999999999873e+02,8.995399999999999352e+01,6.623000000000000220e+00,1.590000000000000024e-01,6.380000000000000115e-01,-7.373000000000000390e-06,2.786000000000000032e+00,-4.000000000000000083e-03,8.023600000000000421e+01,8.992499999999999716e+01
2.187300000000000111e+01,3.258813999999999851e+03,4.633800000000000097e+01,-1.009800000000000075e+01,4.680799999999999983e+01,1.009900000000000020e+01,1.637439999999999998e+02,1.330000000000000071e-01,1.637450000000000045e+02,8.995300000000000296e+01,6.615000000000000213e+00,1.459999999999999909e-01,5.709999999999999520e-01,-7.378000000000000342e-06,3.053999999999999826e+00,-5.000000000000000104e-03,8.009000000000000341e+01,8.992499999999999716e+01
2.192299999999999827e+01,3.261117999999999938e+03,4.583299999999999841e+01,-1.009200000000000053e+01,4.630700000000000216e+01,1.009299999999999997e+01,1.640749999999999886e+02,1.330000000000000071e-01,1.640749999999999886e+02,8.995300000000000296e+01,6.608999999999999986e+00,1.380000000000000115e-01,5.280000000000000249e-01,-7.376999999999999843e-06,3.278000000000000025e+00,-5.000000000000000104e-03,7.993200000000000216e+01,8.992499999999999716e+01
2.197299999999999898e+01,3.263396999999999935e+03,4.532900000000000063e+01,-1.008399999999999963e+01,4.580700000000000216e+01,1.008500000000000085e+01,1.644050000000000011e+02,1.340000000000000080e-01,1.644050000000000011e+02,8.995300000000000296e+01,6.602000000000000313e+00,1.419999999999999873e-01,5.729999999999999538e-01,-7.376999999999999843e-06,3.505999999999999783e+00,-6.000000000000000125e-03,7.976200000000000045e+01,8.992499999999999716e+01
2.202299999999999969e+01,3.265650999999999840e+03,4.482500000000000284e+01,-1.007600000000000051e+01,4.530700000000000216e+01,1.007699999999999996e+01,1.647350000000000136e+02,1.350000000000000089e-01,1.647350000000000136e+02,8.995300000000000296e+01,6.594000000000000306e+00,1.469999999999999918e-01,6.209999999999999964e-01,-7.391999999999999699e-06,3.749000000000000110e+00,-7.000000000000000146e-03,7.958100000000000307e+01,8.992400000000000659e+01
2.207300000000000040e+01,3.267878999999999905e+03,4.432099999999999795e+01,-1.006900000000000084e+01,4.480799999999999983e+01,1.007000000000000028e+01,1.650649999999999977e+02,1.350000000000000089e-01,1.650649999999999977e+02,8.995300000000000296e+01,6.586999999999999744e+00,1.429999999999999882e-01,6.049999999999999822e-01,-7.390000000000000396e-06,4.000000000000000000e+00,-8.000000000000000167e-03,7.938700000000000045e+01,8.992400000000000659e+01
2.212300000000000111e+01,3.270083000000000084e+03,4.381799999999999784e+01,-1.006300000000000061e+01,4.430899999999999750e+01,1.006400000000000006e+01,1.653940000000000055e+02,1.360000000000000098e-01,1.653940000000000055e+02,8.995300000000000296e+01,6.580000000000000071e+00,1.409999999999999865e-01,6.089999999999999858e-01,-7.407000000000000403e-06,4.222999999999999865e+00,-8.000000000000000167e-03,7.918099999999999739e+01,8.992400000000000659e+01
2.217299999999999827e+01,3.272260999999999967e+03,4.331499999999999773e+01,-1.005400000000000027e+01,4.381099999999999994e+01,1.005499999999999972e+01,1.657230000000000132e+02,1.360000000000000098e-01,1.657230000000000132e+02,8.995300000000000296e+01,6.573000000000000398e+00,1.529999999999999971e-01,7.129999999999999671e-01,-7.405000000000000253e-06,4.472999999999999865e+00,-8.999999999999999320e-03,7.896399999999999864e+01,8.992400000000000659e+01
2.222299999999999898e+01,3.274414000000000215e+03,4.281199999999999761e+01,-1.005000000000000071e+01,4.331300000000000239e+01,1.005100000000000016e+01,1.660509999999999877e+02,1.370000000000000107e-01,1.660509999999999877e+02,8.995300000000000296e+01,6.565000000000000391e+00,1.330000000000000071e-01,5.789999999999999591e-01,-7.410000000000000205e-06,4.740999999999999659e+00,-1.000000000000000021e-02,7.873399999999999466e+01,8.992400000000000659e+01
2.227299999999999969e+01,3.276541999999999916e+03,4.231000000000000227e+01,-1.004800000000000004e+01,4.281499999999999773e+01,1.004800000000000004e+01,1.663789999999999907e+02,1.370000000000000107e-01,1.663789999999999907e+02,8.995300000000000296e+01,6.559000000000000163e+00,1.089999999999999997e-01,3.990000000000000213e-01,-7.407000000000000403e-06,4.886000000000000121e+00,-1.200000000000000025e-02,7.849299999999999500e+01,8.992499999999999716e+01
2.232300000000000040e+01,3.278644999999999982e+03,4.180700000000000216e+01,-1.004400000000000048e+01,4.231799999999999784e+01,1.004400000000000048e+01,1.667069999999999936e+02,1.380000000000000115e-01,1.667069999999999936e+02,8.995300000000000296e+01,6.554000000000000270e+00,9.600000000000000200e-02,3.009999999999999898e-01,-7.408000000000000054e-06,5.028999999999999915e+00,-1.600000000000000033e-02,7.824500000000000455e+01,8.992499999999999716e+01
2.237300000000000111e+01,3.280722999999999956e+03,4.130499999999999972e+01,-1.004299999999999926e+01,4.182099999999999795e+01,1.004299999999999926e+01,1.670349999999999966e+02,1.380000000000000115e-01,1.670349999999999966e+02,8.995300000000000296e+01,6.549999999999999822e+00,6.700000000000000400e-02,5.199999999999999761e-02,-7.410000000000000205e-06,5.075000000000000178e+00,-7.099999999999999367e-02,7.799200000000000443e+01,8.992600000000000193e+01
2.242299999999999827e+01,3.282775999999999840e+03,4.080299999999999727e+01,-1.004100000000000037e+01,4.132500000000000284e+01,1.004100000000000037e+01,1.673619999999999948e+02,1.390000000000000124e-01,1.673619999999999948e+02,8.995199999999999818e+01,6.546999999999999709e+00,4.800000000000000100e-02,1.130000000000000032e-01,-7.410999999999999856e-06,-5.059000000000000163e+00,-2.699999999999999969e-02,7.773799999999999955e+01,8.992600000000000193e+01
2.247299999999999898e+01,3.284802999999999884e+03,4.030100000000000193e+01,-1.003999999999999915e+01,4.082900000000000063e+01,1.003999999999999915e+01,1.676889999999999930e+02,1.390000000000000124e-01,1.676899999999999977e+02,8.995199999999999818e+01,6.544999999999999929e+00,2.299999999999999961e-02,3.380000000000000226e-01,-7.412000000000000355e-06,-4.982000000000000206e+00,-6.000000000000000125e-03,7.748699999999999477e+01,8.992700000000000671e+01
2.252299999999999969e+01,3.286806000000000040e+03,3.979899999999999949e+01,-1.003700000000000081e+01,4.033400000000000318e+01,1.003700000000000081e+01,1.680169999999999959e+02,1.400000000000000133e-01,1.680169999999999959e+02,8.995199999999999818e+01,6.544999999999999929e+00,8.999999999999999320e-03,4.739999999999999769e-01,-7.417000000000000307e-06,-4.825999999999999623e+00,-3.000000000000000062e-03,7.724099999999999966e+01,8.992799999999999727e+01
2.257300000000000040e+01,3.288782999999999902e+03,3.929800000000000182e+01,-1.002800000000000047e+01,3.983899999999999864e+01,1.002800000000000047e+01,1.683439999999999941e+02,1.409999999999999865e-01,1.683439999999999941e+02,8.995199999999999818e+01,6.543999999999999595e+00,2.199999999999999872e-02,3.629999999999999893e-01,-7.418999999999999610e-06,-4.679000000000000270e+00,-3.000000000000000062e-03,7.700400000000000489e+01,8.992799999999999727e+01
2.262300000000000111e+01,3.290735999999999876e+03,3.879599999999999937e+01,-1.002299999999999969e+01,3.934400000000000119e+01,1.002299999999999969e+01,1.686709999999999923e+02,1.409999999999999865e-01,1.686709999999999923e+02,8.995199999999999818e+01,6.543000000000000149e+00,1.899999999999999953e-02,3.940000000000000169e-01,-7.415999999999999808e-06,-4.578000000000000291e+00,-2.000000000000000042e-03,7.677200000000000557e+01,8.992900000000000205e+01
2.267299999999999827e+01,3.292663000000000011e+03,3.829500000000000171e+01,-1.002200000000000024e+01,3.885000000000000142e+01,1.002200000000000024e+01,1.689979999999999905e+02,1.419999999999999873e-01,1.689979999999999905e+02,8.995199999999999818e+01,6.541999999999999815e+00,7.726000000000000228e-04,5.979999999999999760e-01,-7.422999999999999911e-06,-4.411999999999999922e+00,3.811999999999999959e-04,7.654699999999999704e+01,8.993000000000000682e+01
2.272299999999999898e+01,3.294565000000000055e+03,3.779399999999999693e+01,-1.001699999999999946e+01,3.835600000000000165e+01,1.001699999999999946e+01,1.693249999999999886e+02,1.419999999999999873e-01,1.693249999999999886e+02,8.995199999999999818e+01,6.541999999999999815e+00,4.000000000000000083e-03,6.380000000000000115e-01,-7.424000000000000409e-06,-4.216999999999999638e+00,1.000000000000000021e-03,7.633199999999999363e+01,8.993000000000000682e+01
2.277299999999999969e+01,3.296442000000000007e+03,3.729399999999999693e+01,-1.000900000000000034e+01,3.786299999999999955e+01,1.000900000000000034e+01,1.696519999999999868e+02,1.429999999999999882e-01,1.696519999999999868e+02,8.995199999999999818e+01,6.543000000000000149e+00,4.000000000000000083e-03,5.729999999999999538e-01,-7.430000000000000013e-06,-4.033999999999999808e+00,2.000000000000000042e-03,7.612600000000000477e+01,8.993099999999999739e+01
2.282300000000000040e+01,3.298295000000000073e+03,3.679299999999999926e+01,-1.000200000000000067e+01,3.736999999999999744e+01,1.000200000000000067e+01,1.699799999999999898e+02,1.429999999999999882e-01,1.699799999999999898e+02,8.995199999999999818e+01,6.541999999999999815e+00,1.099999999999999936e-02,4.949999999999999956e-01,-7.434000000000000314e-06,-3.880999999999999783e+00,3.000000000000000062e-03,7.592799999999999727e+01,8.993099999999999739e+01
2.287300000000000111e+01,3.300121999999999844e+03,3.629299999999999926e+01,-9.996999999999999886e+00,3.687800000000000011e+01,9.996999999999999886e+00,1.703069999999999879e+02,1.439999999999999891e-01,1.703069999999999879e+02,8.995199999999999818e+01,6.541000000000000369e+00,7.000000000000000146e-03,5.520000000000000462e-01,-7.430000000000000013e-06,-3.741999999999999993e+00,4.000000000000000083e-03,7.573699999999999477e+01,8.993200000000000216e+01
2.292299999999999827e+01,3.301923999999999978e+03,3.579399999999999693e+01,-9.994999999999999218e+00,3.638600000000000279e+01,9.994999999999999218e+00,1.706339999999999861e+02,1.439999999999999891e-01,1.706339999999999861e+02,8.995199999999999818e+01,6.541000000000000369e+00,4.000000000000000083e-03,6.760000000000000453e-01,-7.429000000000000362e-06,-3.568999999999999950e+00,4.000000000000000083e-03,7.555400000000000205e+01,8.993200000000000216e+01
2.297299999999999898e+01,3.303701000000000022e+03,3.529399999999999693e+01,-9.984999999999999432e+00,3.589500000000000313e+01,9.984999999999999432e+00,1.709610000000000127e+02,1.449999999999999900e-01,1.709610000000000127e+02,8.995099999999999341e+01,6.541999999999999815e+00,1.299999999999999940e-02,4.969999999999999973e-01,-7.427999999999999863e-06,-3.391999999999999904e+00,5.000000000000000104e-03,7.537999999999999545e+01,8.993300000000000693e+01
2.302299999999999969e+01,3.305452999999999975e+03,3.479500000000000171e+01,-9.974999999999999645e+00,3.540400000000000347e+01,9.974999999999999645e+00,1.712880000000000109e+02,1.459999999999999909e-01,1.712880000000000109e+02,8.995099999999999341e+01,6.540000000000000036e+00,3.099999999999999978e-02,2.760000000000000231e-01,-7.430000000000000013e-06,-3.310999999999999943e+00,1.000000000000000021e-02,7.521299999999999386e+01,8.993300000000000693e+01
2.307300000000000040e+01,3.307181000000000040e+03,3.429599999999999937e+01,-9.971000000000000085e+00,3.491400000000000148e+01,9.971000000000000085e+00,1.716150000000000091e+02,1.459999999999999909e-01,1.716150000000000091e+02,8.995099999999999341e+01,6.538999999999999702e+00,2.800000000000000058e-02,3.150000000000000022e-01,-7.427999999999999863e-06,-3.232000000000000206e+00,1.099999999999999936e-02,7.504900000000000659e+01,8.993300000000000693e+01
2.312300000000000111e+01,3.308882999999999811e+03,3.379800000000000182e+01,-9.965999999999999304e+00,3.442399999999999949e+01,9.965999999999999304e+00,1.719420000000000073e+02,1.469999999999999918e-01,1.719420000000000073e+02,8.995099999999999341e+01,6.536999999999999922e+00,2.299999999999999961e-02,3.689999999999999947e-01,-7.427000000000000211e-06,-3.150999999999999801e+00,1.099999999999999936e-02,7.489000000000000057e+01,8.993300000000000693e+01
2.317299999999999827e+01,3.310559999999999945e+03,3.329999999999999716e+01,-9.962999999999999190e+00,3.393500000000000227e+01,9.962999999999999190e+00,1.722690000000000055e+02,1.469999999999999918e-01,1.722690000000000055e+02,8.995099999999999341e+01,6.535999999999999588e+00,1.400000000000000029e-02,4.869999999999999885e-01,-7.425999999999999713e-06,-3.048000000000000043e+00,1.000000000000000021e-02,7.473499999999999943e+01,8.993399999999999750e+01
2.322299999999999898e+01,3.312213000000000193e+03,3.280199999999999960e+01,-9.958000000000000185e+00,3.344599999999999795e+01,9.958000000000000185e+00,1.725949999999999989e+02,1.479999999999999927e-01,1.725949999999999989e+02,8.995099999999999341e+01,6.535999999999999588e+00,1.700000000000000122e-02,4.560000000000000164e-01,-7.425000000000000061e-06,-2.927000000000000046e+00,1.200000000000000025e-02,7.458499999999999375e+01,8.993399999999999750e+01
2.327299999999999969e+01,3.313840000000000146e+03,3.230400000000000205e+01,-9.951000000000000512e+00,3.295799999999999841e+01,9.951000000000000512e+00,1.729219999999999970e+02,1.479999999999999927e-01,1.729219999999999970e+02,8.995099999999999341e+01,6.535000000000000142e+00,2.299999999999999961e-02,3.629999999999999893e-01,-7.425000000000000061e-06,-2.842999999999999972e+00,1.499999999999999944e-02,7.444100000000000250e+01,8.993399999999999750e+01
2.332300000000000040e+01,3.315443000000000211e+03,3.180699999999999861e+01,-9.945000000000000284e+00,3.247099999999999653e+01,9.945000000000000284e+00,1.732489999999999952e+02,1.489999999999999936e-01,1.732489999999999952e+02,8.995099999999999341e+01,6.533999999999999808e+00,2.500000000000000139e-02,3.410000000000000253e-01,-7.422999999999999911e-06,-2.759999999999999787e+00,1.700000000000000122e-02,7.430100000000000193e+01,8.993399999999999750e+01
2.337300000000000111e+01,3.317021000000000186e+03,3.130900000000000105e+01,-9.939999999999999503e+00,3.198400000000000176e+01,9.939999999999999503e+00,1.735749999999999886e+02,1.489999999999999936e-01,1.735759999999999934e+02,8.995099999999999341e+01,6.532000000000000028e+00,2.500000000000000139e-02,3.350000000000000200e-01,-7.420999999999999761e-06,-2.694999999999999840e+00,1.799999999999999864e-02,7.416500000000000625e+01,8.993300000000000693e+01
2.342299999999999827e+01,3.318574000000000069e+03,3.081299999999999883e+01,-9.932999999999999829e+00,3.149699999999999989e+01,9.932999999999999829e+00,1.739019999999999868e+02,1.499999999999999944e-01,1.739019999999999868e+02,8.995099999999999341e+01,6.530999999999999694e+00,3.200000000000000067e-02,2.159999999999999976e-01,-7.420000000000000109e-06,-2.621999999999999886e+00,2.599999999999999881e-02,7.403199999999999648e+01,8.993300000000000693e+01
2.347299999999999898e+01,3.320101999999999862e+03,3.031599999999999895e+01,-9.923999999999999488e+00,3.101099999999999923e+01,9.923999999999999488e+00,1.742290000000000134e+02,1.509999999999999953e-01,1.742290000000000134e+02,8.995000000000000284e+01,6.528999999999999915e+00,4.800000000000000100e-02,4.399999999999999745e-02,-7.418999999999999610e-06,2.608999999999999986e+00,1.059999999999999970e-01,7.390099999999999625e+01,8.993300000000000693e+01
2.352299999999999969e+01,3.321606000000000222e+03,2.982000000000000028e+01,-9.919000000000000483e+00,3.052599999999999980e+01,9.919000000000000483e+00,1.745550000000000068e+02,1.509999999999999953e-01,1.745550000000000068e+02,8.995000000000000284e+01,6.525999999999999801e+00,4.900000000000000189e-02,9.099999999999999756e-02,-7.420000000000000109e-06,2.625999999999999890e+00,5.000000000000000278e-02,7.376999999999999602e+01,8.993200000000000216e+01
2.357300000000000040e+01,3.323083999999999833e+03,2.932400000000000162e+01,-9.912000000000000810e+00,3.004100000000000037e+01,9.912000000000000810e+00,1.748810000000000002e+02,1.519999999999999962e-01,1.748810000000000002e+02,8.995000000000000284e+01,6.524000000000000021e+00,5.800000000000000294e-02,2.550000000000000044e-01,-7.420000000000000109e-06,2.645000000000000018e+00,1.499999999999999944e-02,7.363899999999999579e+01,8.993200000000000216e+01
2.362300000000000111e+01,3.324538000000000011e+03,2.882900000000000063e+01,-9.906000000000000583e+00,2.955699999999999861e+01,9.906000000000000583e+00,1.752069999999999936e+02,1.519999999999999962e-01,1.752069999999999936e+02,8.995000000000000284e+01,6.520999999999999908e+00,6.300000000000000044e-02,3.739999999999999991e-01,-7.420000000000000109e-06,2.714999999999999858e+00,8.999999999999999320e-03,7.350499999999999545e+01,8.993099999999999739e+01
2.367299999999999827e+01,3.325967000000000098e+03,2.833399999999999963e+01,-9.901999999999999247e+00,2.907400000000000162e+01,9.901999999999999247e+00,1.755329999999999870e+02,1.529999999999999971e-01,1.755329999999999870e+02,8.995000000000000284e+01,6.517999999999999794e+00,6.199999999999999956e-02,3.760000000000000009e-01,-7.420000000000000109e-06,2.766000000000000014e+00,1.000000000000000021e-02,7.336799999999999500e+01,8.993099999999999739e+01
2.372299999999999898e+01,3.327371999999999844e+03,2.783899999999999864e+01,-9.894999999999999574e+00,2.859100000000000108e+01,9.894999999999999574e+00,1.758590000000000089e+02,1.529999999999999971e-01,1.758590000000000089e+02,8.995000000000000284e+01,6.514000000000000234e+00,6.800000000000000488e-02,5.300000000000000266e-01,-7.420999999999999761e-06,2.845000000000000195e+00,5.000000000000000104e-03,7.322799999999999443e+01,8.993000000000000682e+01
2.377299999999999969e+01,3.328751000000000204e+03,2.734400000000000119e+01,-9.887999999999999901e+00,2.810900000000000176e+01,9.887999999999999901e+00,1.761850000000000023e+02,1.539999999999999980e-01,1.761850000000000023e+02,8.995000000000000284e+01,6.511000000000000121e+00,7.900000000000000078e-02,7.650000000000000133e-01,-7.422000000000000259e-06,2.938000000000000167e+00,2.000000000000000042e-03,7.308299999999999841e+01,8.993000000000000682e+01
2.382300000000000040e+01,3.330106000000000222e+03,2.685000000000000142e+01,-9.881000000000000227e+00,2.762699999999999889e+01,9.881000000000000227e+00,1.765099999999999909e+02,1.549999999999999989e-01,1.765099999999999909e+02,8.995000000000000284e+01,6.506000000000000227e+00,8.799999999999999489e-02,9.749999999999999778e-01,-7.420999999999999761e-06,3.084000000000000075e+00,-2.016999999999999831e-05,7.293300000000000693e+01,8.992900000000000205e+01
2.387300000000000111e+01,3.331436000000000149e+03,2.635600000000000165e+01,-9.878000000000000114e+00,2.714600000000000080e+01,9.878000000000000114e+00,1.768350000000000080e+02,1.549999999999999989e-01,1.768350000000000080e+02,8.995000000000000284e+01,6.501999999999999780e+00,8.300000000000000433e-02,9.280000000000000471e-01,-7.422999999999999911e-06,3.225000000000000089e+00,5.423000000000000086e-04,7.277500000000000568e+01,8.992799999999999727e+01
2.392299999999999827e+01,3.332742000000000189e+03,2.586199999999999832e+01,-9.874000000000000554e+00,2.666600000000000037e+01,9.875000000000000000e+00,1.771599999999999966e+02,1.559999999999999998e-01,1.771599999999999966e+02,8.995000000000000284e+01,6.498000000000000220e+00,8.000000000000000167e-02,9.360000000000000542e-01,-7.422000000000000259e-06,3.357000000000000206e+00,4.851999999999999759e-04,7.261100000000000421e+01,8.992799999999999727e+01
2.397299999999999898e+01,3.334021999999999935e+03,2.536899999999999977e+01,-9.869999999999999218e+00,2.618700000000000117e+01,9.871000000000000441e+00,1.774850000000000136e+02,1.559999999999999998e-01,1.774850000000000136e+02,8.995000000000000284e+01,6.493999999999999773e+00,8.000000000000000167e-02,9.809999999999999831e-01,-7.424000000000000409e-06,3.488999999999999879e+00,2.258000000000000133e-04,7.243899999999999295e+01,8.992700000000000671e+01
2.402299999999999969e+01,3.335277999999999793e+03,2.487500000000000000e+01,-9.867000000000000881e+00,2.570799999999999841e+01,9.867000000000000881e+00,1.778100000000000023e+02,1.570000000000000007e-01,1.778100000000000023e+02,8.994899999999999807e+01,6.490000000000000213e+00,7.699999999999999900e-02,9.749999999999999778e-01,-7.424000000000000409e-06,3.620999999999999996e+00,3.502000000000000013e-04,7.226200000000000045e+01,8.992600000000000193e+01
2.407300000000000040e+01,3.336510000000000218e+03,2.438200000000000145e+01,-9.864000000000000767e+00,2.523000000000000043e+01,9.865000000000000213e+00,1.781339999999999861e+02,1.570000000000000007e-01,1.781339999999999861e+02,8.994899999999999807e+01,6.487000000000000099e+00,7.099999999999999367e-02,9.060000000000000275e-01,-7.425999999999999713e-06,3.740000000000000213e+00,1.000000000000000021e-03,7.207800000000000296e+01,8.992499999999999716e+01
2.412300000000000111e+01,3.337717000000000098e+03,2.388899999999999935e+01,-9.858999999999999986e+00,2.475300000000000011e+01,9.859999999999999432e+00,1.784579999999999984e+02,1.580000000000000016e-01,1.784590000000000032e+02,8.994899999999999807e+01,6.482999999999999652e+00,7.499999999999999722e-02,1.050000000000000044e+00,-7.427999999999999863e-06,3.850999999999999979e+00,-8.346999999999999873e-05,7.188800000000000523e+01,8.992499999999999716e+01
2.417299999999999827e+01,3.338898999999999887e+03,2.339600000000000080e+01,-9.853999999999999204e+00,2.427599999999999980e+01,9.855000000000000426e+00,1.787829999999999870e+02,1.590000000000000024e-01,1.787829999999999870e+02,8.994899999999999807e+01,6.479000000000000092e+00,7.900000000000000078e-02,1.197999999999999954e+00,-7.425999999999999713e-06,3.992999999999999883e+00,-1.000000000000000021e-03,7.169199999999999307e+01,8.992400000000000659e+01
2.422299999999999898e+01,3.340056000000000040e+03,2.290299999999999869e+01,-9.852000000000000313e+00,2.380099999999999838e+01,9.852000000000000313e+00,1.791059999999999945e+02,1.590000000000000024e-01,1.791059999999999945e+02,8.994899999999999807e+01,6.474999999999999645e+00,7.399999999999999634e-02,1.161999999999999922e+00,-7.425000000000000061e-06,4.121999999999999886e+00,-4.501999999999999925e-04,7.148900000000000432e+01,8.992300000000000182e+01
2.427299999999999969e+01,3.341188999999999851e+03,2.241100000000000136e+01,-9.846999999999999531e+00,2.332600000000000051e+01,9.846999999999999531e+00,1.794300000000000068e+02,1.600000000000000033e-01,1.794300000000000068e+02,8.994899999999999807e+01,6.471000000000000085e+00,7.900000000000000078e-02,1.340999999999999970e+00,-7.427000000000000211e-06,4.254999999999999893e+00,-2.000000000000000042e-03,7.127899999999999636e+01,8.992199999999999704e+01
2.432300000000000040e+01,3.342297000000000025e+03,2.191900000000000048e+01,-9.839999999999999858e+00,2.285300000000000153e+01,9.840999999999999304e+00,1.797539999999999907e+02,1.600000000000000033e-01,1.797539999999999907e+02,8.994899999999999807e+01,6.466999999999999638e+00,8.699999999999999400e-02,1.647999999999999909e+00,-7.427000000000000211e-06,4.410000000000000142e+00,-3.000000000000000062e-03,7.106300000000000239e+01,8.992199999999999704e+01
2.437300000000000111e+01,3.343380999999999858e+03,2.142699999999999960e+01,-9.835000000000000853e+00,2.237999999999999901e+01,9.835000000000000853e+00,1.800769999999999982e+02,1.610000000000000042e-01,1.800769999999999982e+02,8.994899999999999807e+01,6.463000000000000078e+00,9.299999999999999933e-02,1.905000000000000027e+00,-7.427999999999999863e-06,4.591999999999999638e+00,-4.000000000000000083e-03,7.083799999999999386e+01,8.992100000000000648e+01
2.442299999999999827e+01,3.344440000000000055e+03,2.093499999999999872e+01,-9.829000000000000625e+00,2.190899999999999892e+01,9.830000000000000071e+00,1.804000000000000057e+02,1.610000000000000042e-01,1.804000000000000057e+02,8.994899999999999807e+01,6.458000000000000185e+00,9.900000000000000466e-02,2.158999999999999808e+00,-7.430000000000000013e-06,4.785000000000000142e+00,-5.000000000000000104e-03,7.060399999999999920e+01,8.992000000000000171e+01
2.447299999999999898e+01,3.345474000000000160e+03,2.044399999999999906e+01,-9.824999999999999289e+00,2.143799999999999883e+01,9.824999999999999289e+00,1.807230000000000132e+02,1.620000000000000051e-01,1.807230000000000132e+02,8.994899999999999807e+01,6.453000000000000291e+00,1.029999999999999943e-01,2.392999999999999794e+00,-7.432000000000000163e-06,5.001000000000000334e+00,-5.000000000000000104e-03,7.035899999999999466e+01,8.991899999999999693e+01
2.452299999999999969e+01,3.346483999999999924e+03,1.995299999999999940e+01,-9.820999999999999730e+00,2.096900000000000119e+01,9.820999999999999730e+00,1.810449999999999875e+02,1.630000000000000060e-01,1.810449999999999875e+02,8.994899999999999807e+01,6.448000000000000398e+00,1.039999999999999952e-01,2.552999999999999936e+00,-7.432000000000000163e-06,5.219000000000000306e+00,-5.000000000000000104e-03,7.010399999999999920e+01,8.991899999999999693e+01
2.457300000000000040e+01,3.347469999999999800e+03,1.946199999999999974e+01,-9.814999999999999503e+00,2.050000000000000000e+01,9.816000000000000725e+00,1.813669999999999902e+02,1.630000000000000060e-01,1.813669999999999902e+02,8.994799999999999329e+01,6.442000000000000171e+00,1.110000000000000014e-01,2.883000000000000007e+00,-7.427999999999999863e-06,5.448000000000000398e+00,-6.000000000000000125e-03,6.983700000000000330e+01,8.991800000000000637e+01
2.462300000000000111e+01,3.348431000000000040e+03,1.897100000000000009e+01,-9.810999999999999943e+00,2.003300000000000125e+01,9.811999999999999389e+00,1.816889999999999930e+02,1.640000000000000069e-01,1.816889999999999930e+02,8.994799999999999329e+01,6.437000000000000277e+00,1.120000000000000023e-01,3.087000000000000188e+00,-7.425000000000000061e-06,5.697000000000000064e+00,-6.000000000000000125e-03,6.955800000000000693e+01,8.991700000000000159e+01
2.467299999999999827e+01,3.349367000000000189e+03,1.848100000000000165e+01,-9.807000000000000384e+00,1.956800000000000139e+01,9.807999999999999829e+00,1.820109999999999957e+02,1.640000000000000069e-01,1.820109999999999957e+02,8.994799999999999329e+01,6.431000000000000050e+00,1.130000000000000032e-01,3.275999999999999801e+00,-7.427000000000000211e-06,5.939000000000000057e+00,-6.000000000000000125e-03,6.926699999999999591e+01,8.991700000000000159e+01
2.472299999999999898e+01,3.350278999999999996e+03,1.798999999999999844e+01,-9.801000000000000156e+00,1.910300000000000153e+01,9.801999999999999602e+00,1.823319999999999936e+02,1.650000000000000078e-01,1.823319999999999936e+02,8.994799999999999329e+01,6.424999999999999822e+00,1.229999999999999982e-01,3.759999999999999787e+00,-7.429000000000000362e-06,6.198999999999999844e+00,-7.000000000000000146e-03,6.896399999999999864e+01,8.991599999999999682e+01
2.477299999999999969e+01,3.351166000000000167e+03,1.750000000000000000e+01,-9.797000000000000597e+00,1.864099999999999824e+01,9.798000000000000043e+00,1.826539999999999964e+02,1.660000000000000087e-01,1.826539999999999964e+02,8.994799999999999329e+01,6.418999999999999595e+00,1.250000000000000000e-01,4.038000000000000256e+00,-7.429000000000000362e-06,6.482999999999999652e+00,-7.000000000000000146e-03,6.864700000000000557e+01,8.991500000000000625e+01
2.482300000000000040e+01,3.352028999999999996e+03,1.701099999999999923e+01,-9.792999999999999261e+00,1.817899999999999849e+01,9.794000000000000483e+00,1.829739999999999895e+02,1.660000000000000087e-01,1.829739999999999895e+02,8.994799999999999329e+01,6.413000000000000256e+00,1.260000000000000009e-01,4.285000000000000142e+00,-7.427000000000000211e-06,6.758000000000000007e+00,-7.000000000000000146e-03,6.831600000000000250e+01,8.991500000000000625e+01
2.487300000000000111e+01,3.352867000000000189e+03,1.652100000000000080e+01,-9.788999999999999702e+00,1.771999999999999886e+01,9.788999999999999702e+00,1.832949999999999875e+02,1.670000000000000095e-01,1.832949999999999875e+02,8.994799999999999329e+01,6.405999999999999694e+00,1.300000000000000044e-01,4.621999999999999886e+00,-7.425999999999999713e-06,7.049999999999999822e+00,-7.000000000000000146e-03,6.797100000000000364e+01,8.991400000000000148e+01
2.492299999999999827e+01,3.353681000000000040e+03,1.603200000000000003e+01,-9.784000000000000696e+00,1.726200000000000045e+01,9.785000000000000142e+00,1.836150000000000091e+02,1.670000000000000095e-01,1.836150000000000091e+02,8.994799999999999329e+01,6.400000000000000355e+00,1.340000000000000080e-01,5.032000000000000028e+00,-7.424000000000000409e-06,7.338000000000000078e+00,-7.000000000000000146e-03,6.761100000000000421e+01,8.991400000000000148e+01
2.497299999999999898e+01,3.354469999999999800e+03,1.554299999999999926e+01,-9.776999999999999247e+00,1.680600000000000094e+01,9.778999999999999915e+00,1.839350000000000023e+02,1.680000000000000104e-01,1.839350000000000023e+02,8.994799999999999329e+01,6.392999999999999794e+00,1.429999999999999882e-01,5.605999999999999872e+00,-7.422000000000000259e-06,7.652999999999999581e+00,-8.000000000000000167e-03,6.723699999999999477e+01,8.991299999999999670e+01
2.502299999999999969e+01,3.355235000000000127e+03,1.505400000000000027e+01,-9.772000000000000242e+00,1.635200000000000031e+01,9.772999999999999687e+00,1.842539999999999907e+02,1.680000000000000104e-01,1.842539999999999907e+02,8.994799999999999329e+01,6.386000000000000121e+00,1.479999999999999927e-01,6.091000000000000192e+00,-7.420000000000000109e-06,7.974999999999999645e+00,-8.000000000000000167e-03,6.684600000000000364e+01,8.991299999999999670e+01
2.507300000000000040e+01,3.355976000000000113e+03,1.456600000000000072e+01,-9.766999999999999460e+00,1.590099999999999980e+01,9.768000000000000682e+00,1.845730000000000075e+02,1.690000000000000113e-01,1.845730000000000075e+02,8.994799999999999329e+01,6.378000000000000114e+00,1.539999999999999980e-01,6.653999999999999915e+00,-7.422000000000000259e-06,8.314999999999999503e+00,-8.000000000000000167e-03,6.643899999999999295e+01,8.991299999999999670e+01
2.512300000000000111e+01,3.356692000000000007e+03,1.407699999999999996e+01,-9.763999999999999346e+00,1.545199999999999996e+01,9.765000000000000568e+00,1.848919999999999959e+02,1.700000000000000122e-01,1.848919999999999959e+02,8.994700000000000273e+01,6.370000000000000107e+00,1.529999999999999971e-01,6.937999999999999723e+00,-7.418999999999999610e-06,8.659000000000000696e+00,-8.000000000000000167e-03,6.601399999999999579e+01,8.991200000000000614e+01
2.517299999999999827e+01,3.357382999999999811e+03,1.358900000000000041e+01,-9.760999999999999233e+00,1.500500000000000078e+01,9.762000000000000455e+00,1.852100000000000080e+02,1.700000000000000122e-01,1.852100000000000080e+02,8.994700000000000273e+01,6.363000000000000433e+00,1.499999999999999944e-01,7.214999999999999858e+00,-7.420000000000000109e-06,8.990000000000000213e+00,-7.000000000000000146e-03,6.557299999999999329e+01,8.991200000000000614e+01
2.522299999999999898e+01,3.358050999999999931e+03,1.310100000000000087e+01,-9.756999999999999673e+00,1.456099999999999994e+01,9.759000000000000341e+00,1.855279999999999916e+02,1.710000000000000131e-01,1.855279999999999916e+02,8.994700000000000273e+01,6.355000000000000426e+00,1.519999999999999962e-01,7.676000000000000156e+00,-7.420999999999999761e-06,9.320999999999999730e+00,-7.000000000000000146e-03,6.511499999999999488e+01,8.991200000000000614e+01
2.527299999999999969e+01,3.358693000000000211e+03,1.261299999999999955e+01,-9.753999999999999559e+00,1.412100000000000044e+01,9.755000000000000782e+00,1.858460000000000036e+02,1.710000000000000131e-01,1.858460000000000036e+02,8.994700000000000273e+01,6.347999999999999865e+00,1.519999999999999962e-01,8.105999999999999872e+00,-7.420000000000000109e-06,9.651999999999999247e+00,-7.000000000000000146e-03,6.464100000000000534e+01,8.991100000000000136e+01
2.532300000000000040e+01,3.359311999999999898e+03,1.212599999999999945e+01,-9.749000000000000554e+00,1.368299999999999983e+01,9.750999999999999446e+00,1.861630000000000109e+02,1.719999999999999862e-01,1.861630000000000109e+02,8.994700000000000273e+01,6.339999999999999858e+00,1.559999999999999998e-01,8.711000000000000298e+00,-7.417999999999999959e-06,9.980000000000000426e+00,-7.000000000000000146e-03,6.415000000000000568e+01,8.991100000000000136e+01
2.537300000000000111e+01,3.359905999999999949e+03,1.163899999999999935e+01,-9.743999999999999773e+00,1.325000000000000000e+01,9.744999999999999218e+00,1.864799999999999898e+02,1.729999999999999871e-01,1.864799999999999898e+02,8.994700000000000273e+01,6.331999999999999851e+00,1.610000000000000042e-01,9.439000000000000057e+00,-7.420000000000000109e-06,1.032099999999999973e+01,-7.000000000000000146e-03,6.364300000000000068e+01,8.991100000000000136e+01
2.542299999999999827e+01,3.360476000000000113e+03,1.115099999999999980e+01,-9.742000000000000881e+00,1.282000000000000028e+01,9.743000000000000327e+00,1.867959999999999923e+02,1.729999999999999871e-01,1.867959999999999923e+02,8.994700000000000273e+01,6.323999999999999844e+00,1.580000000000000016e-01,9.791000000000000369e+00,-7.420999999999999761e-06,1.066099999999999959e+01,-6.000000000000000125e-03,6.311800000000000210e+01,8.991100000000000136e+01
2.547299999999999898e+01,3.361021000000000186e+03,1.066399999999999970e+01,-9.740999999999999659e+00,1.239400000000000013e+01,9.743000000000000327e+00,1.871119999999999948e+02,1.739999999999999880e-01,1.871119999999999948e+02,8.994700000000000273e+01,6.315999999999999837e+00,1.509999999999999953e-01,1.005000000000000071e+01,-7.420999999999999761e-06,1.098099999999999987e+01,-5.000000000000000104e-03,6.257699999999999818e+01,8.991100000000000136e+01
2.552299999999999969e+01,3.361541999999999916e+03,1.017699999999999960e+01,-9.737999999999999545e+00,1.197400000000000020e+01,9.739000000000000767e+00,1.874279999999999973e+02,1.739999999999999880e-01,1.874279999999999973e+02,8.994700000000000273e+01,6.309000000000000163e+00,1.519999999999999962e-01,1.069400000000000084e+01,-7.422999999999999911e-06,1.129199999999999982e+01,-5.000000000000000104e-03,6.202000000000000313e+01,8.990999999999999659e+01
2.557300000000000040e+01,3.362039000000000215e+03,9.691000000000000725e+00,-9.731999999999999318e+00,1.155899999999999928e+01,9.733000000000000540e+00,1.877429999999999950e+02,1.749999999999999889e-01,1.877429999999999950e+02,8.994700000000000273e+01,6.301000000000000156e+00,1.570000000000000007e-01,1.158600000000000030e+01,-7.422000000000000259e-06,1.160699999999999932e+01,-5.000000000000000104e-03,6.144800000000000040e+01,8.990999999999999659e+01
2.562300000000000111e+01,3.362510999999999967e+03,9.204000000000000625e+00,-9.727000000000000313e+00,1.115000000000000036e+01,9.727999999999999758e+00,1.880579999999999927e+02,1.759999999999999898e-01,1.880579999999999927e+02,8.994700000000000273e+01,6.293000000000000149e+00,1.610000000000000042e-01,1.245899999999999963e+01,-7.422000000000000259e-06,1.192699999999999960e+01,-5.000000000000000104e-03,6.085900000000000176e+01,8.990999999999999659e+01
2.567299999999999827e+01,3.362958999999999833e+03,8.717999999999999972e+00,-9.720000000000000639e+00,1.074699999999999989e+01,9.721999999999999531e+00,1.883720000000000141e+02,1.759999999999999898e-01,1.883720000000000141e+02,8.994599999999999795e+01,6.285000000000000142e+00,1.660000000000000087e-01,1.350099999999999945e+01,-7.422999999999999911e-06,1.224900000000000055e+01,-5.000000000000000104e-03,6.025500000000000256e+01,8.990999999999999659e+01
2.572299999999999898e+01,3.363382999999999811e+03,8.231999999999999318e+00,-9.712999999999999190e+00,1.035200000000000031e+01,9.714000000000000412e+00,1.886860000000000070e+02,1.769999999999999907e-01,1.886870000000000118e+02,8.994599999999999795e+01,6.275999999999999801e+00,1.729999999999999871e-01,1.465900000000000070e+01,-7.422000000000000259e-06,1.258200000000000074e+01,-5.000000000000000104e-03,5.963400000000000034e+01,8.990999999999999659e+01
2.577299999999999969e+01,3.363782999999999902e+03,7.746999999999999886e+00,-9.705999999999999517e+00,9.964999999999999858e+00,9.708000000000000185e+00,1.890000000000000000e+02,1.769999999999999907e-01,1.890000000000000000e+02,8.994599999999999795e+01,6.267999999999999794e+00,1.769999999999999907e-01,1.577899999999999991e+01,-7.422999999999999911e-06,1.291799999999999926e+01,-5.000000000000000104e-03,5.899699999999999989e+01,8.990999999999999659e+01
2.582300000000000040e+01,3.364157999999999902e+03,7.261999999999999567e+00,-9.699999999999999289e+00,9.586000000000000298e+00,9.701999999999999957e+00,1.893129999999999882e+02,1.779999999999999916e-01,1.893129999999999882e+02,8.994599999999999795e+01,6.259000000000000341e+00,1.809999999999999942e-01,1.694200000000000017e+01,-7.424000000000000409e-06,1.325999999999999979e+01,-4.000000000000000083e-03,5.834199999999999875e+01,8.990999999999999659e+01
2.587300000000000111e+01,3.364509000000000015e+03,6.777000000000000135e+00,-9.694000000000000838e+00,9.217999999999999972e+00,9.695999999999999730e+00,1.896260000000000048e+02,1.789999999999999925e-01,1.896260000000000048e+02,8.994599999999999795e+01,6.250000000000000000e+00,1.829999999999999960e-01,1.807700000000000173e+01,-7.422999999999999911e-06,1.359800000000000075e+01,-4.000000000000000083e-03,5.767099999999999937e+01,8.990999999999999659e+01
2.592299999999999827e+01,3.364835000000000036e+03,6.291999999999999815e+00,-9.685999999999999943e+00,8.862000000000000099e+00,9.688000000000000611e+00,1.899379999999999882e+02,1.789999999999999925e-01,1.899379999999999882e+02,8.994599999999999795e+01,6.240000000000000213e+00,1.890000000000000013e-01,1.952499999999999858e+01,-7.422999999999999911e-06,1.393699999999999939e+01,-4.000000000000000083e-03,5.698199999999999932e+01,8.990999999999999659e+01
2.597299999999999898e+01,3.365137999999999920e+03,5.807999999999999829e+00,-9.679999999999999716e+00,8.518000000000000682e+00,9.682000000000000384e+00,1.902500000000000000e+02,1.799999999999999933e-01,1.902500000000000000e+02,8.994599999999999795e+01,6.230999999999999872e+00,1.900000000000000022e-01,2.097800000000000153e+01,-7.422999999999999911e-06,1.427399999999999913e+01,-4.000000000000000083e-03,5.627700000000000102e+01,8.990999999999999659e+01
2.602299999999999969e+01,3.365416000000000167e+03,5.323999999999999844e+00,-9.676000000000000156e+00,8.188000000000000611e+00,9.676999999999999602e+00,1.905610000000000070e+02,1.799999999999999933e-01,1.905610000000000070e+02,8.994599999999999795e+01,6.221000000000000085e+00,1.900000000000000022e-01,2.256700000000000017e+01,-7.422999999999999911e-06,1.457199999999999918e+01,-3.000000000000000062e-03,5.555599999999999739e+01,8.990999999999999659e+01
2.607300000000000040e+01,3.365670000000000073e+03,4.841000000000000192e+00,-9.667999999999999261e+00,7.875000000000000000e+00,9.669999999999999929e+00,1.908720000000000141e+02,1.809999999999999942e-01,1.908720000000000141e+02,8.994599999999999795e+01,6.211999999999999744e+00,1.930000000000000049e-01,2.440500000000000114e+01,-7.422999999999999911e-06,1.483699999999999974e+01,-4.000000000000000083e-03,5.482000000000000028e+01,8.990999999999999659e+01
2.612300000000000111e+01,3.365900000000000091e+03,4.357000000000000206e+00,-9.662000000000000810e+00,7.580000000000000071e+00,9.663999999999999702e+00,1.911819999999999879e+02,1.819999999999999951e-01,1.911819999999999879e+02,8.994599999999999795e+01,6.201999999999999957e+00,1.950000000000000067e-01,2.618799999999999883e+01,-7.424000000000000409e-06,1.506799999999999962e+01,-3.000000000000000062e-03,5.407300000000000040e+01,8.990999999999999659e+01
2.617299999999999827e+01,3.366106000000000222e+03,3.874000000000000110e+00,-9.650999999999999801e+00,7.304000000000000270e+00,9.653000000000000469e+00,1.914919999999999902e+02,1.819999999999999951e-01,1.914919999999999902e+02,8.994599999999999795e+01,6.192000000000000171e+00,2.030000000000000138e-01,2.837000000000000099e+01,-7.424000000000000409e-06,1.526999999999999957e+01,-4.000000000000000083e-03,5.331400000000000006e+01,8.990999999999999659e+01
2.622299999999999898e+01,3.366288000000000011e+03,3.391999999999999904e+00,-9.640000000000000568e+00,7.051000000000000156e+00,9.641999999999999460e+00,1.918019999999999925e+02,1.829999999999999960e-01,1.918019999999999925e+02,8.994499999999999318e+01,6.182000000000000384e+00,2.099999999999999922e-01,3.051300000000000168e+01,-7.424000000000000409e-06,1.544599999999999973e+01,-4.000000000000000083e-03,5.254599999999999937e+01,8.990999999999999659e+01
2.627299999999999969e+01,3.366445000000000164e+03,2.910000000000000142e+00,-9.634000000000000341e+00,6.823000000000000398e+00,9.637000000000000455e+00,1.921100000000000136e+02,1.829999999999999960e-01,1.921100000000000136e+02,8.994499999999999318e+01,6.171000000000000263e+00,2.089999999999999913e-01,3.243500000000000227e+01,-7.422999999999999911e-06,1.559500000000000064e+01,-3.000000000000000062e-03,5.177000000000000313e+01,8.990999999999999659e+01
2.632300000000000040e+01,3.366579000000000178e+03,2.428999999999999826e+00,-9.627000000000000668e+00,6.621999999999999886e+00,9.628999999999999559e+00,1.924190000000000111e+02,1.839999999999999969e-01,1.924190000000000111e+02,8.994499999999999318e+01,6.160999999999999588e+00,2.109999999999999931e-01,3.453000000000000114e+01,-7.424000000000000409e-06,1.571700000000000053e+01,-3.000000000000000062e-03,5.098700000000000188e+01,8.990999999999999659e+01
2.637300000000000111e+01,3.366688000000000102e+03,1.947999999999999954e+00,-9.614000000000000767e+00,6.450999999999999623e+00,9.617000000000000881e+00,1.927259999999999991e+02,1.849999999999999978e-01,1.927270000000000039e+02,8.994499999999999318e+01,6.150000000000000355e+00,2.190000000000000002e-01,3.690800000000000125e+01,-7.424000000000000409e-06,1.581600000000000072e+01,-3.000000000000000062e-03,5.019899999999999807e+01,8.990999999999999659e+01
2.642299999999999827e+01,3.366773999999999887e+03,1.467000000000000082e+00,-9.603999999999999204e+00,6.312000000000000277e+00,9.605999999999999872e+00,1.930339999999999918e+02,1.849999999999999978e-01,1.930339999999999918e+02,8.994499999999999318e+01,6.139000000000000234e+00,2.230000000000000038e-01,3.925399999999999778e+01,-7.424000000000000409e-06,1.589700000000000024e+01,-2.000000000000000042e-03,4.940599999999999881e+01,8.990999999999999659e+01
2.647299999999999898e+01,3.366835000000000036e+03,9.869999999999999885e-01,-9.595000000000000639e+00,6.206999999999999851e+00,9.598000000000000753e+00,1.933400000000000034e+02,1.859999999999999987e-01,1.933400000000000034e+02,8.994499999999999318e+01,6.128000000000000114e+00,2.250000000000000056e-01,4.164300000000000068e+01,-7.424000000000000409e-06,1.595599999999999952e+01,-2.000000000000000042e-03,4.860900000000000176e+01,8.990999999999999659e+01
2.652299999999999969e+01,3.366871999999999844e+03,5.080000000000000071e-01,-9.580000000000000071e+00,6.136999999999999567e+00,9.583000000000000185e+00,1.936459999999999866e+02,1.859999999999999987e-01,1.936469999999999914e+02,8.994499999999999318e+01,6.115999999999999659e+00,2.349999999999999867e-01,4.421000000000000085e+01,-7.424000000000000409e-06,1.599699999999999989e+01,-1.000000000000000021e-03,4.781000000000000227e+01,8.990999999999999659e+01
2.657300000000000040e+01,3.366885999999999967e+03,2.500000000000000139e-02,-9.678000000000000824e+00,6.108999999999999986e+00,9.679000000000000270e+00,1.939519999999999982e+02,1.869999999999999996e-01,1.939519999999999982e+02,8.994499999999999318e+01,6.108999999999999986e+00,1.219999999999999973e-01,4.683299999999999841e+01,-7.424000000000000409e-06,1.603800000000000026e+01,-1.000000000000000021e-03,4.700900000000000034e+01,8.990999999999999659e+01
2.662300000000000111e+01,3.366875000000000000e+03,-4.590000000000000191e-01,-9.759999999999999787e+00,6.120000000000000107e+00,9.768000000000000682e+00,1.942570000000000050e+02,1.880000000000000004e-01,1.942570000000000050e+02,8.994499999999999318e+01,6.102999999999999758e+00,3.940000000000000169e-01,nan,nan,nan,nan,4.620700000000000074e+01,8.990999999999999659e+01
2.672500000000000142e+01,3.366777000000000044e+03,-1.457999999999999963e+00,-9.708999999999999631e+00,6.235999999999999766e+00,9.717999999999999972e+00,1.948799999999999955e+02,1.890000000000000013e-01,1.948799999999999955e+02,8.994400000000000261e+01,6.062999999999999723e+00,4.169999999999999818e-01,nan,nan,nan,nan,4.620700000000000074e+01,8.990999999999999659e+01
2.682799999999999940e+01,3.366574999999999818e+03,-2.456999999999999851e+00,-9.656000000000000583e+00,6.501999999999999780e+00,9.664999999999999147e+00,1.955020000000000095e+02,1.900000000000000022e-01,1.955020000000000095e+02,8.994400000000000261e+01,6.019999999999999574e+00,4.219999999999999862e-01,nan,nan,nan,nan,4.620700000000000074e+01,8.990999999999999659e+01
2.693199999999999861e+01,3.366268999999999778e+03,-3.455999999999999961e+00,-9.596000000000000085e+00,6.903999999999999915e+00,9.606999999999999318e+00,1.961220000000000141e+02,1.910000000000000031e-01,1.961220000000000141e+02,8.994400000000000261e+01,5.975999999999999979e+00,4.450000000000000067e-01,nan,nan,nan,nan,4.620700000000000074e+01,8.990999999999999659e+01
2.703600000000000136e+01,3.365858000000000175e+03,-4.455000000000000071e+00,-9.534000000000000696e+00,7.416999999999999815e+00,9.544000000000000483e+00,1.967419999999999902e+02,1.930000000000000049e-01,1.967419999999999902e+02,8.994400000000000261e+01,5.929999999999999716e+00,4.550000000000000155e-01,nan,nan,nan,nan,4.620700000000000074e+01,8.990999999999999659e+01
2.714099999999999824e+01,3.365338000000000193e+03,-5.453999999999999737e+00,-9.464999999999999858e+00,8.022000000000000242e+00,9.476000000000000867e+00,1.973609999999999900e+02,1.940000000000000058e-01,1.973609999999999900e+02,8.994400000000000261e+01,5.881999999999999673e+00,4.650000000000000244e-01,nan,nan,nan,nan,4.620700000000000074e+01,8.990999999999999659e+01
2.724599999999999866e+01,3.364710000000000036e+03,-6.453000000000000291e+00,-9.387999999999999901e+00,8.698999999999999844e+00,9.400999999999999801e+00,1.979790000000000134e+02,1.950000000000000067e-01,1.979790000000000134e+02,8.994400000000000261e+01,5.833000000000000185e+00,4.779999999999999805e-01,nan,nan,nan,nan,4.620700000000000074e+01,8.990999999999999659e+01
2.735200000000000031e+01,3.363971000000000004e+03,-7.451999999999999957e+00,-9.298999999999999488e+00,9.432000000000000384e+00,9.313000000000000611e+00,1.985970000000000084e+02,1.960000000000000075e-01,1.985970000000000084e+02,8.994299999999999784e+01,5.782000000000000028e+00,5.050000000000000044e-01,nan,nan,nan,nan,4.620700000000000074e+01,8.990999999999999659e+01
2.746000000000000085e+01,3.363117000000000189e+03,-8.449999999999999289e+00,-9.196999999999999176e+00,1.020899999999999963e+01,9.212999999999999190e+00,1.992150000000000034e+02,1.980000000000000093e-01,1.992150000000000034e+02,8.994299999999999784e+01,5.727999999999999758e+00,5.410000000000000364e-01,nan,nan,nan,nan,4.620700000000000074e+01,8.990999999999999659e+01
2.756800000000000139e+01,3.362146000000000186e+03,-9.448000000000000398e+00,-9.079000000000000625e+00,1.101900000000000013e+01,9.099000000000000199e+00,1.998329999999999984e+02,1.990000000000000102e-01,1.998329999999999984e+02,8.994299999999999784e+01,5.668999999999999595e+00,5.929999999999999716e-01,nan,nan,nan,nan,4.620700000000000074e+01,8.990999999999999659e+01
2.767800000000000082e+01,3.361052000000000135e+03,-1.044599999999999973e+01,-8.955000000000000071e+00,1.185500000000000043e+01,8.977000000000000313e+00,2.004530000000000030e+02,2.000000000000000111e-01,2.004530000000000030e+02,8.994299999999999784e+01,5.604000000000000092e+00,6.330000000000000071e-01,nan,nan,nan,nan,4.620700000000000074e+01,8.990999999999999659e+01
2.778999999999999915e+01,3.359833000000000084e+03,-1.144400000000000084e+01,-8.823000000000000398e+00,1.271100000000000030e+01,8.848000000000000753e+00,2.010730000000000075e+02,2.020000000000000129e-01,2.010730000000000075e+02,8.994299999999999784e+01,5.533999999999999808e+00,6.640000000000000346e-01,nan,nan,nan,nan,4.620700000000000074e+01,8.990999999999999659e+01
2.790299999999999869e+01,3.358483000000000175e+03,-1.244100000000000072e+01,-8.686999999999999389e+00,1.358600000000000030e+01,8.712999999999999190e+00,2.016939999999999884e+02,2.030000000000000138e-01,2.016939999999999884e+02,8.994199999999999307e+01,5.458999999999999631e+00,6.770000000000000462e-01,nan,nan,nan,nan,4.620700000000000074e+01,8.990999999999999659e+01
2.801699999999999946e+01,3.356998000000000047e+03,-1.343800000000000061e+01,-8.534000000000000696e+00,1.447499999999999964e+01,8.563000000000000611e+00,2.023160000000000025e+02,2.039999999999999869e-01,2.023160000000000025e+02,8.994199999999999307e+01,5.381000000000000227e+00,7.019999999999999574e-01,nan,nan,nan,nan,4.620700000000000074e+01,8.990999999999999659e+01
2.813400000000000034e+01,3.355371000000000095e+03,-1.443500000000000050e+01,-8.371999999999999886e+00,1.537599999999999945e+01,8.403000000000000469e+00,2.029399999999999977e+02,2.059999999999999887e-01,2.029399999999999977e+02,8.994199999999999307e+01,5.299000000000000377e+00,7.229999999999999760e-01,nan,nan,nan,nan,4.620700000000000074e+01,8.990999999999999659e+01
2.825300000000000011e+01,3.353594000000000051e+03,-1.543099999999999916e+01,-8.210000000000000853e+00,1.628800000000000026e+01,8.240000000000000213e+00,2.035649999999999977e+02,2.069999999999999896e-01,2.035660000000000025e+02,8.994199999999999307e+01,5.213000000000000078e+00,7.059999999999999609e-01,nan,nan,nan,nan,4.620700000000000074e+01,8.990999999999999659e+01
2.837500000000000000e+01,3.351661000000000058e+03,-1.642699999999999960e+01,-8.025999999999999801e+00,1.720899999999999963e+01,8.057999999999999829e+00,2.041930000000000121e+02,2.079999999999999905e-01,2.041930000000000121e+02,8.994199999999999307e+01,5.126999999999999780e+00,7.159999999999999698e-01,nan,nan,nan,nan,4.620700000000000074e+01,8.990999999999999659e+01
2.849899999999999878e+01,3.349559999999999945e+03,-1.742299999999999827e+01,-7.828000000000000291e+00,1.813700000000000045e+01,7.862000000000000099e+00,2.048240000000000123e+02,2.099999999999999922e-01,2.048240000000000123e+02,8.994100000000000250e+01,5.038000000000000256e+00,7.339999999999999858e-01,nan,nan,nan,nan,4.620700000000000074e+01,8.990999999999999659e+01
2.862600000000000122e+01,3.347280999999999949e+03,-1.841900000000000048e+01,-7.613000000000000433e+00,1.907100000000000151e+01,7.650999999999999801e+00,2.054590000000000032e+02,2.109999999999999931e-01,2.054590000000000032e+02,8.994100000000000250e+01,4.945000000000000284e+00,7.690000000000000169e-01,nan,nan,nan,nan,4.620700000000000074e+01,8.990999999999999659e+01
2.875700000000000145e+01,3.344809000000000196e+03,-1.941400000000000148e+01,-7.378000000000000114e+00,2.000900000000000034e+01,7.424000000000000377e+00,2.060980000000000132e+02,2.129999999999999949e-01,2.060980000000000132e+02,8.994100000000000250e+01,4.844000000000000306e+00,8.309999999999999609e-01,nan,nan,nan,nan,4.620700000000000074e+01,8.990999999999999659e+01
2.889099999999999824e+01,3.342126999999999953e+03,-2.040700000000000003e+01,-7.142999999999999794e+00,2.094900000000000162e+01,7.193999999999999950e+00,2.067429999999999950e+02,2.139999999999999958e-01,2.067429999999999950e+02,8.994100000000000250e+01,4.732999999999999652e+00,8.489999999999999769e-01,nan,nan,nan,nan,4.620700000000000074e+01,8.990999999999999659e+01
2.903000000000000114e+01,3.339221000000000004e+03,-2.139999999999999858e+01,-6.897999999999999687e+00,2.189199999999999946e+01,6.951999999999999957e+00,2.073930000000000007e+02,2.159999999999999976e-01,2.073930000000000007e+02,8.993999999999999773e+01,4.615000000000000213e+00,8.639999999999999902e-01,nan,nan,nan,nan,4.620700000000000074e+01,8.990999999999999659e+01
2.917399999999999949e+01,3.336070999999999913e+03,-2.239300000000000068e+01,-6.626999999999999780e+00,2.283899999999999864e+01,6.692000000000000171e+00,2.080480000000000018e+02,2.169999999999999984e-01,2.080480000000000018e+02,8.993999999999999773e+01,4.490000000000000213e+00,9.300000000000000488e-01,nan,nan,nan,nan,4.620700000000000074e+01,8.990999999999999659e+01
2.932400000000000162e+01,3.332650999999999840e+03,-2.338299999999999912e+01,-6.355999999999999872e+00,2.378399999999999892e+01,6.426999999999999602e+00,2.087079999999999984e+02,2.190000000000000002e-01,2.087079999999999984e+02,8.993999999999999773e+01,4.350999999999999979e+00,9.519999999999999574e-01,nan,nan,nan,nan,4.620700000000000074e+01,8.990999999999999659e+01
2.947899999999999920e+01,3.328936000000000149e+03,-2.437199999999999989e+01,-6.078999999999999737e+00,2.473199999999999932e+01,6.152999999999999581e+00,2.093739999999999952e+02,2.200000000000000011e-01,2.093739999999999952e+02,8.993999999999999773e+01,4.203000000000000291e+00,9.479999999999999538e-01,nan,nan,nan,nan,4.620700000000000074e+01,8.990999999999999659e+01
2.964199999999999946e+01,3.324893999999999778e+03,-2.535999999999999943e+01,-5.793000000000000149e+00,2.568100000000000094e+01,5.866999999999999993e+00,2.100440000000000111e+02,2.220000000000000029e-01,2.100449999999999875e+02,8.993899999999999295e+01,4.049000000000000377e+00,9.260000000000000453e-01,nan,nan,nan,nan,4.620700000000000074e+01,8.990999999999999659e+01
2.981200000000000117e+01,3.320487000000000080e+03,-2.634799999999999898e+01,-5.483999999999999986e+00,2.663299999999999912e+01,5.565999999999999837e+00,2.107210000000000036e+02,2.240000000000000047e-01,2.107210000000000036e+02,8.993899999999999295e+01,3.891000000000000014e+00,9.549999999999999600e-01,nan,nan,nan,nan,4.620700000000000074e+01,8.990999999999999659e+01
2.999200000000000088e+01,3.315664999999999964e+03,-2.733299999999999841e+01,-5.166000000000000369e+00,2.758500000000000085e+01,5.256000000000000227e+00,2.114050000000000011e+02,2.250000000000000056e-01,2.114050000000000011e+02,8.993899999999999295e+01,3.720000000000000195e+00,9.649999999999999689e-01,nan,nan,nan,nan,4.620700000000000074e+01,8.990999999999999659e+01
3.018199999999999861e+01,3.310371000000000095e+03,-2.831599999999999895e+01,-4.838000000000000078e+00,2.853600000000000136e+01,4.934000000000000163e+00,2.120949999999999989e+02,2.270000000000000073e-01,2.120949999999999989e+02,8.993899999999999295e+01,3.536000000000000032e+00,9.709999999999999742e-01,nan,nan,nan,nan,4.620700000000000074e+01,8.990999999999999659e+01
3.038500000000000156e+01,3.304534000000000106e+03,-2.929599999999999937e+01,-4.500000000000000000e+00,2.948600000000000065e+01,4.602000000000000313e+00,2.127920000000000016e+02,2.290000000000000091e-01,2.127920000000000016e+02,8.993800000000000239e+01,3.338999999999999968e+00,9.639999999999999680e-01,nan,nan,nan,nan,4.620700000000000074e+01,8.990999999999999659e+01
3.060200000000000031e+01,3.298061999999999898e+03,-3.027400000000000091e+01,-4.153999999999999915e+00,3.043499999999999872e+01,4.256999999999999673e+00,2.134950000000000045e+02,2.310000000000000109e-01,2.134950000000000045e+02,8.993800000000000239e+01,3.129999999999999893e+00,9.330000000000000515e-01,nan,nan,nan,nan,4.620700000000000074e+01,8.990999999999999659e+01
3.083699999999999974e+01,3.290835000000000036e+03,-3.125000000000000000e+01,-3.787999999999999812e+00,3.138500000000000156e+01,3.903999999999999915e+00,2.142040000000000077e+02,2.330000000000000127e-01,2.142040000000000077e+02,8.993800000000000239e+01,2.911000000000000032e+00,9.469999999999999529e-01,nan,nan,nan,nan,4.620700000000000074e+01,8.990999999999999659e+01
3.109299999999999997e+01,3.282706999999999880e+03,-3.221999999999999886e+01,-3.412999999999999812e+00,3.232999999999999829e+01,3.541999999999999815e+00,2.149180000000000064e+02,2.349999999999999867e-01,2.149190000000000111e+02,8.993699999999999761e+01,2.668000000000000149e+00,9.469999999999999529e-01,nan,nan,nan,nan,4.620700000000000074e+01,8.990999999999999659e+01
3.137500000000000000e+01,3.273476000000000113e+03,-3.318299999999999983e+01,-3.035000000000000142e+00,3.327000000000000313e+01,3.165000000000000036e+00,2.156339999999999861e+02,2.369999999999999885e-01,2.156339999999999861e+02,8.993699999999999761e+01,2.400999999999999801e+00,8.990000000000000213e-01,nan,nan,nan,nan,4.620700000000000074e+01,8.990999999999999659e+01
3.169099999999999895e+01,3.262840000000000146e+03,-3.414200000000000301e+01,-2.638999999999999790e+00,3.420799999999999841e+01,2.785000000000000142e+00,2.163480000000000132e+02,2.389999999999999902e-01,2.163480000000000132e+02,8.993699999999999761e+01,2.116999999999999993e+00,8.870000000000000107e-01,nan,nan,nan,nan,4.620700000000000074e+01,8.990999999999999659e+01
3.204999999999999716e+01,3.250407999999999902e+03,-3.509000000000000341e+01,-2.240000000000000213e+00,3.513600000000000279e+01,2.388999999999999790e+00,2.170500000000000114e+02,2.419999999999999929e-01,2.170509999999999877e+02,8.993600000000000705e+01,1.798000000000000043e+00,8.309999999999999609e-01,nan,nan,nan,nan,4.620700000000000074e+01,8.990999999999999659e+01
3.246900000000000119e+01,3.235525000000000091e+03,-3.602799999999999869e+01,-1.828999999999999959e+00,3.605700000000000216e+01,1.989999999999999991e+00,2.177299999999999898e+02,2.449999999999999956e-01,2.177299999999999898e+02,8.993600000000000705e+01,1.449999999999999956e+00,7.850000000000000311e-01,nan,nan,nan,nan,4.620700000000000074e+01,8.990999999999999659e+01
3.296900000000000119e+01,3.217282999999999902e+03,-3.694200000000000017e+01,-1.417000000000000037e+00,3.695700000000000074e+01,1.574000000000000066e+00,2.183569999999999993e+02,2.479999999999999982e-01,2.183569999999999993e+02,8.993500000000000227e+01,1.056999999999999940e+00,6.850000000000000533e-01,nan,nan,nan,nan,4.620700000000000074e+01,8.990999999999999659e+01
3.346900000000000119e+01,3.198635000000000218e+03,-3.764999999999999858e+01,-1.080000000000000071e+00,3.765699999999999648e+01,1.270000000000000018e+00,2.188000000000000114e+02,2.500000000000000000e-01,2.188000000000000114e+02,8.993500000000000227e+01,7.149999999999999689e-01,6.690000000000000391e-01,nan,nan,nan,nan,4.620700000000000074e+01,8.990999999999999659e+01
3.396900000000000119e+01,3.179675000000000182e+03,-3.818999999999999773e+01,-8.199999999999999512e-01,3.819200000000000017e+01,9.949999999999999956e-01,2.190740000000000123e+02,2.520000000000000018e-01,2.190740000000000123e+02,8.993399999999999750e+01,3.810000000000000053e-01,5.639999999999999458e-01,nan,nan,nan,nan,4.620700000000000074e+01,8.990999999999999659e+01
3.446900000000000119e+01,3.160476999999999862e+03,-3.860000000000000142e+01,-6.109999999999999876e-01,3.860000000000000142e+01,8.080000000000000515e-01,2.191939999999999884e+02,2.550000000000000044e-01,2.191939999999999884e+02,8.993300000000000693e+01,9.800000000000000377e-02,5.280000000000000249e-01,nan,nan,nan,nan,4.620700000000000074e+01,8.990999999999999659e+01
3.496900000000000119e+01,3.141101000000000113e+03,-3.890599999999999881e+01,-4.510000000000000120e-01,3.890599999999999881e+01,6.530000000000000249e-01,2.191769999999999925e+02,2.560000000000000053e-01,2.191769999999999925e+02,8.993300000000000693e+01,1.660000000000000087e-01,4.719999999999999751e-01,nan,nan,nan,nan,4.620700000000000074e+01,8.990999999999999659e+01
3.546900000000000119e+01,3.121590999999999894e+03,-3.913100000000000023e+01,-3.260000000000000120e-01,3.913300000000000267e+01,5.450000000000000400e-01,2.190349999999999966e+02,2.580000000000000071e-01,2.190349999999999966e+02,8.993300000000000693e+01,4.020000000000000240e-01,4.369999999999999996e-01,nan,nan,nan,nan,4.620700000000000074e+01,8.990999999999999659e+01
3.596900000000000119e+01,3.101985000000000127e+03,-3.929399999999999693e+01,-2.340000000000000135e-01,3.929899999999999949e+01,3.709999999999999964e-01,2.187800000000000011e+02,2.590000000000000080e-01,2.187800000000000011e+02,8.993200000000000216e+01,6.199999999999999956e-01,2.879999999999999782e-01,nan,nan,nan,nan,4.620700000000000074e+01,8.990999999999999659e+01
3.646900000000000119e+01,3.082309000000000196e+03,-3.941100000000000136e+01,-1.580000000000000016e-01,3.941799999999999926e+01,3.160000000000000031e-01,2.184339999999999975e+02,2.610000000000000098e-01,2.184339999999999975e+02,8.993200000000000216e+01,7.640000000000000124e-01,2.730000000000000204e-01,nan,nan,nan,nan,4.620700000000000074e+01,8.990999999999999659e+01
3.696900000000000119e+01,3.062583999999999833e+03,-3.949000000000000199e+01,-9.900000000000000466e-02,3.950000000000000000e+01,3.400000000000000244e-01,2.180180000000000007e+02,2.620000000000000107e-01,2.180180000000000007e+02,8.993099999999999739e+01,9.000000000000000222e-01,3.260000000000000120e-01,nan,nan,nan,nan,4.620700000000000074e+01,8.990999999999999659e+01
3.746900000000000119e+01,3.042827000000000226e+03,-3.953900000000000148e+01,-5.899999999999999689e-02,3.955299999999999727e+01,2.159999999999999976e-01,2.175269999999999868e+02,2.630000000000000115e-01,2.175269999999999868e+02,8.993099999999999739e+01,1.062999999999999945e+00,2.079999999999999905e-01,nan,nan,nan,nan,4.620700000000000074e+01,8.990999999999999659e+01
3.796900000000000119e+01,3.023050000000000182e+03,-3.956799999999999784e+01,-2.599999999999999881e-02,3.958599999999999852e+01,1.779999999999999916e-01,2.169689999999999941e+02,2.630000000000000115e-01,2.169689999999999941e+02,8.993000000000000682e+01,1.167000000000000037e+00,1.759999999999999898e-01,nan,nan,nan,nan,4.620700000000000074e+01,8.990999999999999659e+01
3.846900000000000119e+01,3.003262999999999920e+03,-3.958100000000000307e+01,3.963999999999999761e-07,3.960099999999999909e+01,1.759999999999999898e-01,2.163629999999999995e+02,2.640000000000000124e-01,2.163629999999999995e+02,8.993000000000000682e+01,1.256000000000000005e+00,1.759999999999999898e-01,nan,nan,nan,nan,4.620700000000000074e+01,8.990999999999999659e+01
3.896900000000000119e+01,2.983472000000000207e+03,-3.958100000000000307e+01,1.899999999999999953e-02,3.960399999999999920e+01,1.219999999999999973e-01,2.157139999999999986e+02,2.650000000000000133e-01,2.157139999999999986e+02,8.993000000000000682e+01,1.342999999999999972e+00,1.199999999999999956e-01,nan,nan,nan,nan,4.620700000000000074e+01,8.990999999999999659e+01
3.946900000000000119e+01,2.963684000000000196e+03,-3.957099999999999795e+01,3.500000000000000333e-02,3.959599999999999653e+01,1.310000000000000053e-01,2.150269999999999868e+02,2.650000000000000133e-01,2.150269999999999868e+02,8.992900000000000205e+01,1.403000000000000025e+00,1.270000000000000018e-01,nan,nan,nan,nan,4.620700000000000074e+01,8.990999999999999659e+01
3.996900000000000119e+01,2.943902999999999793e+03,-3.955400000000000205e+01,4.800000000000000100e-02,3.958100000000000307e+01,1.789999999999999925e-01,2.143089999999999975e+02,2.650000000000000133e-01,2.143100000000000023e+02,8.992900000000000205e+01,1.467000000000000082e+00,1.719999999999999862e-01,nan,nan,nan,nan,4.620700000000000074e+01,8.990999999999999659e+01
4.046900000000000119e+01,2.924132000000000062e+03,-3.953000000000000114e+01,5.500000000000000028e-02,3.956000000000000227e+01,9.800000000000000377e-02,2.135550000000000068e+02,2.660000000000000142e-01,2.135550000000000068e+02,8.992900000000000205e+01,1.552999999999999936e+00,8.100000000000000255e-02,nan,nan,nan,nan,4.620700000000000074e+01,8.990999999999999659e+01
4.096900000000000119e+01,2.904373999999999796e+03,-3.950300000000000011e+01,6.199999999999999956e-02,3.953499999999999659e+01,1.469999999999999918e-01,2.127680000000000007e+02,2.660000000000000142e-01,2.127680000000000007e+02,8.992799999999999727e+01,1.592999999999999972e+00,1.330000000000000071e-01,nan,nan,nan,nan,4.620700000000000074e+01,8.990999999999999659e+01
4.146900000000000119e+01,2.884630000000000109e+03,-3.947099999999999653e+01,6.700000000000000400e-02,3.950600000000000023e+01,1.350000000000000089e-01,2.119550000000000125e+02,2.660000000000000142e-01,2.119550000000000125e+02,8.992799999999999727e+01,1.659999999999999920e+00,1.179999999999999938e-01,nan,nan,nan,nan,4.620700000000000074e+01,8.990999999999999659e+01
4.196900000000000119e+01,2.864902999999999793e+03,-3.943800000000000239e+01,7.000000000000000666e-02,3.947500000000000142e+01,1.270000000000000018e-01,2.111100000000000136e+02,2.660000000000000142e-01,2.111100000000000136e+02,8.992799999999999727e+01,1.719000000000000083e+00,1.059999999999999970e-01,nan,nan,nan,nan,4.620700000000000074e+01,8.990999999999999659e+01
4.246900000000000119e+01,2.845192000000000007e+03,-3.940299999999999869e+01,7.199999999999999456e-02,3.944299999999999784e+01,9.800000000000000377e-02,2.102369999999999948e+02,2.660000000000000142e-01,2.102369999999999948e+02,8.992700000000000671e+01,1.772000000000000020e+00,6.600000000000000311e-02,nan,nan,nan,nan,4.620700000000000074e+01,8.990999999999999659e+01
4.296900000000000119e+01,2.825500000000000000e+03,-3.936699999999999733e+01,7.399999999999999634e-02,3.940800000000000125e+01,1.100000000000000006e-01,2.093429999999999893e+02,2.670000000000000151e-01,2.093429999999999893e+02,8.992700000000000671e+01,1.804999999999999938e+00,8.100000000000000255e-02,nan,nan,nan,nan,4.620700000000000074e+01,8.990999999999999659e+01
4.346900000000000119e+01,2.805826000000000022e+03,-3.932999999999999829e+01,7.599999999999999811e-02,3.937299999999999756e+01,8.400000000000000522e-02,2.084300000000000068e+02,2.670000000000000151e-01,2.084300000000000068e+02,8.992700000000000671e+01,1.846000000000000085e+00,3.599999999999999728e-02,nan,nan,nan,nan,4.620700000000000074e+01,8.990999999999999659e+01
4.396900000000000119e+01,2.786170999999999822e+03,-3.929200000000000159e+01,7.699999999999999900e-02,3.933599999999999852e+01,1.300000000000000044e-01,2.075029999999999859e+02,2.670000000000000151e-01,2.075029999999999859e+02,8.992600000000000193e+01,1.864000000000000101e+00,1.049999999999999961e-01,nan,nan,nan,nan,4.620700000000000074e+01,8.990999999999999659e+01
4.446900000000000119e+01,2.766534000000000106e+03,-3.925300000000000011e+01,7.699999999999999900e-02,3.929999999999999716e+01,7.699999999999999900e-02,2.065579999999999927e+02,2.660000000000000142e-01,2.065579999999999927e+02,8.992600000000000193e+01,1.915999999999999925e+00,6.641000000000000418e-04,nan,nan,nan,nan,4.620700000000000074e+01,8.990999999999999659e+01
4.496900000000000119e+01,2.746916999999999916e+03,-3.921500000000000341e+01,7.699999999999999900e-02,3.926200000000000045e+01,8.400000000000000522e-02,2.055999999999999943e+02,2.660000000000000142e-01,2.055999999999999943e+02,8.992600000000000193e+01,1.917000000000000037e+00,3.300000000000000155e-02,nan,nan,nan,nan,4.620700000000000074e+01,8.990999999999999659e+01
4.546900000000000119e+01,2.727320000000000164e+03,-3.917600000000000193e+01,7.799999999999999989e-02,3.922399999999999665e+01,1.079999999999999988e-01,2.046370000000000005e+02,2.660000000000000142e-01,2.046380000000000052e+02,8.992499999999999716e+01,1.933000000000000052e+00,7.399999999999999634e-02,nan,nan,nan,nan,4.620700000000000074e+01,8.990999999999999659e+01
4.596900000000000119e+01,2.707740999999999985e+03,-3.913700000000000045e+01,7.799999999999999989e-02,3.918699999999999761e+01,8.400000000000000522e-02,2.036610000000000014e+02,2.660000000000000142e-01,2.036620000000000061e+02,8.992499999999999716e+01,1.969999999999999973e+00,3.300000000000000155e-02,nan,nan,nan,nan,4.620700000000000074e+01,8.990999999999999659e+01
4.646900000000000119e+01,2.688181999999999789e+03,-3.909799999999999898e+01,7.699999999999999900e-02,3.914900000000000091e+01,7.900000000000000078e-02,2.026719999999999970e+02,2.660000000000000142e-01,2.026719999999999970e+02,8.992499999999999716e+01,1.987000000000000099e+00,1.400000000000000029e-02,nan,nan,nan,nan,4.620700000000000074e+01,8.990999999999999659e+01
4.696900000000000119e+01,2.668643000000000029e+03,-3.906000000000000227e+01,7.699999999999999900e-02,3.910999999999999943e+01,8.599999999999999312e-02,2.016800000000000068e+02,2.660000000000000142e-01,2.016810000000000116e+02,8.992400000000000659e+01,1.979999999999999982e+00,3.799999999999999906e-02,nan,nan,nan,nan,4.620700000000000074e+01,8.990999999999999659e+01
4.746900000000000119e+01,2.649123000000000047e+03,-3.902100000000000080e+01,7.699999999999999900e-02,3.907000000000000028e+01,8.799999999999999489e-02,2.006949999999999932e+02,2.660000000000000142e-01,2.006949999999999932e+02,8.992400000000000659e+01,1.961000000000000076e+00,4.299999999999999656e-02,nan,nan,nan,nan,4.620700000000000074e+01,8.990999999999999659e+01
4.796900000000000119e+01,2.629621999999999844e+03,-3.898199999999999932e+01,7.699999999999999900e-02,3.903099999999999881e+01,9.800000000000000377e-02,1.997199999999999989e+02,2.660000000000000142e-01,1.997199999999999989e+02,8.992400000000000659e+01,1.939999999999999947e+00,6.099999999999999867e-02,nan,nan,nan,nan,4.620700000000000074e+01,8.990999999999999659e+01
4.846900000000000119e+01,2.610139999999999873e+03,-3.894400000000000261e+01,7.699999999999999900e-02,3.899099999999999966e+01,7.699999999999999900e-02,1.987580000000000098e+02,2.650000000000000133e-01,1.987580000000000098e+02,8.992400000000000659e+01,1.909000000000000030e+00,8.000000000000000167e-03,nan,nan,nan,nan,4.620700000000000074e+01,8.990999999999999659e+01
4.896900000000000119e+01,2.590677999999999884e+03,-3.890500000000000114e+01,7.599999999999999811e-02,3.895199999999999818e+01,7.699999999999999900e-02,1.978040000000000020e+02,2.650000000000000133e-01,1.978050000000000068e+02,8.992300000000000182e+01,1.905000000000000027e+00,8.000000000000000167e-03,nan,nan,nan,nan,4.620700000000000074e+01,8.990999999999999659e+01
4.946900000000000119e+01,2.571235000000000127e+03,-3.886699999999999733e+01,7.599999999999999811e-02,3.891400000000000148e+01,1.010000000000000064e-01,1.968509999999999991e+02,2.650000000000000133e-01,1.968509999999999991e+02,8.992300000000000182e+01,1.909000000000000030e+00,6.700000000000000400e-02,nan,nan,nan,nan,4.620700000000000074e+01,8.990999999999999659e+01
4.996900000000000119e+01,2.551811000000000149e+03,-3.882900000000000063e+01,7.599999999999999811e-02,3.887800000000000011e+01,7.599999999999999811e-02,1.958880000000000052e+02,2.650000000000000133e-01,1.958880000000000052e+02,8.992300000000000182e+01,1.943000000000000060e+00,8.000000000000000167e-03,nan,nan,nan,nan,4.620700000000000074e+01,8.990999999999999659e+01
5.046900000000000119e+01,2.532405999999999949e+03,-3.879099999999999682e+01,7.499999999999999722e-02,3.884000000000000341e+01,7.499999999999999722e-02,1.949149999999999920e+02,2.640000000000000124e-01,1.949159999999999968e+02,8.992199999999999704e+01,1.947000000000000064e+00,2.000000000000000042e-03,nan,nan,nan,nan,4.620700000000000074e+01,8.990999999999999659e+01
5.096900000000000119e+01,2.513019999999999982e+03,-3.875399999999999778e+01,7.499999999999999722e-02,3.880199999999999960e+01,9.199999999999999845e-02,1.939420000000000073e+02,2.640000000000000124e-01,1.939420000000000073e+02,8.992199999999999704e+01,1.947999999999999954e+00,5.199999999999999761e-02,nan,nan,nan,nan,4.620700000000000074e+01,8.990999999999999659e+01
5.146900000000000119e+01,2.493652000000000044e+03,-3.871600000000000108e+01,7.499999999999999722e-02,3.876599999999999824e+01,7.599999999999999811e-02,1.929610000000000127e+02,2.640000000000000124e-01,1.929619999999999891e+02,8.992199999999999704e+01,1.973999999999999977e+00,1.299999999999999940e-02,nan,nan,nan,nan,4.620700000000000074e+01,8.990999999999999659e+01
5.196900000000000119e+01,2.474304000000000087e+03,-3.867799999999999727e+01,7.599999999999999811e-02,3.872899999999999920e+01,9.299999999999999933e-02,1.919730000000000132e+02,2.640000000000000124e-01,1.919730000000000132e+02,8.992100000000000648e+01,1.981000000000000094e+00,5.299999999999999850e-02,nan,nan,nan,nan,4.620700000000000074e+01,8.990999999999999659e+01
5.246900000000000119e+01,2.454974000000000160e+03,-3.864000000000000057e+01,7.599999999999999811e-02,3.868999999999999773e+01,7.699999999999999900e-02,1.909890000000000043e+02,2.640000000000000124e-01,1.909890000000000043e+02,8.992100000000000648e+01,1.953999999999999959e+00,6.000000000000000125e-03,nan,nan,nan,nan,4.620700000000000074e+01,8.990999999999999659e+01
5.296900000000000119e+01,2.435663000000000011e+03,-3.860199999999999676e+01,7.699999999999999900e-02,3.865200000000000102e+01,7.699999999999999900e-02,1.900109999999999957e+02,2.630000000000000115e-01,1.900120000000000005e+02,8.992100000000000648e+01,1.957000000000000073e+00,8.999999999999999320e-03,nan,nan,nan,nan,4.620700000000000074e+01,8.990999999999999659e+01
5.346900000000000119e+01,2.416371999999999844e+03,-3.856400000000000006e+01,7.699999999999999900e-02,3.861399999999999721e+01,8.899999999999999578e-02,1.890320000000000107e+02,2.630000000000000115e-01,1.890320000000000107e+02,8.992000000000000171e+01,1.961000000000000076e+00,4.399999999999999745e-02,nan,nan,nan,nan,4.620700000000000074e+01,8.990999999999999659e+01
5.396900000000000119e+01,2.397099000000000160e+03,-3.852600000000000335e+01,7.699999999999999900e-02,3.857399999999999807e+01,9.199999999999999845e-02,1.880569999999999879e+02,2.630000000000000115e-01,1.880569999999999879e+02,8.992000000000000171e+01,1.939000000000000057e+00,5.099999999999999672e-02,nan,nan,nan,nan,4.620700000000000074e+01,8.990999999999999659e+01
5.446900000000000119e+01,2.377846000000000004e+03,-3.848700000000000188e+01,7.699999999999999900e-02,3.853499999999999659e+01,8.300000000000000433e-02,1.870929999999999893e+02,2.630000000000000115e-01,1.870929999999999893e+02,8.992000000000000171e+01,1.913999999999999924e+00,3.300000000000000155e-02,nan,nan,nan,nan,4.620700000000000074e+01,8.990999999999999659e+01
5.496900000000000119e+01,2.358612000000000080e+03,-3.844899999999999807e+01,7.599999999999999811e-02,3.849699999999999989e+01,7.799999999999999989e-02,1.861320000000000050e+02,2.620000000000000107e-01,1.861320000000000050e+02,8.991899999999999693e+01,1.929999999999999938e+00,1.400000000000000029e-02,nan,nan,nan,nan,4.620700000000000074e+01,8.990999999999999659e+01
5.546900000000000119e+01,2.339396999999999935e+03,-3.841100000000000136e+01,7.599999999999999811e-02,3.845900000000000318e+01,1.140000000000000041e-01,1.851649999999999920e+02,2.620000000000000107e-01,1.851649999999999920e+02,8.991899999999999693e+01,1.937999999999999945e+00,8.500000000000000611e-02,nan,nan,nan,nan,4.620700000000000074e+01,8.990999999999999659e+01
5.596900000000000119e+01,2.320202000000000226e+03,-3.837199999999999989e+01,7.599999999999999811e-02,3.841899999999999693e+01,7.699999999999999900e-02,1.842069999999999936e+02,2.620000000000000107e-01,1.842069999999999936e+02,8.991899999999999693e+01,1.895000000000000018e+00,1.400000000000000029e-02,nan,nan,nan,nan,4.620700000000000074e+01,8.990999999999999659e+01
5.646900000000000119e+01,2.301025000000000091e+03,-3.833500000000000085e+01,7.599999999999999811e-02,3.838199999999999790e+01,1.250000000000000000e-01,1.832580000000000098e+02,2.620000000000000107e-01,1.832580000000000098e+02,8.991800000000000637e+01,1.901999999999999913e+00,9.900000000000000466e-02,nan,nan,nan,nan,4.620700000000000074e+01,8.990999999999999659e+01
5.696900000000000119e+01,2.281867000000000189e+03,-3.829599999999999937e+01,7.499999999999999722e-02,3.834599999999999653e+01,1.069999999999999979e-01,1.822949999999999875e+02,2.610000000000000098e-01,1.822949999999999875e+02,8.991800000000000637e+01,1.951000000000000068e+00,7.599999999999999811e-02,nan,nan,nan,nan,4.620700000000000074e+01,8.990999999999999659e+01
5.746900000000000119e+01,2.262728000000000065e+03,-3.825900000000000034e+01,7.499999999999999722e-02,3.830700000000000216e+01,8.000000000000000167e-02,1.813290000000000077e+02,2.610000000000000098e-01,1.813290000000000077e+02,8.991800000000000637e+01,1.913000000000000034e+00,2.900000000000000147e-02,nan,nan,nan,nan,4.620700000000000074e+01,8.990999999999999659e+01
5.796900000000000119e+01,2.243608000000000175e+03,-3.822099999999999653e+01,7.499999999999999722e-02,3.826800000000000068e+01,7.900000000000000078e-02,1.803760000000000048e+02,2.610000000000000098e-01,1.803760000000000048e+02,8.991700000000000159e+01,1.899000000000000021e+00,2.800000000000000058e-02,nan,nan,nan,nan,4.620700000000000074e+01,8.990999999999999659e+01
5.846900000000000119e+01,2.224507000000000062e+03,-3.818399999999999750e+01,7.399999999999999634e-02,3.823100000000000165e+01,9.400000000000000022e-02,1.794300000000000068e+02,2.600000000000000089e-01,1.794300000000000068e+02,8.991700000000000159e+01,1.885000000000000009e+00,5.800000000000000294e-02,nan,nan,nan,nan,4.620700000000000074e+01,8.990999999999999659e+01
5.896900000000000119e+01,2.205423999999999978e+03,-3.814699999999999847e+01,7.399999999999999634e-02,3.819500000000000028e+01,7.900000000000000078e-02,1.784799999999999898e+02,2.600000000000000089e-01,1.784799999999999898e+02,8.991599999999999682e+01,1.913999999999999924e+00,2.900000000000000147e-02,nan,nan,nan,nan,4.620700000000000074e+01,8.990999999999999659e+01
5.946900000000000119e+01,2.186360000000000127e+03,-3.810999999999999943e+01,7.399999999999999634e-02,3.815899999999999892e+01,7.900000000000000078e-02,1.775190000000000055e+02,2.600000000000000089e-01,1.775200000000000102e+02,8.991599999999999682e+01,1.927999999999999936e+00,2.800000000000000058e-02,nan,nan,nan,nan,4.620700000000000074e+01,8.990999999999999659e+01
5.996900000000000119e+01,2.167313999999999851e+03,-3.807300000000000040e+01,7.299999999999999545e-02,3.812299999999999756e+01,7.299999999999999545e-02,1.765519999999999925e+02,2.600000000000000089e-01,1.765519999999999925e+02,8.991599999999999682e+01,1.941999999999999948e+00,5.000000000000000104e-03,nan,nan,nan,nan,4.620700000000000074e+01,8.990999999999999659e+01
6.046900000000000119e+01,2.148286999999999807e+03,-3.803699999999999903e+01,7.299999999999999545e-02,3.808599999999999852e+01,8.799999999999999489e-02,1.755809999999999889e+02,2.590000000000000080e-01,1.755809999999999889e+02,8.991500000000000625e+01,1.939999999999999947e+00,4.800000000000000100e-02,nan,nan,nan,nan,4.620700000000000074e+01,8.990999999999999659e+01
6.096900000000000119e+01,2.129277999999999793e+03,-3.800000000000000000e+01,7.299999999999999545e-02,3.804800000000000182e+01,8.200000000000000344e-02,1.746169999999999902e+02,2.590000000000000080e-01,1.746179999999999950e+02,8.991500000000000625e+01,1.915999999999999925e+00,3.799999999999999906e-02,nan,nan,nan,nan,4.620700000000000074e+01,8.990999999999999659e+01
6.146900000000000119e+01,2.110286999999999807e+03,-3.796399999999999864e+01,7.199999999999999456e-02,3.801100000000000279e+01,7.299999999999999545e-02,1.736639999999999873e+02,2.590000000000000080e-01,1.736649999999999920e+02,8.991500000000000625e+01,1.895999999999999908e+00,8.999999999999999320e-03,nan,nan,nan,nan,4.620700000000000074e+01,8.990999999999999659e+01
6.196900000000000119e+01,2.091313999999999851e+03,-3.792799999999999727e+01,7.199999999999999456e-02,3.797500000000000142e+01,7.499999999999999722e-02,1.727170000000000130e+02,2.590000000000000080e-01,1.727179999999999893e+02,8.991400000000000148e+01,1.891999999999999904e+00,2.000000000000000042e-02,nan,nan,nan,nan,4.620700000000000074e+01,8.990999999999999659e+01
6.246900000000000119e+01,2.072358999999999924e+03,-3.789200000000000301e+01,7.199999999999999456e-02,3.793900000000000006e+01,7.799999999999999989e-02,1.717690000000000055e+02,2.580000000000000071e-01,1.717690000000000055e+02,8.991400000000000148e+01,1.901999999999999913e+00,3.099999999999999978e-02,nan,nan,nan,nan,4.620700000000000074e+01,8.990999999999999659e+01
6.296900000000000119e+01,2.053422000000000025e+03,-3.785600000000000165e+01,7.099999999999999367e-02,3.790299999999999869e+01,7.199999999999999456e-02,1.708220000000000027e+02,2.580000000000000071e-01,1.708220000000000027e+02,8.991299999999999670e+01,1.885999999999999899e+00,8.999999999999999320e-03,nan,nan,nan,nan,4.620700000000000074e+01,8.990999999999999659e+01
6.346900000000000119e+01,2.034502999999999929e+03,-3.782000000000000028e+01,7.099999999999999367e-02,3.786800000000000210e+01,7.499999999999999722e-02,1.698779999999999859e+02,2.580000000000000071e-01,1.698779999999999859e+02,8.991299999999999670e+01,1.891000000000000014e+00,2.400000000000000050e-02,nan,nan,nan,nan,4.620700000000000074e+01,8.990999999999999659e+01
6.396900000000000119e+01,2.015602000000000089e+03,-3.778499999999999659e+01,7.099999999999999367e-02,3.783100000000000307e+01,7.099999999999999367e-02,1.689350000000000023e+02,2.580000000000000071e-01,1.689360000000000070e+02,8.991299999999999670e+01,1.879000000000000004e+00,1.099999999999999936e-02,nan,nan,nan,nan,4.620700000000000074e+01,8.990999999999999659e+01
6.446899999999999409e+01,1.996718000000000075e+03,-3.775000000000000000e+01,7.000000000000000666e-02,3.779699999999999704e+01,7.599999999999999811e-02,1.679950000000000045e+02,2.570000000000000062e-01,1.679950000000000045e+02,8.991200000000000614e+01,1.883999999999999897e+00,2.699999999999999969e-02,nan,nan,nan,nan,4.620700000000000074e+01,8.990999999999999659e+01
6.496899999999999409e+01,1.977852000000000089e+03,-3.771399999999999864e+01,7.199999999999999456e-02,3.776100000000000279e+01,1.380000000000000115e-01,1.670560000000000116e+02,2.570000000000000062e-01,1.670560000000000116e+02,8.991200000000000614e+01,1.870000000000000107e+00,1.170000000000000068e-01,nan,nan,nan,nan,4.620700000000000074e+01,8.990999999999999659e+01
6.546899999999999409e+01,1.959003999999999905e+03,-3.767799999999999727e+01,7.199999999999999456e-02,3.772800000000000153e+01,9.299999999999999933e-02,1.661059999999999945e+02,2.570000000000000062e-01,1.661059999999999945e+02,8.991100000000000136e+01,1.929000000000000048e+00,5.999999999999999778e-02,nan,nan,nan,nan,4.620700000000000074e+01,8.990999999999999659e+01
6.596899999999999409e+01,1.940173999999999978e+03,-3.764200000000000301e+01,7.199999999999999456e-02,3.769299999999999784e+01,7.399999999999999634e-02,1.651339999999999861e+02,2.570000000000000062e-01,1.651339999999999861e+02,8.991100000000000136e+01,1.959000000000000075e+00,1.700000000000000122e-02,nan,nan,nan,nan,4.620700000000000074e+01,8.990999999999999659e+01
6.646899999999999409e+01,1.921362000000000080e+03,-3.760699999999999932e+01,7.199999999999999456e-02,3.765800000000000125e+01,7.199999999999999456e-02,1.641529999999999916e+02,2.560000000000000053e-01,1.641529999999999916e+02,8.991100000000000136e+01,1.967000000000000082e+00,5.196000000000000531e-04,nan,nan,nan,nan,4.620700000000000074e+01,8.990999999999999659e+01
6.696899999999999409e+01,1.902567000000000007e+03,-3.757099999999999795e+01,7.199999999999999456e-02,3.762199999999999989e+01,7.299999999999999545e-02,1.631690000000000111e+02,2.560000000000000053e-01,1.631690000000000111e+02,8.990999999999999659e+01,1.967999999999999972e+00,1.000000000000000021e-02,nan,nan,nan,nan,4.620700000000000074e+01,8.990999999999999659e+01
6.746899999999999409e+01,1.883790999999999940e+03,-3.753499999999999659e+01,7.199999999999999456e-02,3.758599999999999852e+01,7.199999999999999456e-02,1.621839999999999975e+02,2.560000000000000053e-01,1.621839999999999975e+02,8.990999999999999659e+01,1.973000000000000087e+00,2.000000000000000042e-03,nan,nan,nan,nan,4.620700000000000074e+01,8.990999999999999659e+01
6.796899999999999409e+01,1.865032999999999902e+03,-3.749900000000000233e+01,7.199999999999999456e-02,3.754999999999999716e+01,7.299999999999999545e-02,1.611980000000000075e+02,2.560000000000000053e-01,1.611980000000000075e+02,8.990900000000000603e+01,1.971000000000000085e+00,1.299999999999999940e-02,nan,nan,nan,nan,4.620700000000000074e+01,8.990999999999999659e+01
6.846899999999999409e+01,1.846291999999999916e+03,-3.746300000000000097e+01,7.199999999999999456e-02,3.751500000000000057e+01,7.299999999999999545e-02,1.602110000000000127e+02,2.550000000000000044e-01,1.602110000000000127e+02,8.990900000000000603e+01,1.977999999999999980e+00,1.200000000000000025e-02,nan,nan,nan,nan,4.620700000000000074e+01,8.990999999999999659e+01
6.896899999999999409e+01,1.827569999999999936e+03,-3.742699999999999960e+01,7.099999999999999367e-02,3.747899999999999920e+01,7.399999999999999634e-02,1.592199999999999989e+02,2.550000000000000044e-01,1.592199999999999989e+02,8.990800000000000125e+01,1.983999999999999986e+00,1.899999999999999953e-02,nan,nan,nan,nan,4.620700000000000074e+01,8.990999999999999659e+01
6.946899999999999409e+01,1.808865999999999985e+03,-3.739099999999999824e+01,7.099999999999999367e-02,3.744299999999999784e+01,1.059999999999999970e-01,1.582309999999999945e+02,2.550000000000000044e-01,1.582309999999999945e+02,8.990800000000000125e+01,1.973999999999999977e+00,7.900000000000000078e-02,nan,nan,nan,nan,4.620700000000000074e+01,8.990999999999999659e+01
6.996899999999999409e+01,1.790179000000000087e+03,-3.735499999999999687e+01,7.099999999999999367e-02,3.740999999999999659e+01,7.399999999999999634e-02,1.572340000000000089e+02,2.550000000000000044e-01,1.572340000000000089e+02,8.990699999999999648e+01,2.012999999999999901e+00,2.299999999999999961e-02,nan,nan,nan,nan,4.620700000000000074e+01,8.990999999999999659e+01
7.046899999999999409e+01,1.771509999999999991e+03,-3.732000000000000028e+01,7.000000000000000666e-02,3.737400000000000233e+01,7.299999999999999545e-02,1.562299999999999898e+02,2.540000000000000036e-01,1.562299999999999898e+02,8.990699999999999648e+01,2.001999999999999780e+00,2.000000000000000042e-02,nan,nan,nan,nan,4.620700000000000074e+01,8.990999999999999659e+01
7.096899999999999409e+01,1.752858999999999924e+03,-3.728499999999999659e+01,7.000000000000000666e-02,3.733800000000000097e+01,7.099999999999999367e-02,1.552309999999999945e+02,2.540000000000000036e-01,1.552319999999999993e+02,8.990600000000000591e+01,1.991999999999999993e+00,1.099999999999999936e-02,nan,nan,nan,nan,4.620700000000000074e+01,8.990999999999999659e+01
7.146899999999999409e+01,1.734224999999999909e+03,-3.725000000000000000e+01,7.000000000000000666e-02,3.730299999999999727e+01,7.199999999999999456e-02,1.542340000000000089e+02,2.540000000000000036e-01,1.542340000000000089e+02,8.990600000000000591e+01,1.997999999999999998e+00,1.499999999999999944e-02,nan,nan,nan,nan,4.620700000000000074e+01,8.990999999999999659e+01
7.196899999999999409e+01,1.715608999999999924e+03,-3.721500000000000341e+01,7.000000000000000666e-02,3.726899999999999835e+01,7.099999999999999367e-02,1.532330000000000041e+02,2.540000000000000036e-01,1.532330000000000041e+02,8.990500000000000114e+01,2.004999999999999893e+00,1.499999999999999944e-02,nan,nan,nan,nan,4.620700000000000074e+01,8.990999999999999659e+01
7.246899999999999409e+01,1.697009999999999991e+03,-3.717999999999999972e+01,6.900000000000000577e-02,3.723400000000000176e+01,8.100000000000000255e-02,1.522280000000000086e+02,2.530000000000000027e-01,1.522290000000000134e+02,8.990500000000000114e+01,2.012999999999999901e+00,4.100000000000000172e-02,nan,nan,nan,nan,4.620700000000000074e+01,8.990999999999999659e+01
7.296899999999999409e+01,1.678429000000000087e+03,-3.714500000000000313e+01,6.900000000000000577e-02,3.719899999999999807e+01,8.200000000000000344e-02,1.512270000000000039e+02,2.530000000000000027e-01,1.512270000000000039e+02,8.990399999999999636e+01,1.991999999999999993e+00,4.399999999999999745e-02,nan,nan,nan,nan,4.620700000000000074e+01,8.990999999999999659e+01
7.346899999999999409e+01,1.659865000000000009e+03,-3.711099999999999710e+01,6.900000000000000577e-02,3.716299999999999670e+01,8.300000000000000433e-02,1.502359999999999900e+02,2.530000000000000027e-01,1.502359999999999900e+02,8.990399999999999636e+01,1.969999999999999973e+00,4.599999999999999922e-02,nan,nan,nan,nan,4.620700000000000074e+01,8.990999999999999659e+01
7.396899999999999409e+01,1.641317999999999984e+03,-3.707600000000000051e+01,6.800000000000000488e-02,3.713000000000000256e+01,7.599999999999999811e-02,1.492450000000000045e+02,2.520000000000000018e-01,1.492460000000000093e+02,8.990300000000000580e+01,1.993000000000000105e+00,3.400000000000000244e-02,nan,nan,nan,nan,4.620700000000000074e+01,8.990999999999999659e+01
7.446899999999999409e+01,1.622788000000000011e+03,-3.704200000000000159e+01,6.800000000000000488e-02,3.709499999999999886e+01,6.800000000000000488e-02,1.482529999999999859e+02,2.520000000000000018e-01,1.482529999999999859e+02,8.990300000000000580e+01,1.975999999999999979e+00,1.000000000000000021e-03,nan,nan,nan,nan,4.620700000000000074e+01,8.990999999999999659e+01
7.496899999999999409e+01,1.604276000000000067e+03,-3.700800000000000267e+01,6.800000000000000488e-02,3.706099999999999994e+01,7.499999999999999722e-02,1.472649999999999864e+02,2.520000000000000018e-01,1.472649999999999864e+02,8.990200000000000102e+01,1.977000000000000091e+00,3.200000000000000067e-02,nan,nan,nan,nan,4.620700000000000074e+01,8.990999999999999659e+01
7.546899999999999409e+01,1.585779999999999973e+03,-3.697399999999999665e+01,6.700000000000000400e-02,3.702799999999999869e+01,6.700000000000000400e-02,1.462719999999999914e+02,2.520000000000000018e-01,1.462719999999999914e+02,8.990099999999999625e+01,1.993000000000000105e+00,3.000000000000000062e-03,nan,nan,nan,nan,4.620700000000000074e+01,8.990999999999999659e+01
7.596899999999999409e+01,1.567301999999999907e+03,-3.694100000000000250e+01,6.700000000000000400e-02,3.699399999999999977e+01,7.099999999999999367e-02,1.452760000000000105e+02,2.510000000000000009e-01,1.452760000000000105e+02,8.990099999999999625e+01,1.991999999999999993e+00,2.199999999999999872e-02,nan,nan,nan,nan,4.620700000000000074e+01,8.990999999999999659e+01
7.646899999999999409e+01,1.548839999999999918e+03,-3.690699999999999648e+01,6.700000000000000400e-02,3.696099999999999852e+01,6.800000000000000488e-02,1.442769999999999868e+02,2.510000000000000009e-01,1.442779999999999916e+02,8.990000000000000568e+01,2.003000000000000114e+00,1.000000000000000021e-02,nan,nan,nan,nan,4.620700000000000074e+01,8.990999999999999659e+01
7.696899999999999409e+01,1.530394000000000005e+03,-3.687400000000000233e+01,6.700000000000000400e-02,3.692799999999999727e+01,9.199999999999999845e-02,1.432769999999999868e+02,2.510000000000000009e-01,1.432779999999999916e+02,8.990000000000000568e+01,1.997999999999999998e+00,6.400000000000000133e-02,nan,nan,nan,nan,4.620700000000000074e+01,8.990999999999999659e+01
7.746899999999999409e+01,1.511965999999999894e+03,-3.684000000000000341e+01,6.700000000000000400e-02,3.689600000000000080e+01,1.079999999999999988e-01,1.422709999999999866e+02,2.510000000000000009e-01,1.422709999999999866e+02,8.989900000000000091e+01,2.028999999999999915e+00,8.500000000000000611e-02,nan,nan,nan,nan,4.620700000000000074e+01,8.990999999999999659e+01
7.746999999999999886e+01,1.511929000000000087e+03,-3.684000000000000341e+01,1.773890000000000100e+02,3.689600000000000080e+01,1.773969999999999914e+02,1.422690000000000055e+02,2.510000000000000009e-01,1.422690000000000055e+02,8.989900000000000091e+01,2.028999999999999915e+00,1.703999999999999959e+00,nan,nan,nan,nan,4.620700000000000074e+01,8.990999999999999659e+01
7.747599999999999909e+01,1.511723999999999933e+03,-3.584000000000000341e+01,1.673689999999999998e+02,3.589800000000000324e+01,1.673770000000000095e+02,1.422570000000000050e+02,2.510000000000000009e-01,1.422570000000000050e+02,8.989900000000000091e+01,2.039000000000000146e+00,1.582999999999999963e+00,nan,nan,nan,nan,4.620700000000000074e+01,8.990999999999999659e+01
7.748199999999999932e+01,1.511512999999999920e+03,-3.484000000000000341e+01,1.576250000000000000e+02,3.489999999999999858e+01,1.576320000000000050e+02,1.422450000000000045e+02,2.510000000000000009e-01,1.422450000000000045e+02,8.989900000000000091e+01,2.048000000000000043e+00,1.467000000000000082e+00,nan,nan,nan,nan,4.620700000000000074e+01,8.990999999999999659e+01
7.748799999999999955e+01,1.511295000000000073e+03,-3.384000000000000341e+01,1.481560000000000059e+02,3.390299999999999869e+01,1.481620000000000061e+02,1.422319999999999993e+02,2.510000000000000009e-01,1.422319999999999993e+02,8.989900000000000091e+01,2.057999999999999829e+00,1.352999999999999980e+00,nan,nan,nan,nan,4.620700000000000074e+01,8.990999999999999659e+01
7.749500000000000455e+01,1.511069999999999936e+03,-3.284000000000000341e+01,1.389629999999999939e+02,3.290500000000000114e+01,1.389679999999999893e+02,1.422179999999999893e+02,2.510000000000000009e-01,1.422179999999999893e+02,8.989900000000000091e+01,2.067000000000000171e+00,1.243000000000000105e+00,nan,nan,nan,nan,4.620700000000000074e+01,8.990999999999999659e+01
7.750199999999999534e+01,1.510837999999999965e+03,-3.183999999999999986e+01,1.300449999999999875e+02,3.190800000000000125e+01,1.300500000000000114e+02,1.422030000000000030e+02,2.510000000000000009e-01,1.422030000000000030e+02,8.989900000000000091e+01,2.076000000000000068e+00,1.127999999999999892e+00,nan,nan,nan,nan,4.620700000000000074e+01,8.990999999999999659e+01
7.751000000000000512e+01,1.510596999999999980e+03,-3.083999999999999986e+01,1.214020000000000010e+02,3.091100000000000136e+01,1.214060000000000059e+02,1.421870000000000118e+02,2.510000000000000009e-01,1.421870000000000118e+02,8.989900000000000091e+01,2.084999999999999964e+00,9.939999999999999947e-01,nan,nan,nan,nan,4.620700000000000074e+01,8.990999999999999659e+01
7.751800000000000068e+01,1.510346999999999980e+03,-2.983999999999999986e+01,1.130349999999999966e+02,2.991400000000000148e+01,1.130379999999999967e+02,1.421699999999999875e+02,2.510000000000000009e-01,1.421699999999999875e+02,8.989900000000000091e+01,2.092999999999999972e+00,8.649999999999999911e-01,nan,nan,nan,nan,4.620700000000000074e+01,8.990999999999999659e+01
7.752700000000000102e+01,1.510086999999999989e+03,-2.883999999999999986e+01,1.049440000000000026e+02,2.891700000000000159e+01,1.049459999999999980e+02,1.421510000000000105e+02,2.510000000000000009e-01,1.421519999999999868e+02,8.989900000000000091e+01,2.100000000000000089e+00,7.399999999999999911e-01,nan,nan,nan,nan,4.620700000000000074e+01,8.990999999999999659e+01
7.753600000000000136e+01,1.509817000000000007e+03,-2.784100000000000108e+01,9.712800000000000011e+01,2.792000000000000171e+01,9.712999999999999545e+01,1.421310000000000002e+02,2.510000000000000009e-01,1.421320000000000050e+02,8.989900000000000091e+01,2.107000000000000206e+00,6.189999999999999947e-01,nan,nan,nan,nan,4.620700000000000074e+01,8.990999999999999659e+01
7.754699999999999704e+01,1.509536000000000058e+03,-2.684100000000000108e+01,8.958799999999999386e+01,2.692399999999999949e+01,8.958899999999999864e+01,1.421100000000000136e+02,2.510000000000000009e-01,1.421100000000000136e+02,8.989900000000000091e+01,2.113999999999999879e+00,5.010000000000000009e-01,nan,nan,nan,nan,4.620700000000000074e+01,8.990999999999999659e+01
7.755800000000000693e+01,1.509241999999999962e+03,-2.584100000000000108e+01,8.232299999999999329e+01,2.592699999999999960e+01,8.232399999999999807e+01,1.420860000000000127e+02,2.510000000000000009e-01,1.420860000000000127e+02,8.989900000000000091e+01,2.119000000000000217e+00,4.099999999999999756e-01,nan,nan,nan,nan,4.620700000000000074e+01,8.990999999999999659e+01
7.756999999999999318e+01,1.508933999999999969e+03,-2.484100000000000108e+01,7.533499999999999375e+01,2.493100000000000094e+01,7.533499999999999375e+01,1.420600000000000023e+02,2.510000000000000009e-01,1.420600000000000023e+02,8.989900000000000091e+01,2.124000000000000110e+00,3.320000000000000173e-01,nan,nan,nan,nan,4.620700000000000074e+01,8.990999999999999659e+01
7.758299999999999841e+01,1.508611000000000104e+03,-2.384100000000000108e+01,6.862099999999999511e+01,2.393499999999999872e+01,6.862199999999999989e+01,1.420320000000000107e+02,2.510000000000000009e-01,1.420320000000000107e+02,8.989900000000000091e+01,2.129000000000000004e+00,2.570000000000000062e-01,nan,nan,nan,nan,4.620700000000000074e+01,8.990999999999999659e+01
7.759799999999999898e+01,1.508270999999999958e+03,-2.284100000000000108e+01,6.218399999999999750e+01,2.294000000000000128e+01,6.218399999999999750e+01,1.420010000000000048e+02,2.510000000000000009e-01,1.420010000000000048e+02,8.989900000000000091e+01,2.132000000000000117e+00,1.839999999999999969e-01,nan,nan,nan,nan,4.620700000000000074e+01,8.990999999999999659e+01
7.761400000000000432e+01,1.507911000000000058e+03,-2.184100000000000108e+01,5.602199999999999847e+01,2.194500000000000028e+01,5.602199999999999847e+01,1.419670000000000130e+02,2.510000000000000009e-01,1.419670000000000130e+02,8.989900000000000091e+01,2.134999999999999787e+00,1.209999999999999964e-01,nan,nan,nan,nan,4.620700000000000074e+01,8.990999999999999659e+01
7.763200000000000500e+01,1.507529999999999973e+03,-2.084100000000000108e+01,5.013600000000000279e+01,2.094999999999999929e+01,5.013600000000000279e+01,1.419279999999999973e+02,2.510000000000000009e-01,1.419290000000000020e+02,8.989900000000000091e+01,2.137999999999999901e+00,6.099999999999999867e-02,nan,nan,nan,nan,4.620700000000000074e+01,8.990999999999999659e+01
7.765200000000000102e+01,1.507125000000000000e+03,-1.984100000000000108e+01,4.452499999999999858e+01,1.995599999999999952e+01,4.452499999999999858e+01,1.418859999999999957e+02,2.510000000000000009e-01,1.418859999999999957e+02,8.989900000000000091e+01,2.138999999999999790e+00,2.500000000000000139e-02,nan,nan,nan,nan,4.620700000000000074e+01,8.990999999999999659e+01
7.767400000000000659e+01,1.506690000000000055e+03,-1.884100000000000108e+01,3.919100000000000250e+01,1.896199999999999974e+01,3.919200000000000017e+01,1.418379999999999939e+02,2.510000000000000009e-01,1.418379999999999939e+02,8.989900000000000091e+01,2.138999999999999790e+00,2.600000000000000089e-01,nan,nan,nan,nan,4.620700000000000074e+01,8.990999999999999659e+01
7.770000000000000284e+01,1.506221999999999980e+03,-1.784100000000000108e+01,3.413400000000000034e+01,1.796900000000000119e+01,3.413700000000000045e+01,1.417829999999999870e+02,2.510000000000000009e-01,1.417829999999999870e+02,8.989900000000000091e+01,2.145999999999999908e+00,4.859999999999999876e-01,nan,nan,nan,nan,4.620700000000000074e+01,8.990999999999999659e+01
7.772899999999999920e+01,1.505713999999999942e+03,-1.684100000000000108e+01,2.935000000000000142e+01,1.697899999999999920e+01,2.935200000000000031e+01,1.417199999999999989e+02,2.510000000000000009e-01,1.417199999999999989e+02,8.989900000000000091e+01,2.160000000000000142e+00,3.519999999999999796e-01,nan,nan,nan,nan,4.620700000000000074e+01,8.990999999999999659e+01
7.776300000000000523e+01,1.505157999999999902e+03,-1.584099999999999930e+01,2.484199999999999875e+01,1.598900000000000077e+01,2.484299999999999997e+01,1.416459999999999866e+02,2.510000000000000009e-01,1.416459999999999866e+02,8.989900000000000091e+01,2.172000000000000153e+00,2.720000000000000195e-01,nan,nan,nan,nan,4.620700000000000074e+01,8.990999999999999659e+01
7.780299999999999727e+01,1.504539999999999964e+03,-1.484099999999999930e+01,2.060999999999999943e+01,1.500099999999999945e+01,2.061199999999999832e+01,1.415589999999999975e+02,2.510000000000000009e-01,1.415589999999999975e+02,8.989900000000000091e+01,2.182999999999999829e+00,2.939999999999999836e-01,nan,nan,nan,nan,4.620700000000000074e+01,8.990999999999999659e+01
7.785200000000000387e+01,1.503844000000000051e+03,-1.384099999999999930e+01,1.665399999999999991e+01,1.401399999999999935e+01,1.665700000000000003e+01,1.414519999999999982e+02,2.510000000000000009e-01,1.414530000000000030e+02,8.989900000000000091e+01,2.197000000000000064e+00,2.989999999999999880e-01,nan,nan,nan,nan,4.620700000000000074e+01,8.990999999999999659e+01
7.791200000000000614e+01,1.503042999999999893e+03,-1.284099999999999930e+01,1.297899999999999920e+01,1.303100000000000058e+01,1.299000000000000021e+01,1.413199999999999932e+02,2.510000000000000009e-01,1.413199999999999932e+02,8.989799999999999613e+01,2.214999999999999858e+00,5.440000000000000391e-01,nan,nan,nan,nan,4.620700000000000074e+01,8.990999999999999659e+01
7.798900000000000432e+01,1.502093000000000075e+03,-1.184200000000000053e+01,9.574999999999999289e+00,1.205499999999999972e+01,9.586000000000000298e+00,1.411479999999999961e+02,2.500000000000000000e-01,1.411479999999999961e+02,8.989799999999999613e+01,2.257000000000000117e+00,4.490000000000000102e-01,nan,nan,nan,nan,4.620700000000000074e+01,8.990999999999999659e+01
7.809300000000000352e+01,1.500910000000000082e+03,-1.084299999999999997e+01,6.445999999999999730e+00,1.108500000000000085e+01,6.450999999999999623e+00,1.409099999999999966e+02,2.500000000000000000e-01,1.409099999999999966e+02,8.989799999999999613e+01,2.303999999999999826e+00,2.479999999999999982e-01,nan,nan,nan,nan,4.620700000000000074e+01,8.990999999999999659e+01
7.824800000000000466e+01,1.499307000000000016e+03,-9.843999999999999417e+00,3.593999999999999861e+00,1.011899999999999977e+01,3.600999999999999979e+00,1.405500000000000114e+02,2.500000000000000000e-01,1.405500000000000114e+02,8.989799999999999613e+01,2.342000000000000082e+00,2.260000000000000064e-01,nan,nan,nan,nan,4.620700000000000074e+01,8.990999999999999659e+01
7.852599999999999625e+01,1.496711999999999989e+03,-8.846000000000000085e+00,1.020999999999999908e+00,9.134999999999999787e+00,1.032000000000000028e+00,1.399079999999999870e+02,2.500000000000000000e-01,1.399079999999999870e+02,8.989700000000000557e+01,2.279999999999999805e+00,1.509999999999999953e-01,nan,nan,nan,nan,4.620700000000000074e+01,8.990999999999999659e+01
7.893500000000000227e+01,1.493176999999999907e+03,-8.428000000000000824e+00,2.699999999999999969e-02,8.714999999999999858e+00,7.299999999999999545e-02,1.389879999999999995e+02,2.500000000000000000e-01,1.389879999999999995e+02,8.989700000000000557e+01,2.217999999999999972e+00,6.800000000000000488e-02,nan,nan,nan,nan,4.620700000000000074e+01,8.990999999999999659e+01
7.936400000000000432e+01,1.489560999999999922e+03,-8.416000000000000369e+00,4.000000000000000083e-03,8.711000000000000298e+00,9.199999999999999845e-02,1.380289999999999964e+02,2.500000000000000000e-01,1.380289999999999964e+02,8.989600000000000080e+01,2.246999999999999886e+00,9.199999999999999845e-02,nan,nan,nan,nan,4.620700000000000074e+01,8.990999999999999659e+01
7.979399999999999693e+01,1.485943999999999960e+03,-8.414999999999999147e+00,8.000000000000000167e-03,8.699999999999999289e+00,3.190000000000000058e-01,1.370720000000000027e+02,2.500000000000000000e-01,1.370720000000000027e+02,8.989499999999999602e+01,2.206999999999999851e+00,3.190000000000000058e-01,nan,nan,nan,nan,4.620700000000000074e+01,8.990999999999999659e+01
8.022400000000000375e+01,1.482327999999999975e+03,-8.410999999999999588e+00,-1.000000000000000021e-03,8.662000000000000810e+00,6.600000000000000311e-02,1.361529999999999916e+02,2.500000000000000000e-01,1.361529999999999916e+02,8.989499999999999602e+01,2.069999999999999840e+00,6.600000000000000311e-02,nan,nan,nan,nan,4.620700000000000074e+01,8.990999999999999659e+01
8.065399999999999636e+01,1.478712999999999965e+03,-8.412000000000000810e+00,5.000000000000000104e-03,8.669999999999999929e+00,1.559999999999999998e-01,1.352570000000000050e+02,2.500000000000000000e-01,1.352570000000000050e+02,8.989400000000000546e+01,2.099000000000000199e+00,1.559999999999999998e-01,nan,nan,nan,nan,4.620700000000000074e+01,8.990999999999999659e+01
8.108299999999999841e+01,1.475099999999999909e+03,-8.410000000000000142e+00,8.000000000000000167e-03,8.683999999999999275e+00,3.310000000000000164e-01,1.343410000000000082e+02,2.500000000000000000e-01,1.343410000000000082e+02,8.989300000000000068e+01,2.165999999999999925e+00,3.310000000000000164e-01,nan,nan,nan,nan,4.620700000000000074e+01,8.990999999999999659e+01
8.151300000000000523e+01,1.471488000000000056e+03,-8.406000000000000583e+00,-2.000000000000000042e-03,8.647000000000000242e+00,7.799999999999999989e-02,1.334410000000000025e+02,2.500000000000000000e-01,1.334410000000000025e+02,8.989300000000000068e+01,2.023000000000000131e+00,7.799999999999999989e-02,nan,nan,nan,nan,4.620700000000000074e+01,8.990999999999999659e+01
8.194199999999999307e+01,1.467876999999999953e+03,-8.407000000000000028e+00,3.000000000000000062e-03,8.638999999999999346e+00,4.100000000000000172e-02,1.325790000000000077e+02,2.500000000000000000e-01,1.325790000000000077e+02,8.989199999999999591e+01,1.989999999999999991e+00,4.100000000000000172e-02,nan,nan,nan,nan,4.620700000000000074e+01,8.990999999999999659e+01
8.237199999999999989e+01,1.464268000000000029e+03,-8.406000000000000583e+00,6.000000000000000125e-03,8.634000000000000341e+00,2.240000000000000047e-01,1.317280000000000086e+02,2.500000000000000000e-01,1.317290000000000134e+02,8.989100000000000534e+01,1.973000000000000087e+00,2.240000000000000047e-01,nan,nan,nan,nan,4.620700000000000074e+01,8.990999999999999659e+01
8.280100000000000193e+01,1.460660000000000082e+03,-8.403000000000000469e+00,1.000000000000000021e-03,8.653999999999999915e+00,1.799999999999999864e-02,1.308609999999999900e+02,2.500000000000000000e-01,1.308609999999999900e+02,8.989100000000000534e+01,2.068999999999999950e+00,1.799999999999999864e-02,nan,nan,nan,nan,4.620700000000000074e+01,8.990999999999999659e+01
8.323000000000000398e+01,1.457054000000000087e+03,-8.403000000000000469e+00,4.000000000000000083e-03,8.654999999999999361e+00,2.699999999999999969e-02,1.299710000000000036e+02,2.500000000000000000e-01,1.299720000000000084e+02,8.989000000000000057e+01,2.076999999999999957e+00,2.699999999999999969e-02,nan,nan,nan,nan,4.620700000000000074e+01,8.990999999999999659e+01
8.365900000000000603e+01,1.453448000000000093e+03,-8.400999999999999801e+00,4.000000000000000083e-03,8.650999999999999801e+00,2.400000000000000050e-02,1.290829999999999984e+02,2.500000000000000000e-01,1.290829999999999984e+02,8.988899999999999579e+01,2.064999999999999947e+00,2.400000000000000050e-02,nan,nan,nan,nan,4.620700000000000074e+01,8.990999999999999659e+01
8.408799999999999386e+01,1.449844000000000051e+03,-8.400000000000000355e+00,4.000000000000000083e-03,8.651999999999999247e+00,1.250000000000000000e-01,1.281949999999999932e+02,2.500000000000000000e-01,1.281949999999999932e+02,8.988800000000000523e+01,2.075000000000000178e+00,1.250000000000000000e-01,nan,nan,nan,nan,4.620700000000000074e+01,8.990999999999999659e+01
8.451699999999999591e+01,1.446241999999999962e+03,-8.397999999999999687e+00,3.000000000000000062e-03,8.663000000000000256e+00,1.079999999999999988e-01,1.272930000000000064e+02,2.500000000000000000e-01,1.272930000000000064e+02,8.988800000000000523e+01,2.129000000000000004e+00,1.079999999999999988e-01,nan,nan,nan,nan,4.620700000000000074e+01,8.990999999999999659e+01
8.494599999999999795e+01,1.442641000000000076e+03,-8.396000000000000796e+00,6.000000000000000125e-03,8.650999999999999801e+00,2.379999999999999893e-01,1.263900000000000006e+02,2.500000000000000000e-01,1.263900000000000006e+02,8.988700000000000045e+01,2.083000000000000185e+00,2.379999999999999893e-01,nan,nan,nan,nan,4.620700000000000074e+01,8.990999999999999659e+01
8.537500000000000000e+01,1.439040999999999940e+03,-8.394000000000000128e+00,4.000000000000000083e-03,8.673000000000000043e+00,2.530000000000000027e-01,1.254749999999999943e+02,2.500000000000000000e-01,1.254749999999999943e+02,8.988599999999999568e+01,2.185000000000000053e+00,2.530000000000000027e-01,nan,nan,nan,nan,4.620700000000000074e+01,8.990999999999999659e+01
8.580400000000000205e+01,1.435442000000000007e+03,-8.391999999999999460e+00,8.000000000000000167e-03,8.644999999999999574e+00,3.890000000000000124e-01,1.245619999999999976e+02,2.489999999999999991e-01,1.245619999999999976e+02,8.988500000000000512e+01,2.076000000000000068e+00,3.890000000000000124e-01,nan,nan,nan,nan,4.620700000000000074e+01,8.990999999999999659e+01
8.623199999999999932e+01,1.431845000000000027e+03,-8.388999999999999346e+00,-3.000000000000000062e-03,8.602999999999999758e+00,1.640000000000000069e-01,1.237069999999999936e+02,2.489999999999999991e-01,1.237079999999999984e+02,8.988400000000000034e+01,1.909000000000000030e+00,1.640000000000000069e-01,nan,nan,nan,nan,4.620700000000000074e+01,8.990999999999999659e+01
8.666100000000000136e+01,1.428249000000000024e+03,-8.390000000000000568e+00,2.000000000000000042e-03,8.619999999999999218e+00,7.099999999999999367e-02,1.228739999999999952e+02,2.489999999999999991e-01,1.228739999999999952e+02,8.988400000000000034e+01,1.979999999999999982e+00,7.099999999999999367e-02,nan,nan,nan,nan,4.620700000000000074e+01,8.990999999999999659e+01
8.709000000000000341e+01,1.424653999999999996e+03,-8.388999999999999346e+00,3.000000000000000062e-03,8.612000000000000099e+00,5.600000000000000117e-02,1.220319999999999965e+02,2.489999999999999991e-01,1.220319999999999965e+02,8.988299999999999557e+01,1.949000000000000066e+00,5.600000000000000117e-02,nan,nan,nan,nan,4.620700000000000074e+01,8.990999999999999659e+01
8.751800000000000068e+01,1.421059999999999945e+03,-8.387000000000000455e+00,4.000000000000000083e-03,8.615999999999999659e+00,8.300000000000000433e-02,1.211919999999999931e+02,2.489999999999999991e-01,1.211919999999999931e+02,8.988200000000000500e+01,1.973000000000000087e+00,8.300000000000000433e-02,nan,nan,nan,nan,4.620700000000000074e+01,8.990999999999999659e+01
8.794599999999999795e+01,1.417468000000000075e+03,-8.385999999999999233e+00,6.000000000000000125e-03,8.606999999999999318e+00,2.129999999999999949e-01,1.203539999999999992e+02,2.489999999999999991e-01,1.203539999999999992e+02,8.988100000000000023e+01,1.937000000000000055e+00,2.129999999999999949e-01,nan,nan,nan,nan,4.620700000000000074e+01,8.990999999999999659e+01
8.837500000000000000e+01,1.413877999999999929e+03,-8.382999999999999119e+00,2.000000000000000042e-03,8.625000000000000000e+00,8.200000000000000344e-02,1.195049999999999955e+02,2.489999999999999991e-01,1.195049999999999955e+02,8.988100000000000023e+01,2.028999999999999915e+00,8.200000000000000344e-02,nan,nan,nan,nan,4.620700000000000074e+01,8.990999999999999659e+01
8.880299999999999727e+01,1.410288000000000011e+03,-8.382999999999999119e+00,5.000000000000000104e-03,8.632999999999999119e+00,2.089999999999999913e-01,1.186290000000000049e+02,2.489999999999999991e-01,1.186290000000000049e+02,8.987999999999999545e+01,2.064000000000000057e+00,2.089999999999999913e-01,nan,nan,nan,nan,4.620700000000000074e+01,8.990999999999999659e+01
8.923099999999999454e+01,1.406700000000000045e+03,-8.380000000000000782e+00,1.000000000000000021e-03,8.609999999999999432e+00,3.599999999999999728e-02,1.177639999999999958e+02,2.489999999999999991e-01,1.177650000000000006e+02,8.987900000000000489e+01,1.975000000000000089e+00,3.599999999999999728e-02,nan,nan,nan,nan,4.620700000000000074e+01,8.990999999999999659e+01
8.965900000000000603e+01,1.403113000000000056e+03,-8.380000000000000782e+00,6.000000000000000125e-03,8.612999999999999545e+00,2.330000000000000127e-01,1.169159999999999968e+02,2.489999999999999991e-01,1.169159999999999968e+02,8.987800000000000011e+01,1.989999999999999991e+00,2.330000000000000127e-01,nan,nan,nan,nan,4.620700000000000074e+01,8.990999999999999659e+01
9.008700000000000330e+01,1.399528000000000020e+03,-8.377000000000000668e+00,1.000000000000000021e-03,8.634000000000000341e+00,1.170000000000000068e-01,1.160430000000000064e+02,2.489999999999999991e-01,1.160430000000000064e+02,8.987699999999999534e+01,2.089999999999999858e+00,1.170000000000000068e-01,nan,nan,nan,nan,4.620700000000000074e+01,8.990999999999999659e+01
9.051500000000000057e+01,1.395942999999999984e+03,-8.375999999999999446e+00,3.000000000000000062e-03,8.644999999999999574e+00,2.100000000000000130e-02,1.151380000000000052e+02,2.489999999999999991e-01,1.151380000000000052e+02,8.987600000000000477e+01,2.140000000000000124e+00,2.100000000000000130e-02,nan,nan,nan,nan,4.620700000000000074e+01,8.990999999999999659e+01
9.094299999999999784e+01,1.392359999999999900e+03,-8.375000000000000000e+00,4.000000000000000083e-03,8.646000000000000796e+00,8.300000000000000433e-02,1.142210000000000036e+02,2.489999999999999991e-01,1.142210000000000036e+02,8.987500000000000000e+01,2.149000000000000021e+00,8.300000000000000433e-02,nan,nan,nan,nan,4.620700000000000074e+01,8.990999999999999659e+01
9.137000000000000455e+01,1.388778000000000020e+03,-8.374000000000000554e+00,3.000000000000000062e-03,8.653999999999999915e+00,4.000000000000000083e-02,1.132939999999999969e+02,2.489999999999999991e-01,1.132950000000000017e+02,8.987399999999999523e+01,2.184000000000000163e+00,4.000000000000000083e-02,nan,nan,nan,nan,4.620700000000000074e+01,8.990999999999999659e+01
9.179800000000000182e+01,1.385198000000000093e+03,-8.371999999999999886e+00,4.000000000000000083e-03,8.657000000000000028e+00,4.100000000000000172e-02,1.123569999999999993e+02,2.489999999999999991e-01,1.123569999999999993e+02,8.987300000000000466e+01,2.201000000000000068e+00,4.100000000000000172e-02,nan,nan,nan,nan,4.620700000000000074e+01,8.990999999999999659e+01
9.222499999999999432e+01,1.381618999999999915e+03,-8.371000000000000441e+00,4.000000000000000083e-03,8.650999999999999801e+00,1.170000000000000068e-01,1.114189999999999969e+02,2.489999999999999991e-01,1.114200000000000017e+02,8.987199999999999989e+01,2.184000000000000163e+00,1.170000000000000068e-01,nan,nan,nan,nan,4.620700000000000074e+01,8.990999999999999659e+01
9.265300000000000580e+01,1.378040999999999940e+03,-8.368999999999999773e+00,3.000000000000000062e-03,8.637000000000000455e+00,8.400000000000000522e-02,1.104969999999999999e+02,2.489999999999999991e-01,1.104969999999999999e+02,8.987099999999999511e+01,2.133000000000000007e+00,8.400000000000000522e-02,nan,nan,nan,nan,4.620700000000000074e+01,8.990999999999999659e+01
9.307999999999999829e+01,1.374463999999999942e+03,-8.368000000000000327e+00,3.000000000000000062e-03,8.625999999999999446e+00,7.199999999999999456e-02,1.095930000000000035e+02,2.489999999999999991e-01,1.095930000000000035e+02,8.987000000000000455e+01,2.097999999999999865e+00,7.199999999999999456e-02,nan,nan,nan,nan,4.620700000000000074e+01,8.990999999999999659e+01
9.350799999999999557e+01,1.370888999999999896e+03,-8.365999999999999659e+00,4.000000000000000083e-03,8.632999999999999119e+00,1.350000000000000089e-01,1.086899999999999977e+02,2.489999999999999991e-01,1.086899999999999977e+02,8.986899999999999977e+01,2.128000000000000114e+00,1.350000000000000089e-01,nan,nan,nan,nan,4.620700000000000074e+01,8.990999999999999659e+01
9.393500000000000227e+01,1.367315000000000055e+03,-8.364000000000000767e+00,3.000000000000000062e-03,8.644999999999999574e+00,2.000000000000000042e-02,1.077680000000000007e+02,2.479999999999999982e-01,1.077680000000000007e+02,8.986799999999999500e+01,2.185999999999999943e+00,2.000000000000000042e-02,nan,nan,nan,nan,4.620700000000000074e+01,8.990999999999999659e+01
9.436199999999999477e+01,1.363741999999999962e+03,-8.362999999999999545e+00,5.000000000000000104e-03,8.641999999999999460e+00,1.680000000000000104e-01,1.068359999999999985e+02,2.479999999999999982e-01,1.068359999999999985e+02,8.986700000000000443e+01,2.177999999999999936e+00,1.680000000000000104e-01,nan,nan,nan,nan,4.620700000000000074e+01,8.990999999999999659e+01
9.478900000000000148e+01,1.360171000000000049e+03,-8.361000000000000654e+00,2.000000000000000042e-03,8.621999999999999886e+00,5.000000000000000104e-03,1.059210000000000065e+02,2.479999999999999982e-01,1.059219999999999970e+02,8.986599999999999966e+01,2.105999999999999872e+00,5.000000000000000104e-03,nan,nan,nan,nan,4.620700000000000074e+01,8.990999999999999659e+01
9.521599999999999397e+01,1.356601000000000113e+03,-8.359999999999999432e+00,3.000000000000000062e-03,8.621000000000000441e+00,4.000000000000000083e-03,1.050220000000000056e+02,2.479999999999999982e-01,1.050229999999999961e+02,8.986499999999999488e+01,2.104000000000000092e+00,2.000000000000000042e-03,nan,nan,nan,nan,4.620700000000000074e+01,8.990999999999999659e+01
9.564300000000000068e+01,1.353031999999999925e+03,-8.358999999999999986e+00,4.000000000000000083e-03,8.618999999999999773e+00,2.199999999999999872e-02,1.041239999999999952e+02,2.479999999999999982e-01,1.041250000000000000e+02,8.986299999999999955e+01,2.103000000000000203e+00,2.199999999999999872e-02,nan,nan,nan,nan,4.620700000000000074e+01,8.990999999999999659e+01
9.606999999999999318e+01,1.349463999999999942e+03,-8.356999999999999318e+00,5.000000000000000104e-03,8.619999999999999218e+00,1.859999999999999987e-01,1.032249999999999943e+02,2.479999999999999982e-01,1.032249999999999943e+02,8.986199999999999477e+01,2.112000000000000099e+00,1.859999999999999987e-01,nan,nan,nan,nan,4.620700000000000074e+01,8.990999999999999659e+01
9.649699999999999989e+01,1.345897999999999911e+03,-8.355000000000000426e+00,2.000000000000000042e-03,8.637999999999999901e+00,4.200000000000000261e-02,1.023059999999999974e+02,2.479999999999999982e-01,1.023070000000000022e+02,8.986100000000000421e+01,2.192000000000000171e+00,4.200000000000000261e-02,nan,nan,nan,nan,4.620700000000000074e+01,8.990999999999999659e+01
9.692300000000000182e+01,1.342333000000000084e+03,-8.353999999999999204e+00,1.499999999999999944e-02,8.641999999999999460e+00,4.719999999999999751e-01,1.013670000000000044e+02,2.479999999999999982e-01,1.013670000000000044e+02,8.985999999999999943e+01,2.209999999999999964e+00,4.719999999999999751e-01,nan,nan,nan,nan,4.620700000000000074e+01,8.990999999999999659e+01
9.734999999999999432e+01,1.338769999999999982e+03,-8.348000000000000753e+00,-3.000000000000000062e-03,8.586000000000000298e+00,2.949999999999999845e-01,1.004669999999999987e+02,2.479999999999999982e-01,1.004680000000000035e+02,8.985899999999999466e+01,2.008999999999999897e+00,2.949999999999999845e-01,nan,nan,nan,nan,4.620700000000000074e+01,8.990999999999999659e+01
9.777700000000000102e+01,1.335207000000000107e+03,-8.349000000000000199e+00,2.094999999999999966e-04,8.558999999999999275e+00,1.519999999999999962e-01,9.963700000000000045e+01,2.479999999999999982e-01,9.963700000000000045e+01,8.985699999999999932e+01,1.883000000000000007e+00,1.519999999999999962e-01,nan,nan,nan,nan,4.620700000000000074e+01,8.990999999999999659e+01
9.827700000000000102e+01,1.331032999999999902e+03,-8.349000000000000199e+00,4.000000000000000083e-03,8.542999999999999261e+00,1.419999999999999873e-01,9.871500000000000341e+01,2.479999999999999982e-01,9.871500000000000341e+01,8.985599999999999454e+01,1.806999999999999940e+00,1.419999999999999873e-01,nan,nan,nan,nan,4.620700000000000074e+01,8.990999999999999659e+01
9.870300000000000296e+01,1.327472999999999956e+03,-8.348000000000000753e+00,4.000000000000000083e-03,8.554000000000000270e+00,1.610000000000000042e-01,9.793099999999999739e+01,2.479999999999999982e-01,9.793200000000000216e+01,8.985500000000000398e+01,1.866999999999999993e+00,1.610000000000000042e-01,nan,nan,nan,nan,4.620700000000000074e+01,8.990999999999999659e+01
9.912900000000000489e+01,1.323913999999999987e+03,-8.346000000000000085e+00,5.000000000000000104e-03,8.567999999999999616e+00,2.429999999999999938e-01,9.712099999999999511e+01,2.479999999999999982e-01,9.712099999999999511e+01,8.985399999999999920e+01,1.935999999999999943e+00,2.429999999999999938e-01,nan,nan,nan,nan,4.620700000000000074e+01,8.990999999999999659e+01
9.955599999999999739e+01,1.320356999999999971e+03,-8.343999999999999417e+00,2.000000000000000042e-03,8.589000000000000412e+00,1.459999999999999909e-01,9.627400000000000091e+01,2.479999999999999982e-01,9.627400000000000091e+01,8.985299999999999443e+01,2.039000000000000146e+00,1.459999999999999909e-01,nan,nan,nan,nan,4.620700000000000074e+01,8.990999999999999659e+01
9.998199999999999932e+01,1.316800999999999931e+03,-8.342999999999999972e+00,5.000000000000000104e-03,8.573999999999999844e+00,2.240000000000000047e-01,9.541800000000000637e+01,2.479999999999999982e-01,9.541800000000000637e+01,8.985099999999999909e+01,1.977000000000000091e+00,2.230000000000000038e-01,nan,nan,nan,nan,4.620700000000000074e+01,8.990999999999999659e+01
1.004080000000000013e+02,1.313247000000000071e+03,-8.340999999999999304e+00,8.963999999999999963e-04,8.595000000000000639e+00,9.711999999999999713e-04,9.455500000000000682e+01,2.479999999999999982e-01,9.455599999999999739e+01,8.984999999999999432e+01,2.072000000000000064e+00,3.736999999999999762e-04,nan,nan,nan,nan,4.620700000000000074e+01,8.990999999999999659e+01
1.008340000000000032e+02,1.309692999999999984e+03,-8.340999999999999304e+00,5.000000000000000104e-03,8.593999999999999417e+00,1.849999999999999978e-01,9.367199999999999704e+01,2.479999999999999982e-01,9.367300000000000182e+01,8.984900000000000375e+01,2.072000000000000064e+00,1.849999999999999978e-01,nan,nan,nan,nan,4.620700000000000074e+01,8.990999999999999659e+01
1.012600000000000051e+02,1.306141000000000076e+03,-8.337999999999999190e+00,7.000000000000000146e-03,8.611000000000000654e+00,3.170000000000000040e-01,9.277299999999999613e+01,2.479999999999999982e-01,9.277299999999999613e+01,8.984699999999999420e+01,2.150999999999999801e+00,3.170000000000000040e-01,nan,nan,nan,nan,4.620700000000000074e+01,8.990999999999999659e+01
1.016860000000000070e+02,1.302589999999999918e+03,-8.336000000000000298e+00,-9.936999999999999219e-04,8.576000000000000512e+00,1.120000000000000023e-01,9.188599999999999568e+01,2.479999999999999982e-01,9.188599999999999568e+01,8.984600000000000364e+01,2.016000000000000014e+00,1.120000000000000023e-01,nan,nan,nan,nan,4.620700000000000074e+01,8.990999999999999659e+01
1.021119999999999948e+02,1.299039999999999964e+03,-8.336000000000000298e+00,3.000000000000000062e-03,8.587999999999999190e+00,3.699999999999999817e-02,9.101699999999999591e+01,2.469999999999999973e-01,9.101699999999999591e+01,8.984399999999999409e+01,2.064000000000000057e+00,3.699999999999999817e-02,nan,nan,nan,nan,4.620700000000000074e+01,8.990999999999999659e+01
1.025370000000000061e+02,1.295491999999999962e+03,-8.335000000000000853e+00,1.000000000000000021e-02,8.583000000000000185e+00,3.639999999999999902e-01,9.014199999999999591e+01,2.469999999999999973e-01,9.014199999999999591e+01,8.984300000000000352e+01,2.048000000000000043e+00,3.639999999999999902e-01,nan,nan,nan,nan,4.620700000000000074e+01,8.990999999999999659e+01
1.029629999999999939e+02,1.291944999999999936e+03,-8.330000000000000071e+00,-2.000000000000000042e-03,8.542999999999999261e+00,1.590000000000000024e-01,8.930299999999999727e+01,2.469999999999999973e-01,8.930400000000000205e+01,8.984099999999999397e+01,1.893000000000000016e+00,1.590000000000000024e-01,nan,nan,nan,nan,4.620700000000000074e+01,8.990999999999999659e+01
1.033889999999999958e+02,1.288398999999999887e+03,-8.330999999999999517e+00,2.000000000000000042e-03,8.558999999999999275e+00,5.399999999999999939e-02,8.848300000000000409e+01,2.469999999999999973e-01,8.848399999999999466e+01,8.984000000000000341e+01,1.959999999999999964e+00,5.399999999999999939e-02,nan,nan,nan,nan,4.620700000000000074e+01,8.990999999999999659e+01
1.038139999999999930e+02,1.284854000000000042e+03,-8.330000000000000071e+00,4.000000000000000083e-03,8.563000000000000611e+00,1.199999999999999956e-01,8.764400000000000546e+01,2.469999999999999973e-01,8.764499999999999602e+01,8.983799999999999386e+01,1.983000000000000096e+00,1.199999999999999956e-01,nan,nan,nan,nan,4.620700000000000074e+01,8.990999999999999659e+01
1.042399999999999949e+02,1.281310999999999922e+03,-8.329000000000000625e+00,3.000000000000000062e-03,8.573000000000000398e+00,2.500000000000000139e-02,8.679000000000000625e+01,2.469999999999999973e-01,8.679000000000000625e+01,8.983700000000000330e+01,2.033999999999999808e+00,2.500000000000000139e-02,nan,nan,nan,nan,4.620700000000000074e+01,8.990999999999999659e+01
1.046650000000000063e+02,1.277769000000000005e+03,-8.326999999999999957e+00,8.000000000000000167e-03,8.570000000000000284e+00,3.009999999999999898e-01,8.592700000000000671e+01,2.469999999999999973e-01,8.592700000000000671e+01,8.983499999999999375e+01,2.024000000000000021e+00,2.999999999999999889e-01,nan,nan,nan,nan,4.620700000000000074e+01,8.990999999999999659e+01
1.050900000000000034e+02,1.274228000000000065e+03,-8.323999999999999844e+00,3.448999999999999809e-04,8.537000000000000810e+00,1.729999999999999871e-01,8.509300000000000352e+01,2.469999999999999973e-01,8.509399999999999409e+01,8.983400000000000318e+01,1.895999999999999908e+00,1.729999999999999871e-01,nan,nan,nan,nan,4.620700000000000074e+01,8.990999999999999659e+01
1.055160000000000053e+02,1.270688000000000102e+03,-8.323999999999999844e+00,7.000000000000000146e-03,8.521000000000000796e+00,3.049999999999999933e-01,8.430299999999999727e+01,2.469999999999999973e-01,8.430299999999999727e+01,8.983199999999999363e+01,1.822000000000000064e+00,3.049999999999999933e-01,nan,nan,nan,nan,4.620700000000000074e+01,8.990999999999999659e+01
1.059410000000000025e+02,1.267150000000000091e+03,-8.320999999999999730e+00,5.000000000000000104e-03,8.547000000000000597e+00,3.579999999999999849e-01,8.350000000000000000e+01,2.469999999999999973e-01,8.350100000000000477e+01,8.983100000000000307e+01,1.951999999999999957e+00,3.579999999999999849e-01,nan,nan,nan,nan,4.620700000000000074e+01,8.990999999999999659e+01
1.063659999999999997e+02,1.263613000000000056e+03,-8.319000000000000838e+00,-3.000000000000000062e-03,8.510999999999999233e+00,3.300000000000000155e-02,8.270300000000000296e+01,2.469999999999999973e-01,8.270300000000000296e+01,8.982899999999999352e+01,1.800000000000000044e+00,3.300000000000000155e-02,nan,nan,nan,nan,4.620700000000000074e+01,8.990999999999999659e+01
1.067909999999999968e+02,1.260076999999999998e+03,-8.320000000000000284e+00,4.000000000000000083e-03,8.516000000000000014e+00,6.800000000000000488e-02,8.193500000000000227e+01,2.469999999999999973e-01,8.193500000000000227e+01,8.982699999999999818e+01,1.814000000000000057e+00,6.800000000000000488e-02,nan,nan,nan,nan,4.620700000000000074e+01,8.990999999999999659e+01
1.072159999999999940e+02,1.256541999999999916e+03,-8.319000000000000838e+00,3.000000000000000062e-03,8.507999999999999119e+00,4.200000000000000261e-02,8.117000000000000171e+01,2.469999999999999973e-01,8.117000000000000171e+01,8.982599999999999341e+01,1.784999999999999920e+00,4.200000000000000261e-02,nan,nan,nan,nan,4.620700000000000074e+01,8.990999999999999659e+01
1.076410000000000053e+02,1.253008000000000038e+03,-8.317000000000000171e+00,5.000000000000000104e-03,8.509999999999999787e+00,2.030000000000000138e-01,8.040800000000000125e+01,2.469999999999999973e-01,8.040800000000000125e+01,8.982399999999999807e+01,1.802999999999999936e+00,2.030000000000000138e-01,nan,nan,nan,nan,4.620700000000000074e+01,8.990999999999999659e+01
1.080649999999999977e+02,1.249476000000000113e+03,-8.314999999999999503e+00,2.000000000000000042e-03,8.526999999999999247e+00,8.300000000000000433e-02,7.962399999999999523e+01,2.469999999999999973e-01,7.962399999999999523e+01,8.982200000000000273e+01,1.889000000000000012e+00,8.300000000000000433e-02,nan,nan,nan,nan,4.620700000000000074e+01,8.990999999999999659e+01
1.084899999999999949e+02,1.245944999999999936e+03,-8.314000000000000057e+00,4.000000000000000083e-03,8.534000000000000696e+00,1.290000000000000036e-01,7.881399999999999295e+01,2.469999999999999973e-01,7.881399999999999295e+01,8.982099999999999795e+01,1.925000000000000044e+00,1.280000000000000027e-01,nan,nan,nan,nan,4.620700000000000074e+01,8.990999999999999659e+01
1.089150000000000063e+02,1.242414999999999964e+03,-8.313000000000000611e+00,3.000000000000000062e-03,8.519999999999999574e+00,4.800000000000000100e-02,7.800799999999999557e+01,2.469999999999999973e-01,7.800900000000000034e+01,8.981900000000000261e+01,1.870000000000000107e+00,4.800000000000000100e-02,nan,nan,nan,nan,4.620700000000000074e+01,8.990999999999999659e+01
1.093389999999999986e+02,1.238886999999999944e+03,-8.311999999999999389e+00,4.000000000000000083e-03,8.515000000000000568e+00,1.459999999999999909e-01,7.721899999999999409e+01,2.469999999999999973e-01,7.721899999999999409e+01,8.981699999999999307e+01,1.850000000000000089e+00,1.449999999999999900e-01,nan,nan,nan,nan,4.620700000000000074e+01,8.990999999999999659e+01
1.097630000000000052e+02,1.235359999999999900e+03,-8.310000000000000497e+00,6.000000000000000125e-03,8.500000000000000000e+00,2.819999999999999729e-01,7.644700000000000273e+01,2.469999999999999973e-01,7.644700000000000273e+01,8.981499999999999773e+01,1.788000000000000034e+00,2.819999999999999729e-01,nan,nan,nan,nan,4.620700000000000074e+01,8.990999999999999659e+01
1.101880000000000024e+02,1.231834000000000060e+03,-8.307000000000000384e+00,3.000000000000000062e-03,8.522999999999999687e+00,2.750000000000000222e-01,7.566299999999999670e+01,2.469999999999999973e-01,7.566299999999999670e+01,8.981300000000000239e+01,1.907999999999999918e+00,2.750000000000000222e-01,nan,nan,nan,nan,4.620700000000000074e+01,8.990999999999999659e+01
1.106119999999999948e+02,1.228308999999999969e+03,-8.305999999999999162e+00,-4.975999999999999521e-04,8.548999999999999488e+00,6.000000000000000125e-03,7.482800000000000296e+01,2.469999999999999973e-01,7.482899999999999352e+01,8.981100000000000705e+01,2.024999999999999911e+00,6.000000000000000125e-03,nan,nan,nan,nan,4.620700000000000074e+01,8.990999999999999659e+01
1.110370000000000061e+02,1.224785000000000082e+03,-8.305999999999999162e+00,4.000000000000000083e-03,8.548000000000000043e+00,5.500000000000000028e-02,7.396999999999999886e+01,2.459999999999999964e-01,7.396999999999999886e+01,8.980899999999999750e+01,2.021999999999999797e+00,5.500000000000000028e-02,nan,nan,nan,nan,4.620700000000000074e+01,8.990999999999999659e+01
1.114609999999999985e+02,1.221261999999999944e+03,-8.304000000000000270e+00,3.000000000000000062e-03,8.541000000000000369e+00,3.000000000000000062e-03,7.311700000000000443e+01,2.459999999999999964e-01,7.311799999999999500e+01,8.980700000000000216e+01,1.999000000000000110e+00,1.000000000000000021e-03,nan,nan,nan,nan,4.620700000000000074e+01,8.990999999999999659e+01
1.118850000000000051e+02,1.217740999999999985e+03,-8.303000000000000824e+00,4.000000000000000083e-03,8.539999999999999147e+00,8.599999999999999312e-02,7.226999999999999602e+01,2.459999999999999964e-01,7.226999999999999602e+01,8.980500000000000682e+01,1.997999999999999998e+00,8.599999999999999312e-02,nan,nan,nan,nan,4.620700000000000074e+01,8.990999999999999659e+01
1.123089999999999975e+02,1.214221000000000004e+03,-8.301000000000000156e+00,5.000000000000000104e-03,8.529999999999999361e+00,1.839999999999999969e-01,7.143000000000000682e+01,2.459999999999999964e-01,7.143099999999999739e+01,8.980200000000000671e+01,1.961999999999999966e+00,1.839999999999999969e-01,nan,nan,nan,nan,4.620700000000000074e+01,8.990999999999999659e+01
1.127330000000000041e+02,1.210702999999999975e+03,-8.298999999999999488e+00,2.000000000000000042e-03,8.509999999999999787e+00,1.000000000000000056e-01,7.061499999999999488e+01,2.459999999999999964e-01,7.061599999999999966e+01,8.979999999999999716e+01,1.883999999999999897e+00,1.000000000000000056e-01,nan,nan,nan,nan,4.620700000000000074e+01,8.990999999999999659e+01
1.131560000000000059e+02,1.207184999999999945e+03,-8.298000000000000043e+00,3.000000000000000062e-03,8.500000000000000000e+00,8.400000000000000522e-02,6.982599999999999341e+01,2.459999999999999964e-01,6.982599999999999341e+01,8.979800000000000182e+01,1.840999999999999970e+00,8.400000000000000522e-02,nan,nan,nan,nan,4.620700000000000074e+01,8.990999999999999659e+01
1.135799999999999983e+02,1.203667999999999893e+03,-8.297000000000000597e+00,3.000000000000000062e-03,8.506999999999999673e+00,5.099999999999999672e-02,6.903799999999999670e+01,2.459999999999999964e-01,6.903900000000000148e+01,8.979600000000000648e+01,1.877000000000000002e+00,5.099999999999999672e-02,nan,nan,nan,nan,4.620700000000000074e+01,8.990999999999999659e+01
1.140040000000000049e+02,1.200153000000000020e+03,-8.295999999999999375e+00,6.000000000000000125e-03,8.500999999999999446e+00,2.310000000000000109e-01,6.824800000000000466e+01,2.459999999999999964e-01,6.824800000000000466e+01,8.979300000000000637e+01,1.854999999999999982e+00,2.310000000000000109e-01,nan,nan,nan,nan,4.620700000000000074e+01,8.990999999999999659e+01
1.144279999999999973e+02,1.196640000000000100e+03,-8.292999999999999261e+00,2.000000000000000042e-03,8.477000000000000313e+00,1.729999999999999871e-01,6.748199999999999932e+01,2.459999999999999964e-01,6.748300000000000409e+01,8.979099999999999682e+01,1.758000000000000007e+00,1.729999999999999871e-01,nan,nan,nan,nan,4.620700000000000074e+01,8.990999999999999659e+01
1.148509999999999991e+02,1.193126999999999953e+03,-8.291999999999999815e+00,1.499999999999999944e-02,8.492000000000000881e+00,4.989999999999999991e-01,6.672199999999999420e+01,2.459999999999999964e-01,6.672299999999999898e+01,8.978900000000000148e+01,1.830999999999999961e+00,4.989999999999999991e-01,nan,nan,nan,nan,4.620700000000000074e+01,8.990999999999999659e+01
1.152750000000000057e+02,1.189615999999999985e+03,-8.285999999999999588e+00,-8.999999999999999320e-03,8.534000000000000696e+00,1.299999999999999940e-02,6.590200000000000102e+01,2.459999999999999964e-01,6.590300000000000580e+01,8.978600000000000136e+01,2.041999999999999815e+00,8.999999999999999320e-03,nan,nan,nan,nan,4.620700000000000074e+01,8.990999999999999659e+01
1.156979999999999933e+02,1.186105000000000018e+03,-8.289999999999999147e+00,8.999999999999999320e-03,8.537000000000000810e+00,3.280000000000000138e-01,6.503799999999999670e+01,2.459999999999999964e-01,6.503799999999999670e+01,8.978300000000000125e+01,2.037999999999999812e+00,3.280000000000000138e-01,nan,nan,nan,nan,4.620700000000000074e+01,8.990999999999999659e+01
1.161219999999999999e+02,1.182596000000000004e+03,-8.285999999999999588e+00,-2.000000000000000042e-03,8.567999999999999616e+00,6.500000000000000222e-02,6.414499999999999602e+01,2.459999999999999964e-01,6.414600000000000080e+01,8.978000000000000114e+01,2.177000000000000046e+00,6.500000000000000222e-02,nan,nan,nan,nan,4.620700000000000074e+01,8.990999999999999659e+01
1.165450000000000017e+02,1.179087999999999965e+03,-8.287000000000000810e+00,4.000000000000000083e-03,8.574999999999999289e+00,1.189999999999999947e-01,6.321800000000000352e+01,2.459999999999999964e-01,6.321800000000000352e+01,8.977700000000000102e+01,2.205000000000000071e+00,1.189999999999999947e-01,nan,nan,nan,nan,4.620700000000000074e+01,8.990999999999999659e+01
1.169680000000000035e+02,1.175580999999999904e+03,-8.285999999999999588e+00,3.000000000000000062e-03,8.586999999999999744e+00,9.099999999999999756e-02,6.227400000000000091e+01,2.459999999999999964e-01,6.227499999999999858e+01,8.977400000000000091e+01,2.254999999999999893e+00,9.099999999999999756e-02,nan,nan,nan,nan,4.620700000000000074e+01,8.990999999999999659e+01
1.173910000000000053e+02,1.172076000000000022e+03,-8.284000000000000696e+00,4.000000000000000083e-03,8.576000000000000512e+00,1.719999999999999862e-01,6.132800000000000296e+01,2.459999999999999964e-01,6.132800000000000296e+01,8.976999999999999602e+01,2.217000000000000082e+00,1.719999999999999862e-01,nan,nan,nan,nan,4.620700000000000074e+01,8.990999999999999659e+01
1.178139999999999930e+02,1.168571999999999889e+03,-8.282000000000000028e+00,2.000000000000000042e-03,8.592999999999999972e+00,1.600000000000000033e-02,6.037500000000000000e+01,2.459999999999999964e-01,6.037500000000000000e+01,8.976699999999999591e+01,2.290000000000000036e+00,1.600000000000000033e-02,nan,nan,nan,nan,4.620700000000000074e+01,8.990999999999999659e+01
1.182369999999999948e+02,1.165067999999999984e+03,-8.282000000000000028e+00,4.000000000000000083e-03,8.593999999999999417e+00,8.200000000000000344e-02,5.940400000000000347e+01,2.459999999999999964e-01,5.940500000000000114e+01,8.976300000000000523e+01,2.297000000000000153e+00,8.200000000000000344e-02,nan,nan,nan,nan,4.620700000000000074e+01,8.990999999999999659e+01
1.186599999999999966e+02,1.161566000000000031e+03,-8.279999999999999361e+00,3.000000000000000062e-03,8.583000000000000185e+00,1.499999999999999944e-02,5.844100000000000250e+01,2.459999999999999964e-01,5.844100000000000250e+01,8.975900000000000034e+01,2.262000000000000011e+00,1.499999999999999944e-02,nan,nan,nan,nan,4.620700000000000074e+01,8.990999999999999659e+01
1.190829999999999984e+02,1.158066000000000031e+03,-8.278999999999999915e+00,4.000000000000000083e-03,8.580999999999999517e+00,1.179999999999999938e-01,5.748499999999999943e+01,2.449999999999999956e-01,5.748599999999999710e+01,8.975499999999999545e+01,2.255999999999999783e+00,1.179999999999999938e-01,nan,nan,nan,nan,4.620700000000000074e+01,8.990999999999999659e+01
1.195060000000000002e+02,1.154566000000000031e+03,-8.276999999999999247e+00,1.400000000000000029e-02,8.566000000000000725e+00,4.779999999999999805e-01,5.654200000000000159e+01,2.449999999999999956e-01,5.654299999999999926e+01,8.975100000000000477e+01,2.205999999999999961e+00,4.779999999999999805e-01,nan,nan,nan,nan,4.620700000000000074e+01,8.990999999999999659e+01
1.199290000000000020e+02,1.151068999999999960e+03,-8.271000000000000796e+00,-8.000000000000000167e-03,8.509999999999999787e+00,7.799999999999999989e-02,5.565299999999999869e+01,2.449999999999999956e-01,5.565299999999999869e+01,8.974699999999999989e+01,2.004000000000000004e+00,7.799999999999999989e-02,nan,nan,nan,nan,4.620700000000000074e+01,8.990999999999999659e+01
1.203509999999999991e+02,1.147570999999999913e+03,-8.273999999999999133e+00,3.000000000000000062e-03,8.506000000000000227e+00,8.999999999999999667e-02,5.481199999999999761e+01,2.449999999999999956e-01,5.481300000000000239e+01,8.974399999999999977e+01,1.971000000000000085e+00,8.899999999999999578e-02,nan,nan,nan,nan,4.620700000000000074e+01,8.990999999999999659e+01
1.207740000000000009e+02,1.144075000000000045e+03,-8.272999999999999687e+00,5.000000000000000104e-03,8.496000000000000441e+00,1.809999999999999942e-01,5.398799999999999955e+01,2.449999999999999956e-01,5.398799999999999955e+01,8.973999999999999488e+01,1.933000000000000052e+00,1.809999999999999942e-01,nan,nan,nan,nan,4.620700000000000074e+01,8.990999999999999659e+01
1.211959999999999980e+02,1.140579999999999927e+03,-8.271000000000000796e+00,2.000000000000000042e-03,8.512000000000000455e+00,1.700000000000000122e-02,5.315500000000000114e+01,2.449999999999999956e-01,5.315500000000000114e+01,8.973600000000000421e+01,2.008999999999999897e+00,1.700000000000000122e-02,nan,nan,nan,nan,4.620700000000000074e+01,8.990999999999999659e+01
1.216189999999999998e+02,1.137086999999999989e+03,-8.269999999999999574e+00,7.000000000000000146e-03,8.512999999999999901e+00,2.600000000000000089e-01,5.230499999999999972e+01,2.449999999999999956e-01,5.230499999999999972e+01,8.973099999999999454e+01,2.016999999999999904e+00,2.600000000000000089e-01,nan,nan,nan,nan,4.620700000000000074e+01,8.990999999999999659e+01
1.220409999999999968e+02,1.133595000000000027e+03,-8.266999999999999460e+00,-1.151999999999999948e-04,8.484999999999999432e+00,1.700000000000000122e-02,5.147599999999999909e+01,2.449999999999999956e-01,5.147699999999999676e+01,8.972700000000000387e+01,1.907000000000000028e+00,1.700000000000000122e-02,nan,nan,nan,nan,4.620700000000000074e+01,8.990999999999999659e+01
1.225409999999999968e+02,1.129461000000000013e+03,-8.268000000000000682e+00,4.000000000000000083e-03,8.486000000000000654e+00,5.399999999999999939e-02,5.052100000000000080e+01,2.449999999999999956e-01,5.052100000000000080e+01,8.972199999999999420e+01,1.915000000000000036e+00,5.399999999999999939e-02,nan,nan,nan,nan,4.620700000000000074e+01,8.990999999999999659e+01
1.229629999999999939e+02,1.125971000000000004e+03,-8.266000000000000014e+00,5.000000000000000104e-03,8.480000000000000426e+00,1.719999999999999862e-01,4.971699999999999875e+01,2.449999999999999956e-01,4.971699999999999875e+01,8.971800000000000352e+01,1.893000000000000016e+00,1.719999999999999862e-01,nan,nan,nan,nan,4.620700000000000074e+01,8.990999999999999659e+01
1.233850000000000051e+02,1.122482999999999947e+03,-8.263999999999999346e+00,2.000000000000000042e-03,8.493999999999999773e+00,2.199999999999999872e-02,4.890299999999999869e+01,2.449999999999999956e-01,4.890299999999999869e+01,8.971299999999999386e+01,1.965000000000000080e+00,2.199999999999999872e-02,nan,nan,nan,nan,4.620700000000000074e+01,8.990999999999999659e+01
1.238070000000000022e+02,1.118994999999999891e+03,-8.262999999999999901e+00,4.000000000000000083e-03,8.496000000000000441e+00,1.509999999999999953e-01,4.807099999999999795e+01,2.449999999999999956e-01,4.807200000000000273e+01,8.970799999999999841e+01,1.975000000000000089e+00,1.509999999999999953e-01,nan,nan,nan,nan,4.620700000000000074e+01,8.990999999999999659e+01
1.242289999999999992e+02,1.115509000000000015e+03,-8.260999999999999233e+00,3.000000000000000062e-03,8.509000000000000341e+00,1.419999999999999873e-01,4.722500000000000142e+01,2.449999999999999956e-01,4.722500000000000142e+01,8.970300000000000296e+01,2.037999999999999812e+00,1.419999999999999873e-01,nan,nan,nan,nan,4.620700000000000074e+01,8.990999999999999659e+01
1.246509999999999962e+02,1.112023999999999887e+03,-8.259999999999999787e+00,6.000000000000000125e-03,8.522000000000000242e+00,2.710000000000000187e-01,4.635199999999999676e+01,2.449999999999999956e-01,4.635300000000000153e+01,8.969700000000000273e+01,2.097999999999999865e+00,2.710000000000000187e-01,nan,nan,nan,nan,4.620700000000000074e+01,8.990999999999999659e+01
1.250729999999999933e+02,1.108539999999999964e+03,-8.256999999999999673e+00,-3.130000000000000187e-04,8.492000000000000881e+00,5.000000000000000278e-02,4.549099999999999966e+01,2.449999999999999956e-01,4.549199999999999733e+01,8.969199999999999307e+01,1.983999999999999986e+00,5.000000000000000278e-02,nan,nan,nan,nan,4.620700000000000074e+01,8.990999999999999659e+01
1.254950000000000045e+02,1.105057000000000016e+03,-8.256999999999999673e+00,5.000000000000000104e-03,8.487999999999999545e+00,1.839999999999999969e-01,4.465899999999999892e+01,2.449999999999999956e-01,4.465899999999999892e+01,8.968600000000000705e+01,1.963000000000000078e+00,1.839999999999999969e-01,nan,nan,nan,nan,4.620700000000000074e+01,8.990999999999999659e+01
1.259170000000000016e+02,1.101576000000000022e+03,-8.255000000000000782e+00,7.000000000000000146e-03,8.503999999999999559e+00,3.410000000000000253e-01,4.381499999999999773e+01,2.449999999999999956e-01,4.381499999999999773e+01,8.968000000000000682e+01,2.040999999999999925e+00,3.400000000000000244e-01,nan,nan,nan,nan,4.620700000000000074e+01,8.990999999999999659e+01
1.263379999999999939e+02,1.098096000000000004e+03,-8.252000000000000668e+00,6.000000000000000125e-03,8.535999999999999588e+00,4.149999999999999800e-01,4.292399999999999949e+01,2.449999999999999956e-01,4.292499999999999716e+01,8.967300000000000182e+01,2.184000000000000163e+00,4.149999999999999800e-01,nan,nan,nan,nan,4.620700000000000074e+01,8.990999999999999659e+01
1.267600000000000051e+02,1.094616999999999962e+03,-8.250000000000000000e+00,-2.000000000000000042e-03,8.580000000000000071e+00,2.560000000000000053e-01,4.196600000000000108e+01,2.449999999999999956e-01,4.196699999999999875e+01,8.966599999999999682e+01,2.358999999999999986e+00,2.560000000000000053e-01,nan,nan,nan,nan,4.620700000000000074e+01,8.990999999999999659e+01
1.271809999999999974e+02,1.091137999999999920e+03,-8.250999999999999446e+00,3.000000000000000062e-03,8.551999999999999602e+00,2.610000000000000098e-01,4.099499999999999744e+01,2.449999999999999956e-01,4.099499999999999744e+01,8.965800000000000125e+01,2.250999999999999890e+00,2.610000000000000098e-01,nan,nan,nan,nan,4.620700000000000074e+01,8.990999999999999659e+01
1.276029999999999944e+02,1.087661000000000058e+03,-8.249000000000000554e+00,2.000000000000000042e-03,8.522000000000000242e+00,1.880000000000000004e-01,4.006900000000000261e+01,2.439999999999999947e-01,4.007000000000000028e+01,8.965000000000000568e+01,2.141000000000000014e+00,1.880000000000000004e-01,nan,nan,nan,nan,4.620700000000000074e+01,8.990999999999999659e+01
1.280240000000000009e+02,1.084185999999999922e+03,-8.247999999999999332e+00,2.000000000000000042e-03,8.502000000000000668e+00,8.999999999999999667e-02,3.918399999999999750e+01,2.439999999999999947e-01,3.918399999999999750e+01,8.964300000000000068e+01,2.061999999999999833e+00,8.999999999999999667e-02,nan,nan,nan,nan,4.620700000000000074e+01,8.990999999999999659e+01
1.284449999999999932e+02,1.080711000000000013e+03,-8.247999999999999332e+00,3.000000000000000062e-03,8.492000000000000881e+00,1.799999999999999864e-02,3.832300000000000040e+01,2.439999999999999947e-01,3.832399999999999807e+01,8.963500000000000512e+01,2.024000000000000021e+00,1.700000000000000122e-02,nan,nan,nan,nan,4.620700000000000074e+01,8.990999999999999659e+01
1.288669999999999902e+02,1.077237000000000080e+03,-8.246000000000000441e+00,4.000000000000000083e-03,8.489000000000000767e+00,9.400000000000000022e-02,3.747200000000000131e+01,2.439999999999999947e-01,3.747299999999999898e+01,8.962600000000000477e+01,2.016000000000000014e+00,9.299999999999999933e-02,nan,nan,nan,nan,4.620700000000000074e+01,8.990999999999999659e+01
1.292880000000000109e+02,1.073765000000000100e+03,-8.244999999999999218e+00,3.000000000000000062e-03,8.496999999999999886e+00,8.000000000000000167e-02,3.661500000000000199e+01,2.439999999999999947e-01,3.661599999999999966e+01,8.961799999999999500e+01,2.056000000000000050e+00,8.000000000000000167e-02,nan,nan,nan,nan,4.620700000000000074e+01,8.990999999999999659e+01
1.297090000000000032e+02,1.070294000000000096e+03,-8.243999999999999773e+00,6.000000000000000125e-03,8.487999999999999545e+00,2.379999999999999893e-01,3.575699999999999790e+01,2.439999999999999947e-01,3.575699999999999790e+01,8.960899999999999466e+01,2.021999999999999797e+00,2.379999999999999893e-01,nan,nan,nan,nan,4.620700000000000074e+01,8.990999999999999659e+01
1.301299999999999955e+02,1.066825000000000045e+03,-8.240999999999999659e+00,3.957000000000000231e-04,8.461999999999999744e+00,1.700000000000000122e-02,3.492699999999999960e+01,2.439999999999999947e-01,3.492699999999999960e+01,8.959900000000000375e+01,1.921999999999999931e+00,1.700000000000000122e-02,nan,nan,nan,nan,4.620700000000000074e+01,8.990999999999999659e+01
1.305509999999999877e+02,1.063355999999999995e+03,-8.240999999999999659e+00,7.000000000000000146e-03,8.464000000000000412e+00,2.859999999999999765e-01,3.411599999999999966e+01,2.439999999999999947e-01,3.411699999999999733e+01,8.959000000000000341e+01,1.929000000000000048e+00,2.859999999999999765e-01,nan,nan,nan,nan,4.620700000000000074e+01,8.990999999999999659e+01
1.309710000000000036e+02,1.059887999999999920e+03,-8.237999999999999545e+00,5.000000000000000104e-03,8.433999999999999275e+00,3.360000000000000209e-01,3.332999999999999829e+01,2.439999999999999947e-01,3.332999999999999829e+01,8.957999999999999829e+01,1.808999999999999941e+00,3.360000000000000209e-01,nan,nan,nan,nan,4.620700000000000074e+01,8.990999999999999659e+01
1.313919999999999959e+02,1.056422000000000025e+03,-8.236000000000000654e+00,4.941000000000000296e-04,8.403000000000000469e+00,2.409999999999999920e-01,3.259799999999999898e+01,2.439999999999999947e-01,3.259899999999999665e+01,8.957099999999999795e+01,1.667000000000000037e+00,2.409999999999999920e-01,nan,nan,nan,nan,4.620700000000000074e+01,8.990999999999999659e+01
1.318129999999999882e+02,1.052957000000000107e+03,-8.236000000000000654e+00,1.000000000000000021e-03,8.423000000000000043e+00,1.439999999999999891e-01,3.187500000000000000e+01,2.439999999999999947e-01,3.187600000000000122e+01,8.956100000000000705e+01,1.768000000000000016e+00,1.439999999999999891e-01,nan,nan,nan,nan,4.620700000000000074e+01,8.990999999999999659e+01
1.322340000000000089e+02,1.049491999999999962e+03,-8.234999999999999432e+00,4.000000000000000083e-03,8.435999999999999943e+00,1.890000000000000013e-01,3.111899999999999977e+01,2.439999999999999947e-01,3.112000000000000099e+01,8.955100000000000193e+01,1.828999999999999959e+00,1.890000000000000013e-01,nan,nan,nan,nan,4.620700000000000074e+01,8.990999999999999659e+01
1.326539999999999964e+02,1.046028999999999996e+03,-8.233000000000000540e+00,1.000000000000000021e-03,8.451999999999999957e+00,1.700000000000000122e-02,3.033299999999999841e+01,2.439999999999999947e-01,3.033399999999999963e+01,8.953900000000000148e+01,1.909000000000000030e+00,1.700000000000000122e-02,nan,nan,nan,nan,4.620700000000000074e+01,8.990999999999999659e+01
1.330749999999999886e+02,1.042567000000000007e+03,-8.233000000000000540e+00,5.000000000000000104e-03,8.449999999999999289e+00,1.789999999999999925e-01,2.953200000000000003e+01,2.439999999999999947e-01,2.953300000000000125e+01,8.952700000000000102e+01,1.901000000000000023e+00,1.789999999999999925e-01,nan,nan,nan,nan,4.620700000000000074e+01,8.990999999999999659e+01
1.334950000000000045e+02,1.039106999999999971e+03,-8.230999999999999872e+00,6.000000000000000125e-03,8.464999999999999858e+00,2.879999999999999782e-01,2.871699999999999875e+01,2.439999999999999947e-01,2.871799999999999997e+01,8.951399999999999579e+01,1.977000000000000091e+00,2.879999999999999782e-01,nan,nan,nan,nan,4.620700000000000074e+01,8.990999999999999659e+01
1.339159999999999968e+02,1.035647999999999911e+03,-8.227999999999999758e+00,1.000000000000000021e-03,8.492000000000000881e+00,2.129999999999999949e-01,2.785999999999999943e+01,2.439999999999999947e-01,2.786100000000000065e+01,8.949899999999999523e+01,2.097999999999999865e+00,2.129999999999999949e-01,nan,nan,nan,nan,4.620700000000000074e+01,8.990999999999999659e+01
1.343360000000000127e+02,1.032189000000000078e+03,-8.227999999999999758e+00,4.000000000000000083e-03,8.513999999999999346e+00,2.310000000000000109e-01,2.695899999999999963e+01,2.439999999999999947e-01,2.696099999999999852e+01,8.948199999999999932e+01,2.188000000000000167e+00,2.300000000000000100e-01,nan,nan,nan,nan,4.620700000000000074e+01,8.990999999999999659e+01
1.347560000000000002e+02,1.028731999999999971e+03,-8.226000000000000867e+00,3.000000000000000062e-03,8.487999999999999545e+00,2.369999999999999885e-01,2.606099999999999994e+01,2.439999999999999947e-01,2.606200000000000117e+01,8.946399999999999864e+01,2.091000000000000192e+00,2.369999999999999885e-01,nan,nan,nan,nan,4.620700000000000074e+01,8.990999999999999659e+01
1.351759999999999877e+02,1.025276000000000067e+03,-8.224999999999999645e+00,6.570000000000000319e-04,8.461999999999999744e+00,7.299999999999999545e-02,2.520299999999999940e+01,2.439999999999999947e-01,2.520400000000000063e+01,8.944599999999999795e+01,1.991000000000000103e+00,7.299999999999999545e-02,nan,nan,nan,nan,4.620700000000000074e+01,8.990999999999999659e+01
1.355960000000000036e+02,1.021821000000000026e+03,-8.224999999999999645e+00,4.000000000000000083e-03,8.468999999999999417e+00,1.729999999999999871e-01,2.435999999999999943e+01,2.439999999999999947e-01,2.436100000000000065e+01,8.942700000000000671e+01,2.021999999999999797e+00,1.729999999999999871e-01,nan,nan,nan,nan,4.620700000000000074e+01,8.990999999999999659e+01
1.360159999999999911e+02,1.018366999999999962e+03,-8.223000000000000753e+00,4.000000000000000083e-03,8.451000000000000512e+00,1.910000000000000031e-01,2.352599999999999980e+01,2.429999999999999938e-01,2.352700000000000102e+01,8.940699999999999648e+01,1.949000000000000066e+00,1.910000000000000031e-01,nan,nan,nan,nan,4.620700000000000074e+01,8.990999999999999659e+01
1.364360000000000070e+02,1.014913999999999987e+03,-8.221000000000000085e+00,3.000000000000000062e-03,8.430999999999999162e+00,1.610000000000000042e-01,2.272400000000000020e+01,2.429999999999999938e-01,2.272599999999999909e+01,8.938599999999999568e+01,1.868999999999999995e+00,1.610000000000000042e-01,nan,nan,nan,nan,4.620700000000000074e+01,8.990999999999999659e+01
1.368559999999999945e+02,1.011462999999999965e+03,-8.220000000000000639e+00,2.000000000000000042e-03,8.445000000000000284e+00,7.399999999999999634e-02,2.192500000000000071e+01,2.429999999999999938e-01,2.192699999999999960e+01,8.936400000000000432e+01,1.937000000000000055e+00,7.399999999999999634e-02,nan,nan,nan,nan,4.620700000000000074e+01,8.990999999999999659e+01
1.372760000000000105e+02,1.008011999999999944e+03,-8.218999999999999417e+00,6.000000000000000125e-03,8.436999999999999389e+00,2.530000000000000027e-01,2.111899999999999977e+01,2.429999999999999938e-01,2.112000000000000099e+01,8.934000000000000341e+01,1.905999999999999917e+00,2.530000000000000027e-01,nan,nan,nan,nan,4.620700000000000074e+01,8.990999999999999659e+01
1.376959999999999980e+02,1.004562999999999988e+03,-8.217000000000000526e+00,-6.703000000000000028e-05,8.458999999999999631e+00,8.000000000000000167e-03,2.029700000000000060e+01,2.429999999999999938e-01,2.029799999999999827e+01,8.931300000000000239e+01,2.012000000000000011e+00,8.000000000000000167e-03,nan,nan,nan,nan,4.620700000000000074e+01,8.990999999999999659e+01
1.381959999999999980e+02,1.000455000000000041e+03,-8.217000000000000526e+00,6.000000000000000125e-03,8.460000000000000853e+00,2.169999999999999984e-01,1.928999999999999915e+01,2.429999999999999938e-01,1.929100000000000037e+01,8.927800000000000580e+01,2.016000000000000014e+00,2.169999999999999984e-01,nan,nan,nan,nan,4.620700000000000074e+01,8.990999999999999659e+01
1.386150000000000091e+02,9.970080000000000382e+02,-8.214000000000000412e+00,3.000000000000000062e-03,8.480000000000000426e+00,2.159999999999999976e-01,1.842500000000000071e+01,2.429999999999999938e-01,1.842599999999999838e+01,8.924399999999999977e+01,2.107000000000000206e+00,2.159999999999999976e-01,nan,nan,nan,nan,4.620700000000000074e+01,8.990999999999999659e+01
1.390349999999999966e+02,9.935629999999999882e+02,-8.212999999999999190e+00,1.000000000000000021e-03,8.502000000000000668e+00,2.000000000000000042e-03,1.752199999999999847e+01,2.429999999999999938e-01,1.752299999999999969e+01,8.920499999999999829e+01,2.197999999999999954e+00,2.000000000000000042e-03,nan,nan,nan,nan,4.620700000000000074e+01,8.990999999999999659e+01
1.394540000000000077e+02,9.901180000000000518e+02,-8.211999999999999744e+00,4.000000000000000083e-03,8.500999999999999446e+00,1.039999999999999952e-01,1.660000000000000142e+01,2.429999999999999938e-01,1.660099999999999909e+01,8.916100000000000136e+01,2.198999999999999844e+00,1.039999999999999952e-01,nan,nan,nan,nan,4.620700000000000074e+01,8.990999999999999659e+01
1.398729999999999905e+02,9.866749999999999545e+02,-8.210000000000000853e+00,3.000000000000000062e-03,8.489000000000000767e+00,1.400000000000000029e-02,1.568699999999999939e+01,2.429999999999999938e-01,1.568900000000000006e+01,8.911199999999999477e+01,2.154999999999999805e+00,1.299999999999999940e-02,nan,nan,nan,nan,4.620700000000000074e+01,8.990999999999999659e+01
1.402930000000000064e+02,9.832329999999999472e+02,-8.208999999999999631e+00,4.000000000000000083e-03,8.486000000000000654e+00,7.199999999999999456e-02,1.478400000000000070e+01,2.429999999999999938e-01,1.478599999999999959e+01,8.905800000000000693e+01,2.149999999999999911e+00,7.199999999999999456e-02,nan,nan,nan,nan,4.620700000000000074e+01,8.990999999999999659e+01
1.407119999999999891e+02,9.797930000000000064e+02,-8.208000000000000185e+00,4.000000000000000083e-03,8.477000000000000313e+00,8.699999999999999400e-02,1.389000000000000057e+01,2.429999999999999938e-01,1.389199999999999946e+01,8.899800000000000466e+01,2.119000000000000217e+00,8.699999999999999400e-02,nan,nan,nan,nan,4.620700000000000074e+01,8.990999999999999659e+01
1.411310000000000002e+02,9.763529999999999518e+02,-8.205999999999999517e+00,4.000000000000000083e-03,8.484999999999999432e+00,1.419999999999999873e-01,1.299399999999999977e+01,2.429999999999999938e-01,1.299600000000000044e+01,8.892900000000000205e+01,2.156000000000000139e+00,1.419999999999999873e-01,nan,nan,nan,nan,4.620700000000000074e+01,8.990999999999999659e+01
1.415500000000000114e+02,9.729149999999999636e+02,-8.205000000000000071e+00,4.000000000000000083e-03,8.497999999999999332e+00,1.910000000000000031e-01,1.207799999999999940e+01,2.429999999999999938e-01,1.208099999999999952e+01,8.884799999999999898e+01,2.214999999999999858e+00,1.910000000000000031e-01,nan,nan,nan,nan,4.620700000000000074e+01,8.990999999999999659e+01
1.419689999999999941e+02,9.694779999999999518e+02,-8.202999999999999403e+00,2.000000000000000042e-03,8.518000000000000682e+00,1.179999999999999938e-01,1.113299999999999912e+01,2.429999999999999938e-01,1.113599999999999923e+01,8.875100000000000477e+01,2.294999999999999929e+00,1.179999999999999938e-01,nan,nan,nan,nan,4.620700000000000074e+01,8.990999999999999659e+01
1.423880000000000052e+02,9.660410000000000537e+02,-8.201999999999999957e+00,4.000000000000000083e-03,8.503999999999999559e+00,1.890000000000000013e-01,1.018200000000000038e+01,2.429999999999999938e-01,1.018500000000000050e+01,8.863400000000000034e+01,2.245999999999999996e+00,1.890000000000000013e-01,nan,nan,nan,nan,4.620700000000000074e+01,8.990999999999999659e+01
1.428069999999999879e+02,9.626069999999999709e+02,-8.199999999999999289e+00,8.000000000000000167e-03,8.480999999999999872e+00,3.469999999999999751e-01,9.257999999999999119e+00,2.429999999999999938e-01,9.262000000000000455e+00,8.849899999999999523e+01,2.165999999999999925e+00,3.469999999999999751e-01,nan,nan,nan,nan,4.620700000000000074e+01,8.990999999999999659e+01
1.432249999999999943e+02,9.591730000000000018e+02,-8.196999999999999176e+00,7.284000000000000056e-05,8.442000000000000171e+00,2.359999999999999876e-01,8.381999999999999673e+00,2.429999999999999938e-01,8.384999999999999787e+00,8.834199999999999875e+01,2.020999999999999908e+00,2.359999999999999876e-01,nan,nan,nan,nan,4.620700000000000074e+01,8.990999999999999659e+01
1.437249999999999943e+02,9.550750000000000455e+02,-8.196999999999999176e+00,8.999999999999999320e-03,8.414999999999999147e+00,3.830000000000000071e-01,7.400000000000000355e+00,2.429999999999999938e-01,7.403999999999999915e+00,8.812300000000000466e+01,1.903000000000000025e+00,3.830000000000000071e-01,nan,nan,nan,nan,4.620700000000000074e+01,8.990999999999999659e+01
1.441440000000000055e+02,9.516449999999999818e+02,-8.192999999999999616e+00,-1.000000000000000021e-03,8.375999999999999446e+00,2.349999999999999867e-01,6.636999999999999567e+00,2.419999999999999929e-01,6.642000000000000348e+00,8.790800000000000125e+01,1.743000000000000105e+00,2.349999999999999867e-01,nan,nan,nan,nan,4.620700000000000074e+01,8.990999999999999659e+01
1.445629999999999882e+02,9.482140000000000555e+02,-8.194000000000000838e+00,9.236000000000000069e-04,8.397999999999999687e+00,8.699999999999999400e-02,5.886999999999999567e+00,2.419999999999999929e-01,5.892000000000000348e+00,8.764199999999999591e+01,1.840999999999999970e+00,8.699999999999999400e-02,nan,nan,nan,nan,4.620700000000000074e+01,8.990999999999999659e+01
1.449809999999999945e+02,9.447849999999999682e+02,-8.192999999999999616e+00,1.200000000000000025e-02,8.406000000000000583e+00,4.099999999999999756e-01,5.108999999999999986e+00,2.419999999999999929e-01,5.113999999999999879e+00,8.728300000000000125e+01,1.877999999999999892e+00,4.099999999999999756e-01,nan,nan,nan,nan,4.620700000000000074e+01,8.990999999999999659e+01
1.454000000000000057e+02,9.413590000000000373e+02,-8.188000000000000611e+00,-5.000000000000000104e-03,8.441000000000000725e+00,8.300000000000000433e-02,4.286999999999999922e+00,2.419999999999999929e-01,4.293999999999999595e+00,8.676399999999999579e+01,2.048999999999999932e+00,8.200000000000000344e-02,nan,nan,nan,nan,4.620700000000000074e+01,8.990999999999999659e+01
1.458180000000000121e+02,9.379320000000000164e+02,-8.189999999999999503e+00,3.000000000000000062e-03,8.435000000000000497e+00,8.999999999999999667e-02,3.436999999999999833e+00,2.419999999999999929e-01,3.444999999999999840e+00,8.596699999999999875e+01,2.015000000000000124e+00,8.999999999999999667e-02,nan,nan,nan,nan,4.620700000000000074e+01,8.990999999999999659e+01
1.462359999999999900e+02,9.345069999999999482e+02,-8.189000000000000057e+00,3.000000000000000062e-03,8.442000000000000171e+00,4.499999999999999833e-02,2.585999999999999854e+00,2.419999999999999929e-01,2.596999999999999975e+00,8.464799999999999613e+01,2.052000000000000046e+00,4.499999999999999833e-02,nan,nan,nan,nan,4.620700000000000074e+01,8.990999999999999659e+01
1.466539999999999964e+02,9.310829999999999700e+02,-8.188000000000000611e+00,6.000000000000000125e-03,8.436999999999999389e+00,2.459999999999999964e-01,1.731999999999999984e+00,2.419999999999999929e-01,1.749000000000000110e+00,8.203799999999999670e+01,2.033999999999999808e+00,2.459999999999999964e-01,nan,nan,nan,nan,4.620700000000000074e+01,8.990999999999999659e+01
1.470720000000000027e+02,9.276599999999999682e+02,-8.185000000000000497e+00,1.000000000000000021e-02,8.458999999999999631e+00,4.299999999999999933e-01,8.599999999999999867e-01,2.419999999999999929e-01,8.940000000000000169e-01,7.427599999999999625e+01,2.136000000000000121e+00,4.299999999999999933e-01,nan,nan,nan,nan,4.620700000000000074e+01,8.990999999999999659e+01
1.474910000000000139e+02,9.242390000000000327e+02,-8.180999999999999162e+00,4.000000000000000083e-03,8.412000000000000810e+00,4.400000000000000022e-01,5.000000000000000104e-03,2.419999999999999929e-01,2.419999999999999929e-01,1.080999999999999961e+00,1.957000000000000073e+00,4.400000000000000022e-01,nan,nan,nan,nan,4.620700000000000074e+01,8.990999999999999659e+01
1.479089999999999918e+02,9.208189999999999600e+02,-8.179000000000000270e+00,-7.000000000000000146e-03,8.368999999999999773e+00,1.200000000000000025e-02,-7.750000000000000222e-01,2.419999999999999929e-01,8.120000000000000551e-01,2.873439999999999941e+02,1.772999999999999909e+00,1.000000000000000021e-02,nan,nan,nan,nan,4.620700000000000074e+01,8.990999999999999659e+01
1.483269999999999982e+02,9.173990000000000009e+02,-8.182000000000000384e+00,5.000000000000000104e-03,8.371000000000000441e+00,1.549999999999999989e-01,-1.514999999999999902e+00,2.419999999999999929e-01,1.534000000000000030e+00,2.790749999999999886e+02,1.768000000000000016e+00,1.549999999999999989e-01,nan,nan,nan,nan,4.620700000000000074e+01,8.990999999999999659e+01
1.487450000000000045e+02,9.139809999999999945e+02,-8.179999999999999716e+00,8.000000000000000167e-03,8.382999999999999119e+00,3.479999999999999760e-01,-2.266999999999999904e+00,2.419999999999999929e-01,2.279999999999999805e+00,2.760910000000000082e+02,1.832999999999999963e+00,3.479999999999999760e-01,nan,nan,nan,nan,4.620700000000000074e+01,8.990999999999999659e+01
1.491620000000000061e+02,9.105639999999999645e+02,-8.176999999999999602e+00,2.000000000000000042e-03,8.413000000000000256e+00,3.109999999999999987e-01,-3.064000000000000057e+00,2.419999999999999929e-01,3.072999999999999954e+00,2.745149999999999864e+02,1.977999999999999980e+00,3.109999999999999987e-01,nan,nan,nan,nan,4.620700000000000074e+01,8.990999999999999659e+01
1.495800000000000125e+02,9.071480000000000246e+02,-8.176000000000000156e+00,-1.000000000000000021e-03,8.442999999999999616e+00,8.300000000000000433e-02,-3.916999999999999815e+00,2.419999999999999929e-01,3.924999999999999822e+00,2.735330000000000155e+02,2.108000000000000096e+00,8.300000000000000433e-02,nan,nan,nan,nan,4.620700000000000074e+01,8.990999999999999659e+01
1.499979999999999905e+02,9.037329999999999472e+02,-8.176000000000000156e+00,6.000000000000000125e-03,8.435000000000000497e+00,2.590000000000000080e-01,-4.790000000000000036e+00,2.419999999999999929e-01,4.796000000000000263e+00,2.728899999999999864e+02,2.072999999999999954e+00,2.590000000000000080e-01,nan,nan,nan,nan,4.620700000000000074e+01,8.990999999999999659e+01
1.504149999999999920e+02,9.003200000000000500e+02,-8.173999999999999488e+00,3.000000000000000062e-03,8.460000000000000853e+00,2.449999999999999956e-01,-5.679000000000000270e+00,2.419999999999999929e-01,5.684000000000000163e+00,2.724379999999999882e+02,2.181000000000000050e+00,2.449999999999999956e-01,nan,nan,nan,nan,4.620700000000000074e+01,8.990999999999999659e+01
1.508329999999999984e+02,8.969080000000000155e+02,-8.173000000000000043e+00,2.579999999999999828e-04,8.486000000000000654e+00,1.799999999999999864e-02,-6.610999999999999766e+00,2.419999999999999929e-01,6.615000000000000213e+00,2.720939999999999941e+02,2.283999999999999808e+00,1.799999999999999864e-02,nan,nan,nan,nan,4.620700000000000074e+01,8.990999999999999659e+01
1.512500000000000000e+02,8.934959999999999809e+02,-8.172000000000000597e+00,5.000000000000000104e-03,8.487999999999999545e+00,1.590000000000000024e-01,-7.565999999999999837e+00,2.419999999999999929e-01,7.568999999999999950e+00,2.718299999999999841e+02,2.290999999999999925e+00,1.590000000000000024e-01,nan,nan,nan,nan,4.620700000000000074e+01,8.990999999999999659e+01
1.516670000000000016e+02,8.900869999999999891e+02,-8.170999999999999375e+00,6.000000000000000125e-03,8.467999999999999972e+00,2.770000000000000240e-01,-8.507999999999999119e+00,2.419999999999999929e-01,8.510999999999999233e+00,2.716270000000000095e+02,2.225000000000000089e+00,2.770000000000000240e-01,nan,nan,nan,nan,4.620700000000000074e+01,8.990999999999999659e+01
1.520850000000000080e+02,8.866779999999999973e+02,-8.167999999999999261e+00,-2.362999999999999975e-04,8.435999999999999943e+00,8.300000000000000433e-02,-9.412000000000000810e+00,2.419999999999999929e-01,9.414999999999999147e+00,2.714700000000000273e+02,2.108999999999999986e+00,8.300000000000000433e-02,nan,nan,nan,nan,4.620700000000000074e+01,8.990999999999999659e+01
1.525020000000000095e+02,8.832699999999999818e+02,-8.167999999999999261e+00,8.000000000000000167e-03,8.445000000000000284e+00,3.049999999999999933e-01,-1.030000000000000071e+01,2.419999999999999929e-01,1.030199999999999960e+01,2.713430000000000177e+02,2.144000000000000128e+00,3.049999999999999933e-01,nan,nan,nan,nan,4.620700000000000074e+01,8.990999999999999659e+01
1.529190000000000111e+02,8.798640000000000327e+02,-8.164999999999999147e+00,7.418999999999999814e-04,8.410000000000000142e+00,2.059999999999999887e-01,-1.116699999999999982e+01,2.409999999999999920e-01,1.116999999999999993e+01,2.712389999999999759e+02,2.016999999999999904e+00,2.059999999999999887e-01,nan,nan,nan,nan,4.620700000000000074e+01,8.990999999999999659e+01
1.533360000000000127e+02,8.764589999999999463e+02,-8.164999999999999147e+00,2.000000000000000042e-03,8.390000000000000568e+00,1.600000000000000033e-01,-1.199099999999999966e+01,2.409999999999999920e-01,1.199300000000000033e+01,2.711530000000000200e+02,1.931000000000000050e+00,1.600000000000000033e-01,nan,nan,nan,nan,4.620700000000000074e+01,8.990999999999999659e+01
1.537529999999999859e+02,8.730539999999999736e+02,-8.163999999999999702e+00,2.000000000000000042e-03,8.374000000000000554e+00,3.000000000000000062e-03,-1.278200000000000003e+01,2.409999999999999920e-01,1.278400000000000070e+01,2.710819999999999936e+02,1.864000000000000101e+00,2.000000000000000042e-03,nan,nan,nan,nan,4.620700000000000074e+01,8.990999999999999659e+01
1.541699999999999875e+02,8.696509999999999536e+02,-8.163000000000000256e+00,5.000000000000000104e-03,8.372999999999999332e+00,1.559999999999999998e-01,-1.355899999999999928e+01,2.409999999999999920e-01,1.356099999999999994e+01,2.710199999999999818e+02,1.864000000000000101e+00,1.559999999999999998e-01,nan,nan,nan,nan,4.620700000000000074e+01,8.990999999999999659e+01
1.545869999999999891e+02,8.662490000000000236e+02,-8.160999999999999588e+00,1.499999999999999944e-02,8.385999999999999233e+00,5.030000000000000027e-01,-1.434900000000000020e+01,2.409999999999999920e-01,1.435100000000000087e+01,2.709630000000000223e+02,1.929000000000000048e+00,5.030000000000000027e-01,nan,nan,nan,nan,4.620700000000000074e+01,8.990999999999999659e+01
1.550029999999999859e+02,8.628500000000000227e+02,-8.154999999999999361e+00,7.000000000000000146e-03,8.429999999999999716e+00,5.659999999999999476e-01,-1.519699999999999918e+01,2.409999999999999920e-01,1.519899999999999984e+01,2.709089999999999918e+02,2.137999999999999901e+00,5.659999999999999476e-01,nan,nan,nan,nan,4.620700000000000074e+01,8.990999999999999659e+01
1.554199999999999875e+02,8.594510000000000218e+02,-8.151999999999999247e+00,-1.200000000000000025e-02,8.490999999999999659e+00,1.360000000000000098e-01,-1.613800000000000168e+01,2.409999999999999920e-01,1.613899999999999935e+01,2.708559999999999945e+02,2.375000000000000000e+00,1.350000000000000089e-01,nan,nan,nan,nan,4.620700000000000074e+01,8.990999999999999659e+01
1.558369999999999891e+02,8.560510000000000446e+02,-8.157000000000000028e+00,1.700000000000000122e-02,8.480000000000000426e+00,5.430000000000000382e-01,-1.711599999999999966e+01,2.409999999999999920e-01,1.711700000000000088e+01,2.708070000000000164e+02,2.318000000000000060e+00,5.430000000000000382e-01,nan,nan,nan,nan,4.620700000000000074e+01,8.990999999999999659e+01
1.562539999999999907e+02,8.526549999999999727e+02,-8.150000000000000355e+00,5.000000000000000104e-03,8.413999999999999702e+00,5.739999999999999547e-01,-1.803399999999999892e+01,2.409999999999999920e-01,1.803600000000000136e+01,2.707660000000000196e+02,2.092000000000000082e+00,5.739999999999999547e-01,nan,nan,nan,nan,4.620700000000000074e+01,8.990999999999999659e+01
1.566709999999999923e+02,8.492590000000000146e+02,-8.147999999999999687e+00,-8.999999999999999320e-03,8.355999999999999872e+00,2.939999999999999836e-01,-1.885600000000000165e+01,2.409999999999999920e-01,1.885800000000000054e+01,2.707320000000000277e+02,1.852999999999999980e+00,2.939999999999999836e-01,nan,nan,nan,nan,4.620700000000000074e+01,8.990999999999999659e+01
1.570869999999999891e+02,8.458630000000000564e+02,-8.150999999999999801e+00,9.532999999999999699e-05,8.387000000000000455e+00,1.549999999999999989e-01,-1.965399999999999991e+01,2.409999999999999920e-01,1.965500000000000114e+01,2.707019999999999982e+02,1.975000000000000089e+00,1.549999999999999989e-01,nan,nan,nan,nan,4.620700000000000074e+01,8.990999999999999659e+01
1.575869999999999891e+02,8.417870000000000346e+02,-8.150999999999999801e+00,6.000000000000000125e-03,8.406000000000000583e+00,2.670000000000000151e-01,-2.066100000000000136e+01,2.409999999999999920e-01,2.066199999999999903e+01,2.706680000000000064e+02,2.052000000000000046e+00,2.660000000000000142e-01,nan,nan,nan,nan,4.620700000000000074e+01,8.990999999999999659e+01
1.580029999999999859e+02,8.383949999999999818e+02,-8.148999999999999133e+00,5.000000000000000104e-03,8.430999999999999162e+00,3.220000000000000084e-01,-2.153800000000000026e+01,2.409999999999999920e-01,2.153900000000000148e+01,2.706410000000000196e+02,2.162999999999999812e+00,3.220000000000000084e-01,nan,nan,nan,nan,4.620700000000000074e+01,8.990999999999999659e+01
1.584199999999999875e+02,8.350040000000000191e+02,-8.147000000000000242e+00,6.126000000000000369e-04,8.396000000000000796e+00,2.280000000000000082e-01,-2.241100000000000136e+01,2.409999999999999920e-01,2.241199999999999903e+01,2.706159999999999854e+02,2.028999999999999915e+00,2.280000000000000082e-01,nan,nan,nan,nan,4.620700000000000074e+01,8.990999999999999659e+01
1.588360000000000127e+02,8.316130000000000564e+02,-8.146000000000000796e+00,7.854999999999999569e-04,8.372999999999999332e+00,5.399999999999999939e-02,-2.323499999999999943e+01,2.409999999999999920e-01,2.323699999999999832e+01,2.705939999999999941e+02,1.933999999999999941e+00,5.399999999999999939e-02,nan,nan,nan,nan,4.620700000000000074e+01,8.990999999999999659e+01
1.592520000000000095e+02,8.282240000000000464e+02,-8.146000000000000796e+00,8.000000000000000167e-03,8.378000000000000114e+00,2.979999999999999871e-01,-2.404500000000000171e+01,2.409999999999999920e-01,2.404599999999999937e+01,2.705740000000000123e+02,1.957000000000000073e+00,2.979999999999999871e-01,nan,nan,nan,nan,4.620700000000000074e+01,8.990999999999999659e+01
1.596680000000000064e+02,8.248360000000000127e+02,-8.143000000000000682e+00,-8.208000000000000018e-04,8.346999999999999531e+00,9.099999999999999756e-02,-2.483299999999999841e+01,2.409999999999999920e-01,2.483399999999999963e+01,2.705550000000000068e+02,1.832999999999999963e+00,9.099999999999999756e-02,nan,nan,nan,nan,4.620700000000000074e+01,8.990999999999999659e+01
1.600840000000000032e+02,8.214489999999999554e+02,-8.143000000000000682e+00,4.000000000000000083e-03,8.355000000000000426e+00,1.439999999999999891e-01,-2.560300000000000153e+01,2.409999999999999920e-01,2.560399999999999920e+01,2.705380000000000109e+02,1.870999999999999996e+00,1.439999999999999891e-01,nan,nan,nan,nan,4.620700000000000074e+01,8.990999999999999659e+01
1.605000000000000000e+02,8.180639999999999645e+02,-8.141999999999999460e+00,2.000000000000000042e-03,8.340999999999999304e+00,2.900000000000000147e-02,-2.636899999999999977e+01,2.409999999999999920e-01,2.637000000000000099e+01,2.705230000000000246e+02,1.810999999999999943e+00,2.900000000000000147e-02,nan,nan,nan,nan,4.620700000000000074e+01,8.990999999999999659e+01
1.609149999999999920e+02,8.146789999999999736e+02,-8.141000000000000014e+00,5.000000000000000104e-03,8.342000000000000526e+00,2.010000000000000120e-01,-2.712399999999999878e+01,2.409999999999999920e-01,2.712500000000000000e+01,2.705079999999999814e+02,1.822999999999999954e+00,2.010000000000000120e-01,nan,nan,nan,nan,4.620700000000000074e+01,8.990999999999999659e+01
1.613309999999999889e+02,8.112960000000000491e+02,-8.137999999999999901e+00,3.000000000000000062e-03,8.358999999999999986e+00,2.109999999999999931e-01,-2.789900000000000091e+01,2.399999999999999911e-01,2.789999999999999858e+01,2.704940000000000282e+02,1.905999999999999917e+00,2.109999999999999931e-01,nan,nan,nan,nan,4.620700000000000074e+01,8.990999999999999659e+01
1.617470000000000141e+02,8.079130000000000109e+02,-8.137000000000000455e+00,6.000000000000000125e-03,8.378000000000000114e+00,2.999999999999999889e-01,-2.870899999999999963e+01,2.399999999999999911e-01,2.871000000000000085e+01,2.704800000000000182e+02,1.993999999999999995e+00,2.999999999999999889e-01,nan,nan,nan,nan,4.620700000000000074e+01,8.990999999999999659e+01
1.621620000000000061e+02,8.045330000000000155e+02,-8.134999999999999787e+00,7.000000000000000146e-03,8.406000000000000583e+00,4.000000000000000222e-01,-2.956400000000000006e+01,2.399999999999999911e-01,2.956500000000000128e+01,2.704660000000000082e+02,2.119000000000000217e+00,4.000000000000000222e-01,nan,nan,nan,nan,4.620700000000000074e+01,8.990999999999999659e+01
1.625780000000000030e+02,8.011530000000000200e+02,-8.131999999999999673e+00,-5.000000000000000104e-03,8.362999999999999545e+00,1.600000000000000033e-02,-3.041000000000000014e+01,2.399999999999999911e-01,3.041100000000000136e+01,2.704529999999999745e+02,1.953000000000000069e+00,1.499999999999999944e-02,nan,nan,nan,nan,4.620700000000000074e+01,8.990999999999999659e+01
1.629929999999999950e+02,7.977730000000000246e+02,-8.134000000000000341e+00,3.000000000000000062e-03,8.364000000000000767e+00,4.000000000000000083e-03,-3.121999999999999886e+01,2.399999999999999911e-01,3.122100000000000009e+01,2.704409999999999741e+02,1.945999999999999952e+00,2.000000000000000042e-03,nan,nan,nan,nan,4.620700000000000074e+01,8.990999999999999659e+01
1.634089999999999918e+02,7.943949999999999818e+02,-8.132999999999999119e+00,7.000000000000000146e-03,8.362000000000000099e+00,2.829999999999999738e-01,-3.202799999999999869e+01,2.399999999999999911e-01,3.202900000000000347e+01,2.704300000000000068e+02,1.945000000000000062e+00,2.829999999999999738e-01,nan,nan,nan,nan,4.620700000000000074e+01,8.990999999999999659e+01
1.638240000000000123e+02,7.910190000000000055e+02,-8.130000000000000782e+00,6.285999999999999921e-04,8.333000000000000185e+00,1.700000000000000122e-01,-3.281099999999999994e+01,2.399999999999999911e-01,3.281199999999999761e+01,2.704189999999999827e+02,1.828000000000000069e+00,1.700000000000000122e-01,nan,nan,nan,nan,4.620700000000000074e+01,8.990999999999999659e+01
1.642390000000000043e+02,7.876430000000000291e+02,-8.128999999999999559e+00,3.000000000000000062e-03,8.317000000000000171e+00,1.469999999999999918e-01,-3.355599999999999739e+01,2.399999999999999911e-01,3.355700000000000216e+01,2.704100000000000250e+02,1.756999999999999895e+00,1.469999999999999918e-01,nan,nan,nan,nan,4.620700000000000074e+01,8.990999999999999659e+01
1.646539999999999964e+02,7.842690000000000055e+02,-8.128000000000000114e+00,4.000000000000000083e-03,8.329000000000000625e+00,1.920000000000000040e-01,-3.429800000000000182e+01,2.399999999999999911e-01,3.429899999999999949e+01,2.704010000000000105e+02,1.818000000000000060e+00,1.920000000000000040e-01,nan,nan,nan,nan,4.620700000000000074e+01,8.990999999999999659e+01
1.650689999999999884e+02,7.808959999999999582e+02,-8.125999999999999446e+00,2.000000000000000042e-03,8.345000000000000639e+00,1.479999999999999927e-01,-3.506900000000000261e+01,2.399999999999999911e-01,3.507000000000000028e+01,2.703919999999999959e+02,1.897999999999999909e+00,1.479999999999999927e-01,nan,nan,nan,nan,4.620700000000000074e+01,8.990999999999999659e+01
1.654840000000000089e+02,7.775230000000000246e+02,-8.125000000000000000e+00,2.000000000000000042e-03,8.358000000000000540e+00,8.000000000000000167e-03,-3.586899999999999977e+01,2.399999999999999911e-01,3.586999999999999744e+01,2.703829999999999814e+02,1.959000000000000075e+00,7.000000000000000146e-03,nan,nan,nan,nan,4.620700000000000074e+01,8.990999999999999659e+01
1.658990000000000009e+02,7.741520000000000437e+02,-8.125000000000000000e+00,5.000000000000000104e-03,8.356999999999999318e+00,1.890000000000000013e-01,-3.668099999999999739e+01,2.399999999999999911e-01,3.668200000000000216e+01,2.703750000000000000e+02,1.955999999999999961e+00,1.890000000000000013e-01,nan,nan,nan,nan,4.620700000000000074e+01,8.990999999999999659e+01
1.663139999999999930e+02,7.707820000000000391e+02,-8.121999999999999886e+00,3.000000000000000062e-03,8.372999999999999332e+00,1.970000000000000084e-01,-3.750900000000000034e+01,2.399999999999999911e-01,3.750999999999999801e+01,2.703659999999999854e+02,2.033999999999999808e+00,1.970000000000000084e-01,nan,nan,nan,nan,4.620700000000000074e+01,8.990999999999999659e+01
1.667290000000000134e+02,7.674139999999999873e+02,-8.121000000000000441e+00,6.000000000000000125e-03,8.352999999999999758e+00,3.119999999999999996e-01,-3.833599999999999852e+01,2.399999999999999911e-01,3.833700000000000330e+01,2.703589999999999804e+02,1.953000000000000069e+00,3.119999999999999996e-01,nan,nan,nan,nan,4.620700000000000074e+01,8.990999999999999659e+01
1.671440000000000055e+02,7.640460000000000491e+02,-8.118000000000000327e+00,-2.211000000000000075e-04,8.320999999999999730e+00,1.710000000000000131e-01,-3.911899999999999977e+01,2.399999999999999911e-01,3.911999999999999744e+01,2.703509999999999991e+02,1.822999999999999954e+00,1.710000000000000131e-01,nan,nan,nan,nan,4.620700000000000074e+01,8.990999999999999659e+01
1.675579999999999927e+02,7.606789999999999736e+02,-8.118999999999999773e+00,4.000000000000000083e-03,8.336999999999999744e+00,2.320000000000000118e-01,-3.989000000000000057e+01,2.399999999999999911e-01,3.989000000000000057e+01,2.703439999999999941e+02,1.893999999999999906e+00,2.320000000000000118e-01,nan,nan,nan,nan,4.620700000000000074e+01,8.990999999999999659e+01
1.679730000000000132e+02,7.573139999999999645e+02,-8.117000000000000881e+00,1.000000000000000021e-03,8.314000000000000057e+00,1.300000000000000044e-01,-4.065500000000000114e+01,2.399999999999999911e-01,4.065599999999999881e+01,2.703380000000000223e+02,1.798000000000000043e+00,1.300000000000000044e-01,nan,nan,nan,nan,4.620700000000000074e+01,8.990999999999999659e+01
1.683870000000000005e+02,7.539489999999999554e+02,-8.115999999999999659e+00,3.000000000000000062e-03,8.324999999999999289e+00,1.439999999999999891e-01,-4.141199999999999903e+01,2.399999999999999911e-01,4.141199999999999903e+01,2.703319999999999936e+02,1.852000000000000091e+00,1.439999999999999891e-01,nan,nan,nan,nan,4.620700000000000074e+01,8.990999999999999659e+01
1.688019999999999925e+02,7.505860000000000127e+02,-8.115000000000000213e+00,1.600000000000000033e-02,8.310000000000000497e+00,5.200000000000000178e-01,-4.216700000000000159e+01,2.399999999999999911e-01,4.216700000000000159e+01,2.703260000000000218e+02,1.792000000000000037e+00,5.200000000000000178e-01,nan,nan,nan,nan,4.620700000000000074e+01,8.990999999999999659e+01
1.692160000000000082e+02,7.472250000000000227e+02,-8.108000000000000540e+00,-1.000000000000000021e-02,8.352999999999999758e+00,1.340000000000000080e-01,-4.295400000000000063e+01,2.399999999999999911e-01,4.295499999999999829e+01,2.703199999999999932e+02,2.008000000000000007e+00,1.340000000000000080e-01,nan,nan,nan,nan,4.620700000000000074e+01,8.990999999999999659e+01
1.696310000000000002e+02,7.438619999999999663e+02,-8.112000000000000099e+00,2.000000000000000042e-03,8.343999999999999417e+00,2.000000000000000042e-02,-4.377499999999999858e+01,2.399999999999999911e-01,4.377499999999999858e+01,2.703140000000000214e+02,1.951999999999999957e+00,1.899999999999999953e-02,nan,nan,nan,nan,4.620700000000000074e+01,8.990999999999999659e+01
1.700449999999999875e+02,7.405019999999999527e+02,-8.111000000000000654e+00,3.000000000000000062e-03,8.340999999999999304e+00,5.000000000000000104e-03,-4.458200000000000074e+01,2.399999999999999911e-01,4.458200000000000074e+01,2.703079999999999927e+02,1.943999999999999950e+00,4.000000000000000083e-03,nan,nan,nan,nan,4.620700000000000074e+01,8.990999999999999659e+01
1.704590000000000032e+02,7.371430000000000291e+02,-8.109999999999999432e+00,4.000000000000000083e-03,8.339999999999999858e+00,1.590000000000000024e-01,-4.538700000000000045e+01,2.389999999999999902e-01,4.538799999999999812e+01,2.703020000000000209e+02,1.945999999999999952e+00,1.590000000000000024e-01,nan,nan,nan,nan,4.620700000000000074e+01,8.990999999999999659e+01
1.708729999999999905e+02,7.337859999999999445e+02,-8.108000000000000540e+00,4.000000000000000083e-03,8.353999999999999204e+00,2.210000000000000020e-01,-4.620700000000000074e+01,2.389999999999999902e-01,4.620700000000000074e+01,2.702970000000000255e+02,2.011000000000000121e+00,2.210000000000000020e-01,nan,nan,nan,nan,4.620700000000000074e+01,8.990999999999999659e+01
1.712870000000000061e+02,7.304289999999999736e+02,-8.105999999999999872e+00,8.721000000000000019e-04,8.330000000000000071e+00,5.800000000000000294e-02,-4.702000000000000313e+01,2.389999999999999902e-01,4.702100000000000080e+01,2.702919999999999732e+02,1.919999999999999929e+00,5.800000000000000294e-02,nan,nan,nan,nan,4.620700000000000074e+01,8.990999999999999659e+01
1.717009999999999934e+02,7.270729999999999791e+02,-8.105999999999999872e+00,3.000000000000000062e-03,8.324999999999999289e+00,2.500000000000000139e-02,-4.781000000000000227e+01,2.389999999999999902e-01,4.781099999999999994e+01,2.702869999999999777e+02,1.895999999999999908e+00,2.400000000000000050e-02,nan,nan,nan,nan,4.620700000000000074e+01,8.990999999999999659e+01
1.721150000000000091e+02,7.237190000000000509e+02,-8.105000000000000426e+00,4.000000000000000083e-03,8.326000000000000512e+00,8.500000000000000611e-02,-4.859700000000000131e+01,2.389999999999999902e-01,4.859799999999999898e+01,2.702819999999999823e+02,1.905999999999999917e+00,8.500000000000000611e-02,nan,nan,nan,nan,4.620700000000000074e+01,8.990999999999999659e+01
1.725289999999999964e+02,7.203650000000000091e+02,-8.102999999999999758e+00,1.299999999999999940e-02,8.332000000000000739e+00,4.450000000000000067e-01,-4.939300000000000068e+01,2.389999999999999902e-01,4.939399999999999835e+01,2.702780000000000200e+02,1.941000000000000059e+00,4.450000000000000067e-01,nan,nan,nan,nan,4.620700000000000074e+01,8.990999999999999659e+01
1.729430000000000121e+02,7.170140000000000100e+02,-8.098000000000000753e+00,-5.000000000000000104e-03,8.371999999999999886e+00,2.049999999999999878e-01,-5.023499999999999943e+01,2.389999999999999902e-01,5.023499999999999943e+01,2.702730000000000246e+02,2.125999999999999890e+00,2.049999999999999878e-01,nan,nan,nan,nan,4.620700000000000074e+01,8.990999999999999659e+01
1.733569999999999993e+02,7.136620000000000346e+02,-8.099999999999999645e+00,2.000000000000000042e-03,8.352999999999999758e+00,1.519999999999999962e-01,-5.109700000000000131e+01,2.389999999999999902e-01,5.109700000000000131e+01,2.702679999999999723e+02,2.040999999999999925e+00,1.519999999999999962e-01,nan,nan,nan,nan,4.620700000000000074e+01,8.990999999999999659e+01
1.737700000000000102e+02,7.103120000000000118e+02,-8.099000000000000199e+00,2.000000000000000042e-03,8.368000000000000327e+00,2.400000000000000050e-02,-5.195400000000000063e+01,2.389999999999999902e-01,5.195400000000000063e+01,2.702640000000000100e+02,2.104000000000000092e+00,2.400000000000000050e-02,nan,nan,nan,nan,4.620700000000000074e+01,8.990999999999999659e+01
1.741839999999999975e+02,7.069629999999999654e+02,-8.098000000000000753e+00,3.000000000000000062e-03,8.364000000000000767e+00,1.200000000000000025e-02,-5.282200000000000273e+01,2.389999999999999902e-01,5.282200000000000273e+01,2.702590000000000146e+02,2.093999999999999861e+00,1.200000000000000025e-02,nan,nan,nan,nan,4.620700000000000074e+01,8.990999999999999659e+01
1.745970000000000084e+02,7.036150000000000091e+02,-8.096999999999999531e+00,6.000000000000000125e-03,8.364000000000000767e+00,2.290000000000000091e-01,-5.368900000000000006e+01,2.389999999999999902e-01,5.368900000000000006e+01,2.702549999999999955e+02,2.099000000000000199e+00,2.290000000000000091e-01,nan,nan,nan,nan,4.620700000000000074e+01,8.990999999999999659e+01
1.750109999999999957e+02,7.002680000000000291e+02,-8.093999999999999417e+00,2.000000000000000042e-03,8.385999999999999233e+00,1.809999999999999942e-01,-5.457600000000000051e+01,2.389999999999999902e-01,5.457600000000000051e+01,2.702509999999999764e+02,2.193000000000000060e+00,1.809999999999999942e-01,nan,nan,nan,nan,4.620700000000000074e+01,8.990999999999999659e+01
1.754240000000000066e+02,6.969220000000000255e+02,-8.092999999999999972e+00,2.000000000000000042e-03,8.365999999999999659e+00,2.000000000000000042e-03,-5.546699999999999875e+01,2.389999999999999902e-01,5.546699999999999875e+01,2.702470000000000141e+02,2.119000000000000217e+00,2.505000000000000174e-04,nan,nan,nan,nan,4.620700000000000074e+01,8.990999999999999659e+01
1.758369999999999891e+02,6.935769999999999982e+02,-8.092999999999999972e+00,7.000000000000000146e-03,8.365000000000000213e+00,2.560000000000000053e-01,-5.634300000000000352e+01,2.389999999999999902e-01,5.634300000000000352e+01,2.702429999999999950e+02,2.119000000000000217e+00,2.560000000000000053e-01,nan,nan,nan,nan,4.620700000000000074e+01,8.990999999999999659e+01
1.762500000000000000e+02,6.902340000000000373e+02,-8.089999999999999858e+00,7.000000000000000146e-03,8.390000000000000568e+00,3.679999999999999938e-01,-5.724000000000000199e+01,2.389999999999999902e-01,5.724000000000000199e+01,2.702389999999999759e+02,2.224000000000000199e+00,3.679999999999999938e-01,nan,nan,nan,nan,4.620700000000000074e+01,8.990999999999999659e+01
1.766639999999999873e+02,6.868920000000000528e+02,-8.086999999999999744e+00,4.624000000000000180e-04,8.349000000000000199e+00,2.869999999999999774e-01,-5.812700000000000244e+01,2.389999999999999902e-01,5.812800000000000011e+01,2.702350000000000136e+02,2.072000000000000064e+00,2.869999999999999774e-01,nan,nan,nan,nan,4.620700000000000074e+01,8.990999999999999659e+01
1.770769999999999982e+02,6.835499999999999545e+02,-8.086999999999999744e+00,-7.188999999999999644e-04,8.320000000000000284e+00,7.900000000000000078e-02,-5.895900000000000318e+01,2.389999999999999902e-01,5.896000000000000085e+01,2.702320000000000277e+02,1.953000000000000069e+00,7.900000000000000078e-02,nan,nan,nan,nan,4.620700000000000074e+01,8.990999999999999659e+01
1.774900000000000091e+02,6.802089999999999463e+02,-8.086999999999999744e+00,1.099999999999999936e-02,8.327999999999999403e+00,4.109999999999999765e-01,-5.977300000000000324e+01,2.389999999999999902e-01,5.977300000000000324e+01,2.702289999999999850e+02,1.985999999999999988e+00,4.109999999999999765e-01,nan,nan,nan,nan,4.620700000000000074e+01,8.990999999999999659e+01
1.779029999999999916e+02,6.768709999999999809e+02,-8.083000000000000185e+00,1.000000000000000021e-03,8.365000000000000213e+00,3.619999999999999885e-01,-6.062800000000000011e+01,2.389999999999999902e-01,6.062800000000000011e+01,2.702250000000000227e+02,2.156000000000000139e+00,3.619999999999999885e-01,nan,nan,nan,nan,4.620700000000000074e+01,8.990999999999999659e+01
1.783160000000000025e+02,6.735320000000000391e+02,-8.082000000000000739e+00,-3.000000000000000062e-03,8.327999999999999403e+00,4.700000000000000011e-02,-6.148799999999999955e+01,2.389999999999999902e-01,6.148799999999999955e+01,2.702219999999999800e+02,2.005999999999999783e+00,4.700000000000000011e-02,nan,nan,nan,nan,4.620700000000000074e+01,8.990999999999999659e+01
1.787290000000000134e+02,6.701950000000000500e+02,-8.083999999999999631e+00,3.000000000000000062e-03,8.323999999999999844e+00,1.000000000000000021e-02,-6.231199999999999761e+01,2.379999999999999893e-01,6.231300000000000239e+01,2.702189999999999941e+02,1.987000000000000099e+00,1.000000000000000021e-02,nan,nan,nan,nan,4.620700000000000074e+01,8.990999999999999659e+01
1.791419999999999959e+02,6.668579999999999472e+02,-8.082000000000000739e+00,3.000000000000000062e-03,8.321999999999999176e+00,1.200000000000000025e-02,-6.313100000000000023e+01,2.379999999999999893e-01,6.313199999999999790e+01,2.702160000000000082e+02,1.983000000000000096e+00,1.200000000000000025e-02,nan,nan,nan,nan,4.620700000000000074e+01,8.990999999999999659e+01
1.795540000000000020e+02,6.635230000000000246e+02,-8.080999999999999517e+00,8.000000000000000167e-03,8.320000000000000284e+00,3.079999999999999960e-01,-6.394899999999999807e+01,2.379999999999999893e-01,6.394899999999999807e+01,2.702139999999999986e+02,1.977999999999999980e+00,3.079999999999999960e-01,nan,nan,nan,nan,4.620700000000000074e+01,8.990999999999999659e+01
1.799670000000000130e+02,6.601900000000000546e+02,-8.077999999999999403e+00,-2.000000000000000042e-03,8.287000000000000810e+00,1.499999999999999944e-02,-6.473900000000000432e+01,2.379999999999999893e-01,6.473900000000000432e+01,2.702110000000000127e+02,1.850999999999999979e+00,1.499999999999999944e-02,nan,nan,nan,nan,4.620700000000000074e+01,8.990999999999999659e+01
1.803789999999999907e+02,6.568569999999999709e+02,-8.077999999999999403e+00,3.000000000000000062e-03,8.288999999999999702e+00,5.099999999999999672e-02,-6.550400000000000489e+01,2.379999999999999893e-01,6.550499999999999545e+01,2.702080000000000268e+02,1.858000000000000096e+00,5.099999999999999672e-02,nan,nan,nan,nan,4.620700000000000074e+01,8.990999999999999659e+01
1.807920000000000016e+02,6.535249999999999773e+02,-8.076999999999999957e+00,3.000000000000000062e-03,8.282999999999999474e+00,5.399999999999999939e-02,-6.626600000000000534e+01,2.379999999999999893e-01,6.626600000000000534e+01,2.702060000000000173e+02,1.836000000000000076e+00,5.399999999999999939e-02,nan,nan,nan,nan,4.620700000000000074e+01,8.990999999999999659e+01
1.812040000000000077e+02,6.501939999999999600e+02,-8.076000000000000512e+00,3.000000000000000062e-03,8.287000000000000810e+00,9.500000000000000111e-02,-6.702800000000000580e+01,2.379999999999999893e-01,6.702800000000000580e+01,2.702040000000000077e+02,1.858999999999999986e+00,9.500000000000000111e-02,nan,nan,nan,nan,4.620700000000000074e+01,8.990999999999999659e+01
1.816169999999999902e+02,6.468650000000000091e+02,-8.073999999999999844e+00,6.000000000000000125e-03,8.294000000000000483e+00,2.620000000000000107e-01,-6.780200000000000671e+01,2.379999999999999893e-01,6.780299999999999727e+01,2.702010000000000218e+02,1.897999999999999909e+00,2.620000000000000107e-01,nan,nan,nan,nan,4.620700000000000074e+01,8.990999999999999659e+01
1.820289999999999964e+02,6.435359999999999445e+02,-8.071999999999999176e+00,7.000000000000000146e-03,8.317000000000000171e+00,3.729999999999999982e-01,-6.860699999999999932e+01,2.379999999999999893e-01,6.860699999999999932e+01,2.701990000000000123e+02,2.005999999999999783e+00,3.729999999999999982e-01,nan,nan,nan,nan,4.620700000000000074e+01,8.990999999999999659e+01
1.824410000000000025e+02,6.402089999999999463e+02,-8.069000000000000838e+00,-2.000000000000000042e-03,8.352999999999999758e+00,1.910000000000000031e-01,-6.946599999999999397e+01,2.379999999999999893e-01,6.946599999999999397e+01,2.701960000000000264e+02,2.158999999999999808e+00,1.910000000000000031e-01,nan,nan,nan,nan,4.620700000000000074e+01,8.990999999999999659e+01
1.828530000000000086e+02,6.368819999999999482e+02,-8.070000000000000284e+00,7.000000000000000146e-03,8.375000000000000000e+00,3.240000000000000102e-01,-7.037199999999999989e+01,2.379999999999999893e-01,7.037199999999999989e+01,2.701940000000000168e+02,2.237999999999999989e+00,3.240000000000000102e-01,nan,nan,nan,nan,4.620700000000000074e+01,8.990999999999999659e+01
1.832659999999999911e+02,6.335570000000000164e+02,-8.067000000000000171e+00,-2.000000000000000042e-03,8.336999999999999744e+00,8.699999999999999400e-02,-7.126699999999999591e+01,2.379999999999999893e-01,7.126699999999999591e+01,2.701909999999999741e+02,2.104999999999999982e+00,8.699999999999999400e-02,nan,nan,nan,nan,4.620700000000000074e+01,8.990999999999999659e+01
1.836779999999999973e+02,6.302319999999999709e+02,-8.067999999999999616e+00,5.000000000000000104e-03,8.346999999999999531e+00,2.260000000000000064e-01,-7.214199999999999591e+01,2.379999999999999893e-01,7.214199999999999591e+01,2.701890000000000214e+02,2.141000000000000014e+00,2.260000000000000064e-01,nan,nan,nan,nan,4.620700000000000074e+01,8.990999999999999659e+01
1.840900000000000034e+02,6.269089999999999918e+02,-8.066000000000000725e+00,2.000000000000000042e-03,8.368999999999999773e+00,1.759999999999999898e-01,-7.304300000000000637e+01,2.379999999999999893e-01,7.304300000000000637e+01,2.701870000000000118e+02,2.233999999999999986e+00,1.759999999999999898e-01,nan,nan,nan,nan,4.620700000000000074e+01,8.990999999999999659e+01
1.845020000000000095e+02,6.235869999999999891e+02,-8.064999999999999503e+00,2.000000000000000042e-03,8.387999999999999901e+00,7.900000000000000078e-02,-7.397799999999999443e+01,2.379999999999999893e-01,7.397799999999999443e+01,2.701840000000000259e+02,2.306000000000000050e+00,7.900000000000000078e-02,nan,nan,nan,nan,4.620700000000000074e+01,8.990999999999999659e+01
1.849130000000000109e+02,6.202659999999999627e+02,-8.064000000000000057e+00,1.499999999999999944e-02,8.396000000000000796e+00,4.959999999999999964e-01,-7.493500000000000227e+01,2.379999999999999893e-01,7.493500000000000227e+01,2.701820000000000164e+02,2.338999999999999968e+00,4.959999999999999964e-01,nan,nan,nan,nan,4.620700000000000074e+01,8.990999999999999659e+01
1.853249999999999886e+02,6.169460000000000264e+02,-8.057999999999999829e+00,-8.999999999999999320e-03,8.336000000000000298e+00,1.120000000000000023e-01,-7.585500000000000398e+01,2.379999999999999893e-01,7.585599999999999454e+01,2.701800000000000068e+02,2.134999999999999787e+00,1.110000000000000014e-01,nan,nan,nan,nan,4.620700000000000074e+01,8.990999999999999659e+01
1.857369999999999948e+02,6.136259999999999764e+02,-8.061999999999999389e+00,5.000000000000000104e-03,8.327999999999999403e+00,2.099999999999999922e-01,-7.672499999999999432e+01,2.379999999999999893e-01,7.672599999999999909e+01,2.701770000000000209e+02,2.088999999999999968e+00,2.099999999999999922e-01,nan,nan,nan,nan,4.620700000000000074e+01,8.990999999999999659e+01
1.861490000000000009e+02,6.103089999999999691e+02,-8.060000000000000497e+00,2.000000000000000042e-03,8.304999999999999716e+00,1.140000000000000041e-01,-7.756699999999999307e+01,2.379999999999999893e-01,7.756799999999999784e+01,2.701759999999999877e+02,2.001999999999999780e+00,1.140000000000000041e-01,nan,nan,nan,nan,4.620700000000000074e+01,8.990999999999999659e+01
1.865600000000000023e+02,6.069909999999999854e+02,-8.058999999999999275e+00,3.000000000000000062e-03,8.314999999999999503e+00,1.300000000000000044e-01,-7.840099999999999625e+01,2.379999999999999893e-01,7.840099999999999625e+01,2.701739999999999782e+02,2.048999999999999932e+00,1.300000000000000044e-01,nan,nan,nan,nan,4.620700000000000074e+01,8.990999999999999659e+01
1.869720000000000084e+02,6.036760000000000446e+02,-8.057999999999999829e+00,1.000000000000000021e-02,8.301000000000000156e+00,4.010000000000000231e-01,-7.923300000000000409e+01,2.379999999999999893e-01,7.923300000000000409e+01,2.701720000000000255e+02,1.995000000000000107e+00,4.000000000000000222e-01,nan,nan,nan,nan,4.620700000000000074e+01,8.990999999999999659e+01
1.873830000000000098e+02,6.003609999999999900e+02,-8.053000000000000824e+00,-4.000000000000000083e-03,8.259000000000000341e+00,1.690000000000000113e-01,-8.001999999999999602e+01,2.369999999999999885e-01,8.001999999999999602e+01,2.701700000000000159e+02,1.830999999999999961e+00,1.690000000000000113e-01,nan,nan,nan,nan,4.620700000000000074e+01,8.990999999999999659e+01
1.877949999999999875e+02,5.970470000000000255e+02,-8.054999999999999716e+00,3.000000000000000062e-03,8.275999999999999801e+00,1.519999999999999962e-01,-8.078799999999999670e+01,2.369999999999999885e-01,8.078799999999999670e+01,2.701680000000000064e+02,1.899999999999999911e+00,1.519999999999999962e-01,nan,nan,nan,nan,4.620700000000000074e+01,8.990999999999999659e+01
1.882059999999999889e+02,5.937340000000000373e+02,-8.054000000000000270e+00,2.000000000000000042e-03,8.260999999999999233e+00,5.800000000000000294e-02,-8.155599999999999739e+01,2.369999999999999885e-01,8.155700000000000216e+01,2.701669999999999732e+02,1.836999999999999966e+00,5.800000000000000294e-02,nan,nan,nan,nan,4.620700000000000074e+01,8.990999999999999659e+01
1.886169999999999902e+02,5.904220000000000255e+02,-8.053000000000000824e+00,4.000000000000000083e-03,8.265000000000000568e+00,1.390000000000000124e-01,-8.231699999999999307e+01,2.369999999999999885e-01,8.231699999999999307e+01,2.701650000000000205e+02,1.860999999999999988e+00,1.390000000000000124e-01,nan,nan,nan,nan,4.620700000000000074e+01,8.990999999999999659e+01
1.890279999999999916e+02,5.871119999999999663e+02,-8.051000000000000156e+00,2.000000000000000042e-03,8.276999999999999247e+00,8.999999999999999320e-03,-8.309399999999999409e+01,2.369999999999999885e-01,8.309399999999999409e+01,2.701639999999999873e+02,1.919000000000000039e+00,8.999999999999999320e-03,nan,nan,nan,nan,4.620700000000000074e+01,8.990999999999999659e+01
1.894389999999999930e+02,5.838020000000000209e+02,-8.050000000000000711e+00,4.000000000000000083e-03,8.276999999999999247e+00,1.260000000000000009e-01,-8.388299999999999557e+01,2.369999999999999885e-01,8.388400000000000034e+01,2.701619999999999777e+02,1.921999999999999931e+00,1.260000000000000009e-01,nan,nan,nan,nan,4.620700000000000074e+01,8.990999999999999659e+01
1.898499999999999943e+02,5.804940000000000282e+02,-8.048999999999999488e+00,4.000000000000000083e-03,8.262999999999999901e+00,1.839999999999999969e-01,-8.466299999999999670e+01,2.369999999999999885e-01,8.466299999999999670e+01,2.701610000000000014e+02,1.870999999999999996e+00,1.839999999999999969e-01,nan,nan,nan,nan,4.620700000000000074e+01,8.990999999999999659e+01
1.902609999999999957e+02,5.771860000000000355e+02,-8.047000000000000597e+00,3.000000000000000062e-03,8.278999999999999915e+00,1.529999999999999971e-01,-8.544700000000000273e+01,2.369999999999999885e-01,8.544799999999999329e+01,2.701589999999999918e+02,1.945999999999999952e+00,1.529999999999999971e-01,nan,nan,nan,nan,4.620700000000000074e+01,8.990999999999999659e+01
1.906719999999999970e+02,5.738799999999999955e+02,-8.045999999999999375e+00,2.000000000000000042e-03,8.292999999999999261e+00,6.400000000000000133e-02,-8.626000000000000512e+01,2.369999999999999885e-01,8.626000000000000512e+01,2.701569999999999823e+02,2.008999999999999897e+00,6.400000000000000133e-02,nan,nan,nan,nan,4.620700000000000074e+01,8.990999999999999659e+01
1.910829999999999984e+02,5.705739999999999554e+02,-8.044999999999999929e+00,5.000000000000000104e-03,8.285999999999999588e+00,1.970000000000000084e-01,-8.707999999999999829e+01,2.369999999999999885e-01,8.707999999999999829e+01,2.701560000000000059e+02,1.983000000000000096e+00,1.970000000000000084e-01,nan,nan,nan,nan,4.620700000000000074e+01,8.990999999999999659e+01
1.914939999999999998e+02,5.672699999999999818e+02,-8.042999999999999261e+00,4.000000000000000083e-03,8.304000000000000270e+00,2.429999999999999938e-01,-8.791100000000000136e+01,2.369999999999999885e-01,8.791100000000000136e+01,2.701539999999999964e+02,2.064000000000000057e+00,2.429999999999999938e-01,nan,nan,nan,nan,4.620700000000000074e+01,8.990999999999999659e+01
1.919050000000000011e+02,5.639669999999999845e+02,-8.041999999999999815e+00,2.000000000000000042e-03,8.278000000000000469e+00,2.039999999999999869e-01,-8.873799999999999955e+01,2.369999999999999885e-01,8.873799999999999955e+01,2.701530000000000200e+02,1.963999999999999968e+00,2.039999999999999869e-01,nan,nan,nan,nan,4.620700000000000074e+01,8.990999999999999659e+01
1.923149999999999977e+02,5.606639999999999873e+02,-8.041000000000000369e+00,5.000000000000000104e-03,8.297000000000000597e+00,2.979999999999999871e-01,-8.956199999999999761e+01,2.369999999999999885e-01,8.956199999999999761e+01,2.701519999999999868e+02,2.048000000000000043e+00,2.979999999999999871e-01,nan,nan,nan,nan,4.620700000000000074e+01,8.990999999999999659e+01
1.927259999999999991e+02,5.573630000000000564e+02,-8.038000000000000256e+00,-3.891000000000000253e-04,8.326000000000000512e+00,1.469999999999999918e-01,-9.042799999999999727e+01,2.369999999999999885e-01,9.042799999999999727e+01,2.701499999999999773e+02,2.169999999999999929e+00,1.469999999999999918e-01,nan,nan,nan,nan,4.620700000000000074e+01,8.990999999999999659e+01
1.931370000000000005e+02,5.540629999999999882e+02,-8.038999999999999702e+00,2.299999999999999961e-02,8.310999999999999943e+00,6.510000000000000231e-01,-9.130599999999999739e+01,2.369999999999999885e-01,9.130599999999999739e+01,2.701490000000000009e+02,2.109999999999999876e+00,6.500000000000000222e-01,nan,nan,nan,nan,4.620700000000000074e+01,8.990999999999999659e+01
1.935469999999999970e+02,5.507649999999999864e+02,-8.028999999999999915e+00,-1.200000000000000025e-02,8.237999999999999545e+00,3.469999999999999751e-01,-9.211700000000000443e+01,2.369999999999999885e-01,9.211799999999999500e+01,2.701469999999999914e+02,1.842999999999999972e+00,3.469999999999999751e-01,nan,nan,nan,nan,4.620700000000000074e+01,8.990999999999999659e+01
1.939579999999999984e+02,5.474660000000000082e+02,-8.034000000000000696e+00,5.000000000000000104e-03,8.275999999999999801e+00,4.040000000000000258e-01,-9.290399999999999636e+01,2.369999999999999885e-01,9.290399999999999636e+01,2.701460000000000150e+02,1.985000000000000098e+00,4.040000000000000258e-01,nan,nan,nan,nan,4.620700000000000074e+01,8.990999999999999659e+01
1.943679999999999950e+02,5.441689999999999827e+02,-8.032000000000000028e+00,-3.000000000000000062e-03,8.314999999999999503e+00,1.980000000000000093e-01,-9.375199999999999534e+01,2.369999999999999885e-01,9.375300000000000011e+01,2.701449999999999818e+02,2.150999999999999801e+00,1.980000000000000093e-01,nan,nan,nan,nan,4.620700000000000074e+01,8.990999999999999659e+01
1.947789999999999964e+02,5.408719999999999573e+02,-8.032999999999999474e+00,5.000000000000000104e-03,8.294999999999999929e+00,2.690000000000000169e-01,-9.461799999999999500e+01,2.369999999999999885e-01,9.461899999999999977e+01,2.701429999999999723e+02,2.069999999999999840e+00,2.690000000000000169e-01,nan,nan,nan,nan,4.620700000000000074e+01,8.990999999999999659e+01
1.951889999999999930e+02,5.375769999999999982e+02,-8.031000000000000583e+00,-2.644999999999999782e-04,8.266999999999999460e+00,8.400000000000000522e-02,-9.544499999999999318e+01,2.369999999999999885e-01,9.544499999999999318e+01,2.701419999999999959e+02,1.959000000000000075e+00,8.400000000000000522e-02,nan,nan,nan,nan,4.620700000000000074e+01,8.990999999999999659e+01
1.955989999999999895e+02,5.342830000000000155e+02,-8.031000000000000583e+00,7.000000000000000146e-03,8.275000000000000355e+00,3.019999999999999907e-01,-9.625600000000000023e+01,2.369999999999999885e-01,9.625600000000000023e+01,2.701410000000000196e+02,1.993999999999999995e+00,3.019999999999999907e-01,nan,nan,nan,nan,4.620700000000000074e+01,8.990999999999999659e+01
1.960089999999999861e+02,5.309900000000000091e+02,-8.028000000000000469e+00,1.000000000000000021e-03,8.303000000000000824e+00,2.330000000000000127e-01,-9.709900000000000375e+01,2.359999999999999876e-01,9.709900000000000375e+01,2.701399999999999864e+02,2.117999999999999883e+00,2.330000000000000127e-01,nan,nan,nan,nan,4.620700000000000074e+01,8.990999999999999659e+01
1.964190000000000111e+02,5.276979999999999791e+02,-8.028000000000000469e+00,3.537999999999999804e-04,8.326999999999999957e+00,4.000000000000000083e-02,-9.798699999999999477e+01,2.359999999999999876e-01,9.798699999999999477e+01,2.701379999999999768e+02,2.213000000000000078e+00,4.000000000000000083e-02,nan,nan,nan,nan,4.620700000000000074e+01,8.990999999999999659e+01
1.968290000000000077e+02,5.244070000000000391e+02,-8.028000000000000469e+00,6.000000000000000125e-03,8.332000000000000739e+00,2.429999999999999938e-01,-9.889700000000000557e+01,2.359999999999999876e-01,9.889700000000000557e+01,2.701370000000000005e+02,2.229999999999999982e+00,2.429999999999999938e-01,nan,nan,nan,nan,4.620700000000000074e+01,8.990999999999999659e+01
1.972390000000000043e+02,5.211169999999999618e+02,-8.025000000000000355e+00,1.299999999999999940e-02,8.355999999999999872e+00,5.060000000000000053e-01,-9.983100000000000307e+01,2.359999999999999876e-01,9.983199999999999363e+01,2.701360000000000241e+02,2.329000000000000181e+00,5.060000000000000053e-01,nan,nan,nan,nan,4.620700000000000074e+01,8.990999999999999659e+01
1.976490000000000009e+02,5.178289999999999509e+02,-8.019999999999999574e+00,-8.999999999999999320e-03,8.295999999999999375e+00,1.549999999999999989e-01,-1.007439999999999998e+02,2.359999999999999876e-01,1.007439999999999998e+02,2.701340000000000146e+02,2.121999999999999886e+00,1.539999999999999980e-01,nan,nan,nan,nan,4.620700000000000074e+01,8.990999999999999659e+01
1.980589999999999975e+02,5.145399999999999636e+02,-8.022999999999999687e+00,4.000000000000000083e-03,8.282999999999999474e+00,2.059999999999999887e-01,-1.016009999999999991e+02,2.359999999999999876e-01,1.016009999999999991e+02,2.701329999999999814e+02,2.059000000000000163e+00,2.059999999999999887e-01,nan,nan,nan,nan,4.620700000000000074e+01,8.990999999999999659e+01
1.984689999999999941e+02,5.112529999999999859e+02,-8.022000000000000242e+00,1.000000000000000021e-03,8.260999999999999233e+00,1.069999999999999979e-01,-1.024270000000000067e+02,2.359999999999999876e-01,1.024270000000000067e+02,2.701320000000000050e+02,1.973999999999999977e+00,1.069999999999999979e-01,nan,nan,nan,nan,4.620700000000000074e+01,8.990999999999999659e+01
1.988779999999999859e+02,5.079669999999999845e+02,-8.021000000000000796e+00,3.000000000000000062e-03,8.271000000000000796e+00,9.500000000000000111e-02,-1.032439999999999998e+02,2.359999999999999876e-01,1.032450000000000045e+02,2.701309999999999718e+02,2.017999999999999794e+00,9.500000000000000111e-02,nan,nan,nan,nan,4.620700000000000074e+01,8.990999999999999659e+01
1.992880000000000109e+02,5.046829999999999927e+02,-8.019999999999999574e+00,3.000000000000000062e-03,8.279999999999999361e+00,8.599999999999999312e-02,-1.040789999999999935e+02,2.359999999999999876e-01,1.040789999999999935e+02,2.701299999999999955e+02,2.056999999999999940e+00,8.599999999999999312e-02,nan,nan,nan,nan,4.620700000000000074e+01,8.990999999999999659e+01
1.996970000000000027e+02,5.013990000000000009e+02,-8.019000000000000128e+00,6.000000000000000125e-03,8.269999999999999574e+00,2.620000000000000107e-01,-1.049140000000000015e+02,2.359999999999999876e-01,1.049140000000000015e+02,2.701290000000000191e+02,2.021999999999999797e+00,2.620000000000000107e-01,nan,nan,nan,nan,4.620700000000000074e+01,8.990999999999999659e+01
2.001069999999999993e+02,4.981159999999999854e+02,-8.016000000000000014e+00,-2.957999999999999800e-04,8.294000000000000483e+00,4.200000000000000261e-02,-1.057630000000000052e+02,2.359999999999999876e-01,1.057639999999999958e+02,2.701279999999999859e+02,2.129000000000000004e+00,4.200000000000000261e-02,nan,nan,nan,nan,4.620700000000000074e+01,8.990999999999999659e+01
2.005159999999999911e+02,4.948340000000000032e+02,-8.016000000000000014e+00,4.000000000000000083e-03,8.298999999999999488e+00,9.299999999999999933e-02,-1.066389999999999958e+02,2.359999999999999876e-01,1.066389999999999958e+02,2.701270000000000095e+02,2.145999999999999908e+00,9.299999999999999933e-02,nan,nan,nan,nan,4.620700000000000074e+01,8.990999999999999659e+01
2.009250000000000114e+02,4.915529999999999973e+02,-8.015000000000000568e+00,3.000000000000000062e-03,8.307000000000000384e+00,1.199999999999999956e-01,-1.075250000000000057e+02,2.359999999999999876e-01,1.075250000000000057e+02,2.701259999999999764e+02,2.184000000000000163e+00,1.199999999999999956e-01,nan,nan,nan,nan,4.620700000000000074e+01,8.990999999999999659e+01
2.013350000000000080e+02,4.882740000000000009e+02,-8.013999999999999346e+00,4.000000000000000083e-03,8.319000000000000838e+00,1.779999999999999916e-01,-1.084279999999999973e+02,2.359999999999999876e-01,1.084290000000000020e+02,2.701250000000000000e+02,2.233000000000000096e+00,1.779999999999999916e-01,nan,nan,nan,nan,4.620700000000000074e+01,8.990999999999999659e+01
2.017439999999999998e+02,4.849950000000000045e+02,-8.012000000000000455e+00,7.000000000000000146e-03,8.298000000000000043e+00,3.300000000000000155e-01,-1.093269999999999982e+02,2.359999999999999876e-01,1.093269999999999982e+02,2.701240000000000236e+02,2.160000000000000142e+00,3.300000000000000155e-01,nan,nan,nan,nan,4.620700000000000074e+01,8.990999999999999659e+01
2.021529999999999916e+02,4.817180000000000177e+02,-8.009000000000000341e+00,-2.000000000000000042e-03,8.260999999999999233e+00,1.000000000000000021e-02,-1.101830000000000069e+02,2.359999999999999876e-01,1.101839999999999975e+02,2.701229999999999905e+02,2.024999999999999911e+00,1.000000000000000021e-02,nan,nan,nan,nan,4.620700000000000074e+01,8.990999999999999659e+01
2.025620000000000118e+02,4.784409999999999741e+02,-8.009999999999999787e+00,3.000000000000000062e-03,8.260999999999999233e+00,2.800000000000000058e-02,-1.110109999999999957e+02,2.359999999999999876e-01,1.110109999999999957e+02,2.701220000000000141e+02,2.020999999999999908e+00,2.800000000000000058e-02,nan,nan,nan,nan,4.620700000000000074e+01,8.990999999999999659e+01
2.029710000000000036e+02,4.751659999999999968e+02,-8.009000000000000341e+00,5.000000000000000104e-03,8.262999999999999901e+00,1.839999999999999969e-01,-1.118400000000000034e+02,2.359999999999999876e-01,1.118400000000000034e+02,2.701209999999999809e+02,2.032999999999999918e+00,1.839999999999999969e-01,nan,nan,nan,nan,4.620700000000000074e+01,8.990999999999999659e+01
2.033799999999999955e+02,4.718919999999999959e+02,-8.006999999999999673e+00,3.000000000000000062e-03,8.243000000000000327e+00,1.799999999999999933e-01,-1.126560000000000059e+02,2.359999999999999876e-01,1.126560000000000059e+02,2.701200000000000045e+02,1.957999999999999963e+00,1.799999999999999933e-01,nan,nan,nan,nan,4.620700000000000074e+01,8.990999999999999659e+01
2.037889999999999873e+02,4.686190000000000282e+02,-8.005000000000000782e+00,2.000000000000000042e-03,8.259000000000000341e+00,5.600000000000000117e-02,-1.134710000000000036e+02,2.359999999999999876e-01,1.134719999999999942e+02,2.701190000000000282e+02,2.031000000000000139e+00,5.600000000000000117e-02,nan,nan,nan,nan,4.620700000000000074e+01,8.990999999999999659e+01
2.041970000000000027e+02,4.653469999999999800e+02,-8.005000000000000782e+00,3.000000000000000062e-03,8.253000000000000114e+00,3.300000000000000155e-02,-1.142969999999999970e+02,2.359999999999999876e-01,1.142969999999999970e+02,2.701179999999999950e+02,2.008999999999999897e+00,3.300000000000000155e-02,nan,nan,nan,nan,4.620700000000000074e+01,8.990999999999999659e+01
2.046059999999999945e+02,4.620760000000000218e+02,-8.003000000000000114e+00,3.000000000000000062e-03,8.255000000000000782e+00,6.700000000000000400e-02,-1.151209999999999951e+02,2.349999999999999867e-01,1.151209999999999951e+02,2.701170000000000186e+02,2.021999999999999797e+00,6.700000000000000400e-02,nan,nan,nan,nan,4.620700000000000074e+01,8.990999999999999659e+01
2.050149999999999864e+02,4.588059999999999832e+02,-8.002000000000000668e+00,4.000000000000000083e-03,8.259999999999999787e+00,1.469999999999999918e-01,-1.159530000000000030e+02,2.349999999999999867e-01,1.159530000000000030e+02,2.701159999999999854e+02,2.049999999999999822e+00,1.469999999999999918e-01,nan,nan,nan,nan,4.620700000000000074e+01,8.990999999999999659e+01
2.054230000000000018e+02,4.555369999999999777e+02,-8.000000000000000000e+00,1.000000000000000021e-02,8.273999999999999133e+00,4.050000000000000266e-01,-1.168020000000000067e+02,2.349999999999999867e-01,1.168020000000000067e+02,2.701150000000000091e+02,2.109999999999999876e+00,4.040000000000000258e-01,nan,nan,nan,nan,4.620700000000000074e+01,8.990999999999999659e+01
2.058319999999999936e+02,4.522699999999999818e+02,-7.996000000000000441e+00,-4.000000000000000083e-03,8.313000000000000611e+00,1.380000000000000115e-01,-1.176979999999999933e+02,2.349999999999999867e-01,1.176979999999999933e+02,2.701150000000000091e+02,2.274999999999999911e+00,1.380000000000000115e-01,nan,nan,nan,nan,4.620700000000000074e+01,8.990999999999999659e+01
2.062400000000000091e+02,4.490020000000000095e+02,-7.998000000000000220e+00,8.999999999999999320e-03,8.330999999999999517e+00,3.629999999999999893e-01,-1.186389999999999958e+02,2.349999999999999867e-01,1.186389999999999958e+02,2.701139999999999759e+02,2.330999999999999961e+00,3.629999999999999893e-01,nan,nan,nan,nan,4.620700000000000074e+01,8.990999999999999659e+01
2.066490000000000009e+02,4.457370000000000232e+02,-7.993999999999999773e+00,6.000000000000000125e-03,8.287000000000000810e+00,4.440000000000000058e-01,-1.195600000000000023e+02,2.349999999999999867e-01,1.195610000000000070e+02,2.701129999999999995e+02,2.182999999999999829e+00,4.440000000000000058e-01,nan,nan,nan,nan,4.620700000000000074e+01,8.990999999999999659e+01
2.070569999999999879e+02,4.424719999999999800e+02,-7.991999999999999993e+00,-7.000000000000000146e-03,8.237999999999999545e+00,4.000000000000000083e-02,-1.204150000000000063e+02,2.349999999999999867e-01,1.204150000000000063e+02,2.701120000000000232e+02,2.001999999999999780e+00,3.899999999999999994e-02,nan,nan,nan,nan,4.620700000000000074e+01,8.990999999999999659e+01
2.074660000000000082e+02,4.392080000000000268e+02,-7.993999999999999773e+00,5.000000000000000104e-03,8.244999999999999218e+00,2.159999999999999976e-01,-1.212360000000000042e+02,2.349999999999999867e-01,1.212360000000000042e+02,2.701109999999999900e+02,2.017999999999999794e+00,2.159999999999999976e-01,nan,nan,nan,nan,4.620700000000000074e+01,8.990999999999999659e+01
2.078739999999999952e+02,4.359460000000000264e+02,-7.991999999999999993e+00,1.000000000000000021e-03,8.221999999999999531e+00,1.049999999999999961e-01,-1.220409999999999968e+02,2.349999999999999867e-01,1.220409999999999968e+02,2.701100000000000136e+02,1.929999999999999938e+00,1.049999999999999961e-01,nan,nan,nan,nan,4.620700000000000074e+01,8.990999999999999659e+01
2.082820000000000107e+02,4.326840000000000259e+02,-7.991999999999999993e+00,5.000000000000000104e-03,8.211000000000000298e+00,2.230000000000000038e-01,-1.228199999999999932e+02,2.349999999999999867e-01,1.228199999999999932e+02,2.701100000000000136e+02,1.887000000000000011e+00,2.230000000000000038e-01,nan,nan,nan,nan,4.620700000000000074e+01,8.990999999999999659e+01
2.086899999999999977e+02,4.294239999999999782e+02,-7.988999999999999879e+00,2.000000000000000042e-03,8.230999999999999872e+00,1.469999999999999918e-01,-1.236080000000000041e+02,2.349999999999999867e-01,1.236080000000000041e+02,2.701089999999999804e+02,1.977000000000000091e+00,1.469999999999999918e-01,nan,nan,nan,nan,4.620700000000000074e+01,8.990999999999999659e+01
2.090980000000000132e+02,4.261639999999999873e+02,-7.988999999999999879e+00,3.000000000000000062e-03,8.243999999999999773e+00,1.150000000000000050e-01,-1.244270000000000067e+02,2.349999999999999867e-01,1.244270000000000067e+02,2.701080000000000041e+02,2.036999999999999922e+00,1.150000000000000050e-01,nan,nan,nan,nan,4.620700000000000074e+01,8.990999999999999659e+01
2.095060000000000002e+02,4.229060000000000059e+02,-7.988000000000000433e+00,8.000000000000000167e-03,8.231999999999999318e+00,3.270000000000000129e-01,-1.252489999999999952e+02,2.349999999999999867e-01,1.252489999999999952e+02,2.701070000000000277e+02,1.989999999999999991e+00,3.270000000000000129e-01,nan,nan,nan,nan,4.620700000000000074e+01,8.990999999999999659e+01
2.099139999999999873e+02,4.196490000000000009e+02,-7.983999999999999986e+00,-2.000000000000000042e-03,8.198000000000000398e+00,3.400000000000000244e-02,-1.260330000000000013e+02,2.349999999999999867e-01,1.260330000000000013e+02,2.701070000000000277e+02,1.856999999999999984e+00,3.400000000000000244e-02,nan,nan,nan,nan,4.620700000000000074e+01,8.990999999999999659e+01
2.103209999999999980e+02,4.163919999999999959e+02,-7.985000000000000320e+00,4.000000000000000083e-03,8.195000000000000284e+00,1.250000000000000000e-01,-1.267879999999999967e+02,2.349999999999999867e-01,1.267879999999999967e+02,2.701059999999999945e+02,1.842999999999999972e+00,1.250000000000000000e-01,nan,nan,nan,nan,4.620700000000000074e+01,8.990999999999999659e+01
2.107290000000000134e+02,4.131370000000000005e+02,-7.983999999999999986e+00,3.000000000000000062e-03,8.205000000000000071e+00,5.899999999999999689e-02,-1.275490000000000066e+02,2.349999999999999867e-01,1.275499999999999972e+02,2.701050000000000182e+02,1.893999999999999906e+00,5.899999999999999689e-02,nan,nan,nan,nan,4.620700000000000074e+01,8.990999999999999659e+01
2.111370000000000005e+02,4.098829999999999814e+02,-7.982999999999999652e+00,5.000000000000000104e-03,8.198999999999999844e+00,2.129999999999999949e-01,-1.283160000000000025e+02,2.349999999999999867e-01,1.283170000000000073e+02,2.701050000000000182e+02,1.870000000000000107e+00,2.129999999999999949e-01,nan,nan,nan,nan,4.620700000000000074e+01,8.990999999999999659e+01
2.115440000000000111e+02,4.066299999999999955e+02,-7.980999999999999872e+00,4.000000000000000083e-03,8.217000000000000526e+00,2.510000000000000009e-01,-1.290960000000000036e+02,2.349999999999999867e-01,1.290960000000000036e+02,2.701039999999999850e+02,1.955999999999999961e+00,2.510000000000000009e-01,nan,nan,nan,nan,4.620700000000000074e+01,8.990999999999999659e+01
2.119519999999999982e+02,4.033779999999999859e+02,-7.979000000000000092e+00,-6.721000000000000195e-05,8.192000000000000171e+00,2.176000000000000037e-04,-1.298720000000000141e+02,2.349999999999999867e-01,1.298729999999999905e+02,2.701039999999999850e+02,1.854000000000000092e+00,2.069999999999999900e-04,nan,nan,nan,nan,4.620700000000000074e+01,8.990999999999999659e+01
2.124519999999999982e+02,3.993879999999999768e+02,-7.979000000000000092e+00,5.000000000000000104e-03,8.192000000000000171e+00,1.229999999999999982e-01,-1.307990000000000066e+02,2.349999999999999867e-01,1.308000000000000114e+02,2.701030000000000086e+02,1.854000000000000092e+00,1.229999999999999982e-01,nan,nan,nan,nan,4.620700000000000074e+01,8.990999999999999659e+01
2.128590000000000089e+02,3.961390000000000100e+02,-7.977000000000000313e+00,2.000000000000000042e-03,8.179000000000000270e+00,2.000000000000000042e-02,-1.315440000000000111e+02,2.349999999999999867e-01,1.315449999999999875e+02,2.701019999999999754e+02,1.804000000000000048e+00,2.000000000000000042e-02,nan,nan,nan,nan,4.620700000000000074e+01,8.990999999999999659e+01
2.132659999999999911e+02,3.928899999999999864e+02,-7.975999999999999979e+00,4.000000000000000083e-03,8.179000000000000270e+00,1.549999999999999989e-01,-1.322810000000000059e+02,2.340000000000000135e-01,1.322810000000000059e+02,2.701019999999999754e+02,1.812000000000000055e+00,1.549999999999999989e-01,nan,nan,nan,nan,4.620700000000000074e+01,8.990999999999999659e+01
2.136740000000000066e+02,3.896429999999999723e+02,-7.974000000000000199e+00,6.000000000000000125e-03,8.192000000000000171e+00,2.800000000000000266e-01,-1.330320000000000107e+02,2.340000000000000135e-01,1.330320000000000107e+02,2.701009999999999991e+02,1.875000000000000000e+00,2.800000000000000266e-01,nan,nan,nan,nan,4.620700000000000074e+01,8.990999999999999659e+01
2.140809999999999889e+02,3.863960000000000150e+02,-7.972000000000000419e+00,3.000000000000000062e-03,8.215999999999999304e+00,2.859999999999999765e-01,-1.338180000000000121e+02,2.340000000000000135e-01,1.338189999999999884e+02,2.701000000000000227e+02,1.989000000000000101e+00,2.859999999999999765e-01,nan,nan,nan,nan,4.620700000000000074e+01,8.990999999999999659e+01
2.144879999999999995e+02,3.831510000000000105e+02,-7.971000000000000085e+00,-9.307000000000000169e-04,8.243999999999999773e+00,5.399999999999999939e-02,-1.346519999999999868e+02,2.340000000000000135e-01,1.346519999999999868e+02,2.701000000000000227e+02,2.105999999999999872e+00,5.399999999999999939e-02,nan,nan,nan,nan,4.620700000000000074e+01,8.990999999999999659e+01
2.148950000000000102e+02,3.799060000000000059e+02,-7.971000000000000085e+00,8.000000000000000167e-03,8.239000000000000767e+00,3.009999999999999898e-01,-1.355049999999999955e+02,2.340000000000000135e-01,1.355049999999999955e+02,2.700989999999999895e+02,2.084000000000000075e+00,3.009999999999999898e-01,nan,nan,nan,nan,4.620700000000000074e+01,8.990999999999999659e+01
2.153019999999999925e+02,3.766630000000000109e+02,-7.967999999999999972e+00,3.000000000000000062e-03,8.205999999999999517e+00,2.819999999999999729e-01,-1.363280000000000030e+02,2.340000000000000135e-01,1.363280000000000030e+02,2.700980000000000132e+02,1.961000000000000076e+00,2.819999999999999729e-01,nan,nan,nan,nan,4.620700000000000074e+01,8.990999999999999659e+01
2.157090000000000032e+02,3.734200000000000159e+02,-7.966999999999999638e+00,2.000000000000000042e-03,8.233000000000000540e+00,2.369999999999999885e-01,-1.371490000000000009e+02,2.340000000000000135e-01,1.371500000000000057e+02,2.700980000000000132e+02,2.076000000000000068e+00,2.369999999999999885e-01,nan,nan,nan,nan,4.620700000000000074e+01,8.990999999999999659e+01
2.161160000000000139e+02,3.701779999999999973e+02,-7.966000000000000192e+00,1.000000000000000021e-03,8.256999999999999673e+00,1.360000000000000098e-01,-1.380140000000000100e+02,2.340000000000000135e-01,1.380140000000000100e+02,2.700969999999999800e+02,2.173000000000000043e+00,1.360000000000000098e-01,nan,nan,nan,nan,4.620700000000000074e+01,8.990999999999999659e+01
2.165229999999999961e+02,3.669379999999999882e+02,-7.966000000000000192e+00,4.000000000000000083e-03,8.242000000000000881e+00,1.749999999999999889e-01,-1.388859999999999957e+02,2.340000000000000135e-01,1.388870000000000005e+02,2.700969999999999800e+02,2.116999999999999993e+00,1.749999999999999889e-01,nan,nan,nan,nan,4.620700000000000074e+01,8.990999999999999659e+01
2.169290000000000020e+02,3.636990000000000123e+02,-7.964000000000000412e+00,2.000000000000000042e-02,8.223000000000000753e+00,6.009999999999999787e-01,-1.397330000000000041e+02,2.340000000000000135e-01,1.397330000000000041e+02,2.700960000000000036e+02,2.045999999999999819e+00,6.009999999999999787e-01,nan,nan,nan,nan,4.620700000000000074e+01,8.990999999999999659e+01
2.173360000000000127e+02,3.604619999999999891e+02,-7.956000000000000405e+00,-1.400000000000000029e-02,8.157999999999999474e+00,1.239999999999999991e-01,-1.405149999999999864e+02,2.340000000000000135e-01,1.405159999999999911e+02,2.700950000000000273e+02,1.802000000000000046e+00,1.229999999999999982e-01,nan,nan,nan,nan,4.620700000000000074e+01,8.990999999999999659e+01
2.177429999999999950e+02,3.572230000000000132e+02,-7.961999999999999744e+00,1.400000000000000029e-02,8.151999999999999247e+00,4.789999999999999813e-01,-1.412379999999999995e+02,2.340000000000000135e-01,1.412390000000000043e+02,2.700950000000000273e+02,1.752000000000000002e+00,4.789999999999999813e-01,nan,nan,nan,nan,4.620700000000000074e+01,8.990999999999999659e+01
2.181490000000000009e+02,3.539870000000000232e+02,-7.956000000000000405e+00,-8.000000000000000167e-03,8.106999999999999318e+00,4.499999999999999833e-02,-1.419110000000000014e+02,2.340000000000000135e-01,1.419110000000000014e+02,2.700939999999999941e+02,1.556999999999999940e+00,4.399999999999999745e-02,nan,nan,nan,nan,4.620700000000000074e+01,8.990999999999999659e+01
2.185560000000000116e+02,3.507509999999999764e+02,-7.959999999999999964e+00,1.099999999999999936e-02,8.114000000000000767e+00,3.930000000000000160e-01,-1.425480000000000018e+02,2.340000000000000135e-01,1.425480000000000018e+02,2.700939999999999941e+02,1.574999999999999956e+00,3.930000000000000160e-01,nan,nan,nan,nan,4.620700000000000074e+01,8.990999999999999659e+01
2.189619999999999891e+02,3.475179999999999723e+02,-7.955000000000000071e+00,-4.000000000000000083e-03,8.141999999999999460e+00,1.519999999999999962e-01,-1.432199999999999989e+02,2.340000000000000135e-01,1.432199999999999989e+02,2.700939999999999941e+02,1.735000000000000098e+00,1.509999999999999953e-01,nan,nan,nan,nan,4.620700000000000074e+01,8.990999999999999659e+01
2.193689999999999998e+02,3.442839999999999918e+02,-7.956999999999999851e+00,3.000000000000000062e-03,8.157000000000000028e+00,1.479999999999999927e-01,-1.439379999999999882e+02,2.340000000000000135e-01,1.439379999999999882e+02,2.700930000000000177e+02,1.796000000000000041e+00,1.479999999999999927e-01,nan,nan,nan,nan,4.620700000000000074e+01,8.990999999999999659e+01
2.197750000000000057e+02,3.410520000000000209e+02,-7.956000000000000405e+00,3.000000000000000062e-03,8.143000000000000682e+00,1.260000000000000009e-01,-1.446550000000000011e+02,2.340000000000000135e-01,1.446550000000000011e+02,2.700930000000000177e+02,1.735999999999999988e+00,1.260000000000000009e-01,nan,nan,nan,nan,4.620700000000000074e+01,8.990999999999999659e+01
2.201810000000000116e+02,3.378199999999999932e+02,-7.953999999999999737e+00,1.099999999999999936e-02,8.131000000000000227e+00,4.050000000000000266e-01,-1.453499999999999943e+02,2.340000000000000135e-01,1.453499999999999943e+02,2.700919999999999845e+02,1.685000000000000053e+00,4.050000000000000266e-01,nan,nan,nan,nan,4.620700000000000074e+01,8.990999999999999659e+01
2.205869999999999891e+02,3.345910000000000082e+02,-7.950000000000000178e+00,-4.000000000000000083e-03,8.162000000000000810e+00,1.539999999999999980e-01,-1.460670000000000073e+02,2.340000000000000135e-01,1.460670000000000073e+02,2.700919999999999845e+02,1.848999999999999977e+00,1.539999999999999980e-01,nan,nan,nan,nan,4.620700000000000074e+01,8.990999999999999659e+01
2.209939999999999998e+02,3.313609999999999900e+02,-7.951999999999999957e+00,2.000000000000000042e-03,8.150000000000000355e+00,2.299999999999999961e-02,-1.468060000000000116e+02,2.340000000000000135e-01,1.468060000000000116e+02,2.700910000000000082e+02,1.786000000000000032e+00,2.299999999999999961e-02,nan,nan,nan,nan,4.620700000000000074e+01,8.990999999999999659e+01
2.214000000000000057e+02,3.281329999999999814e+02,-7.950999999999999623e+00,3.000000000000000062e-03,8.147000000000000242e+00,4.200000000000000261e-02,-1.475289999999999964e+02,2.340000000000000135e-01,1.475289999999999964e+02,2.700910000000000082e+02,1.776999999999999913e+00,4.200000000000000261e-02,nan,nan,nan,nan,4.620700000000000074e+01,8.990999999999999659e+01
2.218060000000000116e+02,3.249060000000000059e+02,-7.950000000000000178e+00,4.000000000000000083e-03,8.150000000000000355e+00,1.079999999999999988e-01,-1.482539999999999907e+02,2.340000000000000135e-01,1.482539999999999907e+02,2.700899999999999750e+02,1.794000000000000039e+00,1.069999999999999979e-01,nan,nan,nan,nan,4.620700000000000074e+01,8.990999999999999659e+01
2.222110000000000127e+02,3.216800000000000068e+02,-7.948000000000000398e+00,7.000000000000000146e-03,8.157999999999999474e+00,2.929999999999999827e-01,-1.489910000000000139e+02,2.340000000000000135e-01,1.489910000000000139e+02,2.700899999999999750e+02,1.838000000000000078e+00,2.929999999999999827e-01,nan,nan,nan,nan,4.620700000000000074e+01,8.990999999999999659e+01
2.226169999999999902e+02,3.184549999999999841e+02,-7.945000000000000284e+00,8.000000000000000167e-03,8.128999999999999559e+00,4.239999999999999880e-01,-1.497119999999999891e+02,2.330000000000000127e-01,1.497129999999999939e+02,2.700889999999999986e+02,1.719000000000000083e+00,4.239999999999999880e-01,nan,nan,nan,nan,4.620700000000000074e+01,8.990999999999999659e+01
2.230229999999999961e+02,3.152309999999999945e+02,-7.942000000000000171e+00,-6.000000000000000125e-03,8.092000000000000526e+00,1.019999999999999934e-01,-1.503750000000000000e+02,2.330000000000000127e-01,1.503750000000000000e+02,2.700889999999999986e+02,1.546999999999999931e+00,1.010000000000000064e-01,nan,nan,nan,nan,4.620700000000000074e+01,8.990999999999999659e+01
2.234290000000000020e+02,3.120079999999999814e+02,-7.945000000000000284e+00,1.099999999999999936e-02,8.102000000000000313e+00,4.129999999999999782e-01,-1.510109999999999957e+02,2.330000000000000127e-01,1.510109999999999957e+02,2.700889999999999986e+02,1.588000000000000078e+00,4.129999999999999782e-01,nan,nan,nan,nan,4.620700000000000074e+01,8.990999999999999659e+01
2.238340000000000032e+02,3.087860000000000014e+02,-7.940000000000000391e+00,1.000000000000000021e-03,8.066000000000000725e+00,3.659999999999999920e-01,-1.516210000000000093e+02,2.330000000000000127e-01,1.516220000000000141e+02,2.700880000000000223e+02,1.419999999999999929e+00,3.659999999999999920e-01,nan,nan,nan,nan,4.620700000000000074e+01,8.990999999999999659e+01
2.242400000000000091e+02,3.055649999999999977e+02,-7.939000000000000057e+00,2.199999999999999872e-02,8.092999999999999972e+00,7.079999999999999627e-01,-1.522280000000000086e+02,2.330000000000000127e-01,1.522280000000000086e+02,2.700880000000000223e+02,1.568999999999999950e+00,7.079999999999999627e-01,nan,nan,nan,nan,4.620700000000000074e+01,8.990999999999999659e+01
2.246459999999999866e+02,3.023469999999999800e+02,-7.931000000000000050e+00,-1.200000000000000025e-02,8.144999999999999574e+00,4.530000000000000138e-01,-1.529219999999999970e+02,2.330000000000000127e-01,1.529230000000000018e+02,2.700869999999999891e+02,1.856000000000000094e+00,4.530000000000000138e-01,nan,nan,nan,nan,4.620700000000000074e+01,8.990999999999999659e+01
2.250519999999999925e+02,2.991259999999999764e+02,-7.934999999999999609e+00,-7.000000000000000146e-03,8.194000000000000838e+00,1.049999999999999961e-01,-1.537129999999999939e+02,2.330000000000000127e-01,1.537129999999999939e+02,2.700869999999999891e+02,2.040000000000000036e+00,1.049999999999999961e-01,nan,nan,nan,nan,4.620700000000000074e+01,8.990999999999999659e+01
2.254569999999999936e+02,2.959069999999999823e+02,-7.937999999999999723e+00,5.000000000000000104e-03,8.207000000000000739e+00,2.200000000000000011e-01,-1.545490000000000066e+02,2.330000000000000127e-01,1.545490000000000066e+02,2.700860000000000127e+02,2.083000000000000185e+00,2.200000000000000011e-01,nan,nan,nan,nan,4.620700000000000074e+01,8.990999999999999659e+01
2.258629999999999995e+02,2.926909999999999741e+02,-7.935999999999999943e+00,1.000000000000000021e-03,8.182999999999999829e+00,1.000000000000000056e-01,-1.553750000000000000e+02,2.330000000000000127e-01,1.553750000000000000e+02,2.700860000000000127e+02,1.993999999999999995e+00,1.000000000000000056e-01,nan,nan,nan,nan,4.620700000000000074e+01,8.990999999999999659e+01
2.262680000000000007e+02,2.894739999999999895e+02,-7.935999999999999943e+00,3.000000000000000062e-03,8.192000000000000171e+00,1.799999999999999864e-02,-1.561910000000000025e+02,2.330000000000000127e-01,1.561910000000000025e+02,2.700860000000000127e+02,2.033999999999999808e+00,1.799999999999999864e-02,nan,nan,nan,nan,4.620700000000000074e+01,8.990999999999999659e+01
2.266730000000000018e+02,2.862590000000000146e+02,-7.934999999999999609e+00,4.000000000000000083e-03,8.189999999999999503e+00,9.800000000000000377e-02,-1.570140000000000100e+02,2.330000000000000127e-01,1.570140000000000100e+02,2.700849999999999795e+02,2.027000000000000135e+00,9.800000000000000377e-02,nan,nan,nan,nan,4.620700000000000074e+01,8.990999999999999659e+01
2.270780000000000030e+02,2.830450000000000159e+02,-7.932999999999999829e+00,3.000000000000000062e-03,8.178000000000000824e+00,6.700000000000000400e-02,-1.578269999999999982e+02,2.330000000000000127e-01,1.578269999999999982e+02,2.700849999999999795e+02,1.987000000000000099e+00,6.700000000000000400e-02,nan,nan,nan,nan,4.620700000000000074e+01,8.990999999999999659e+01
2.274830000000000041e+02,2.798319999999999936e+02,-7.932000000000000384e+00,3.000000000000000062e-03,8.170999999999999375e+00,7.499999999999999722e-02,-1.586260000000000048e+02,2.330000000000000127e-01,1.586270000000000095e+02,2.700840000000000032e+02,1.959999999999999964e+00,7.499999999999999722e-02,nan,nan,nan,nan,4.620700000000000074e+01,8.990999999999999659e+01
2.278880000000000052e+02,2.766200000000000045e+02,-7.931000000000000050e+00,6.000000000000000125e-03,8.162000000000000810e+00,2.429999999999999938e-01,-1.594139999999999873e+02,2.330000000000000127e-01,1.594139999999999873e+02,2.700840000000000032e+02,1.929000000000000048e+00,2.429999999999999938e-01,nan,nan,nan,nan,4.620700000000000074e+01,8.990999999999999659e+01
2.282930000000000064e+02,2.734100000000000250e+02,-7.929000000000000270e+00,7.000000000000000146e-03,8.137000000000000455e+00,3.549999999999999822e-01,-1.601750000000000114e+02,2.330000000000000127e-01,1.601750000000000114e+02,2.700830000000000268e+02,1.830999999999999961e+00,3.549999999999999822e-01,nan,nan,nan,nan,4.620700000000000074e+01,8.990999999999999659e+01
2.286980000000000075e+02,2.701999999999999886e+02,-7.926000000000000156e+00,1.000000000000000021e-03,8.167999999999999261e+00,3.089999999999999969e-01,-1.609459999999999980e+02,2.330000000000000127e-01,1.609459999999999980e+02,2.700830000000000268e+02,1.975000000000000089e+00,3.089999999999999969e-01,nan,nan,nan,nan,4.620700000000000074e+01,8.990999999999999659e+01
2.291030000000000086e+02,2.669909999999999854e+02,-7.924999999999999822e+00,-1.000000000000000021e-03,8.198999999999999844e+00,1.270000000000000018e-01,-1.617709999999999866e+02,2.330000000000000127e-01,1.617709999999999866e+02,2.700819999999999936e+02,2.100000000000000089e+00,1.270000000000000018e-01,nan,nan,nan,nan,4.620700000000000074e+01,8.990999999999999659e+01
2.295080000000000098e+02,2.637830000000000155e+02,-7.926000000000000156e+00,8.000000000000000167e-03,8.212999999999999190e+00,3.410000000000000253e-01,-1.626310000000000002e+02,2.330000000000000127e-01,1.626310000000000002e+02,2.700819999999999936e+02,2.150999999999999801e+00,3.410000000000000253e-01,nan,nan,nan,nan,4.620700000000000074e+01,8.990999999999999659e+01
2.299120000000000061e+02,2.605760000000000218e+02,-7.923000000000000043e+00,-1.000000000000000021e-03,8.173999999999999488e+00,1.729999999999999871e-01,-1.634739999999999895e+02,2.330000000000000127e-01,1.634739999999999895e+02,2.700819999999999936e+02,2.012999999999999901e+00,1.729999999999999871e-01,nan,nan,nan,nan,4.620700000000000074e+01,8.990999999999999659e+01
2.303170000000000073e+02,2.573700000000000045e+02,-7.923000000000000043e+00,2.000000000000000042e-03,8.192000000000000171e+00,1.280000000000000027e-01,-1.643029999999999973e+02,2.330000000000000127e-01,1.643029999999999973e+02,2.700810000000000173e+02,2.083000000000000185e+00,1.280000000000000027e-01,nan,nan,nan,nan,4.620700000000000074e+01,8.990999999999999659e+01
2.307210000000000036e+02,2.541649999999999920e+02,-7.921999999999999709e+00,4.000000000000000083e-03,8.205000000000000071e+00,1.829999999999999960e-01,-1.651560000000000059e+02,2.330000000000000127e-01,1.651560000000000059e+02,2.700810000000000173e+02,2.134999999999999787e+00,1.829999999999999960e-01,nan,nan,nan,nan,4.620700000000000074e+01,8.990999999999999659e+01
2.311260000000000048e+02,2.509610000000000127e+02,-7.921000000000000263e+00,4.000000000000000083e-03,8.223000000000000753e+00,2.379999999999999893e-01,-1.660349999999999966e+02,2.330000000000000127e-01,1.660349999999999966e+02,2.700799999999999841e+02,2.209000000000000075e+00,2.379999999999999893e-01,nan,nan,nan,nan,4.620700000000000074e+01,8.990999999999999659e+01
2.315300000000000011e+02,2.477580000000000098e+02,-7.918999999999999595e+00,2.000000000000000042e-03,8.195999999999999730e+00,2.010000000000000120e-01,-1.669089999999999918e+02,2.330000000000000127e-01,1.669089999999999918e+02,2.700799999999999841e+02,2.112999999999999989e+00,2.010000000000000120e-01,nan,nan,nan,nan,4.620700000000000074e+01,8.990999999999999659e+01
2.319350000000000023e+02,2.445560000000000116e+02,-7.918000000000000149e+00,2.000000000000000042e-03,8.173999999999999488e+00,1.179999999999999938e-01,-1.677460000000000093e+02,2.320000000000000118e-01,1.677470000000000141e+02,2.700790000000000077e+02,2.032000000000000028e+00,1.179999999999999938e-01,nan,nan,nan,nan,4.620700000000000074e+01,8.990999999999999659e+01
2.323389999999999986e+02,2.413540000000000134e+02,-7.916999999999999815e+00,4.000000000000000083e-03,8.162000000000000810e+00,1.719999999999999862e-01,-1.685579999999999927e+02,2.320000000000000118e-01,1.685579999999999927e+02,2.700790000000000077e+02,1.983999999999999986e+00,1.710000000000000131e-01,nan,nan,nan,nan,4.620700000000000074e+01,8.990999999999999659e+01
2.327429999999999950e+02,2.381539999999999964e+02,-7.916000000000000369e+00,4.000000000000000083e-03,8.178000000000000824e+00,2.280000000000000082e-01,-1.693739999999999952e+02,2.320000000000000118e-01,1.693739999999999952e+02,2.700790000000000077e+02,2.052999999999999936e+00,2.280000000000000082e-01,nan,nan,nan,nan,4.620700000000000074e+01,8.990999999999999659e+01
2.331469999999999914e+02,2.349550000000000125e+02,-7.913999999999999702e+00,5.000000000000000104e-03,8.153000000000000469e+00,2.939999999999999836e-01,-1.701850000000000023e+02,2.320000000000000118e-01,1.701850000000000023e+02,2.700779999999999745e+02,1.961000000000000076e+00,2.939999999999999836e-01,nan,nan,nan,nan,4.620700000000000074e+01,8.990999999999999659e+01
2.335519999999999925e+02,2.317570000000000050e+02,-7.911999999999999922e+00,2.000000000000000042e-03,8.124000000000000554e+00,2.670000000000000151e-01,-1.709530000000000030e+02,2.320000000000000118e-01,1.709540000000000077e+02,2.700779999999999745e+02,1.842000000000000082e+00,2.670000000000000151e-01,nan,nan,nan,nan,4.620700000000000074e+01,8.990999999999999659e+01
2.339559999999999889e+02,2.285600000000000023e+02,-7.910999999999999588e+00,4.657999999999999923e-04,8.147999999999999687e+00,1.469999999999999918e-01,-1.717199999999999989e+02,2.320000000000000118e-01,1.717199999999999989e+02,2.700769999999999982e+02,1.949999999999999956e+00,1.469999999999999918e-01,nan,nan,nan,nan,4.620700000000000074e+01,8.990999999999999659e+01
2.343600000000000136e+02,2.253640000000000043e+02,-7.910999999999999588e+00,2.000000000000000042e-03,8.162000000000000810e+00,4.700000000000000011e-02,-1.725190000000000055e+02,2.320000000000000118e-01,1.725190000000000055e+02,2.700769999999999982e+02,2.008999999999999897e+00,4.700000000000000011e-02,nan,nan,nan,nan,4.620700000000000074e+01,8.990999999999999659e+01
2.347640000000000100e+02,2.221690000000000111e+02,-7.910000000000000142e+00,4.000000000000000083e-03,8.157000000000000028e+00,1.539999999999999980e-01,-1.733269999999999982e+02,2.320000000000000118e-01,1.733269999999999982e+02,2.700769999999999982e+02,1.989999999999999991e+00,1.539999999999999980e-01,nan,nan,nan,nan,4.620700000000000074e+01,8.990999999999999659e+01
2.351670000000000016e+02,2.189749999999999943e+02,-7.908999999999999808e+00,5.000000000000000104e-03,8.170999999999999375e+00,2.590000000000000080e-01,-1.741430000000000007e+02,2.320000000000000118e-01,1.741430000000000007e+02,2.700760000000000218e+02,2.052000000000000046e+00,2.580000000000000071e-01,nan,nan,nan,nan,4.620700000000000074e+01,8.990999999999999659e+01
2.355709999999999980e+02,2.157820000000000107e+02,-7.907000000000000028e+00,2.000000000000000042e-03,8.195000000000000284e+00,2.109999999999999931e-01,-1.749929999999999950e+02,2.320000000000000118e-01,1.749929999999999950e+02,2.700760000000000218e+02,2.157000000000000028e+00,2.109999999999999931e-01,nan,nan,nan,nan,4.620700000000000074e+01,8.990999999999999659e+01
2.359749999999999943e+02,2.125889999999999986e+02,-7.905999999999999694e+00,2.000000000000000042e-03,8.173000000000000043e+00,1.320000000000000062e-01,-1.758470000000000084e+02,2.320000000000000118e-01,1.758470000000000084e+02,2.700760000000000218e+02,2.071000000000000174e+00,1.320000000000000062e-01,nan,nan,nan,nan,4.620700000000000074e+01,8.990999999999999659e+01
2.363789999999999907e+02,2.093979999999999961e+02,-7.905000000000000249e+00,3.000000000000000062e-03,8.159000000000000696e+00,1.170000000000000068e-01,-1.766719999999999970e+02,2.320000000000000118e-01,1.766719999999999970e+02,2.700749999999999886e+02,2.017999999999999794e+00,1.170000000000000068e-01,nan,nan,nan,nan,4.620700000000000074e+01,8.990999999999999659e+01
2.367820000000000107e+02,2.062079999999999984e+02,-7.903999999999999915e+00,3.000000000000000062e-03,8.169000000000000483e+00,1.280000000000000027e-01,-1.774960000000000093e+02,2.320000000000000118e-01,1.774960000000000093e+02,2.700749999999999886e+02,2.064999999999999947e+00,1.280000000000000027e-01,nan,nan,nan,nan,4.620700000000000074e+01,8.990999999999999659e+01
2.371860000000000070e+02,2.030180000000000007e+02,-7.902999999999999581e+00,3.000000000000000062e-03,8.180999999999999162e+00,9.099999999999999756e-02,-1.783400000000000034e+02,2.320000000000000118e-01,1.783400000000000034e+02,2.700740000000000123e+02,2.116999999999999993e+00,9.099999999999999756e-02,nan,nan,nan,nan,4.620700000000000074e+01,8.990999999999999659e+01
2.375889999999999986e+02,1.998300000000000125e+02,-7.902000000000000135e+00,5.000000000000000104e-03,8.189999999999999503e+00,2.099999999999999922e-01,-1.792009999999999934e+02,2.320000000000000118e-01,1.792009999999999934e+02,2.700740000000000123e+02,2.153000000000000025e+00,2.099999999999999922e-01,nan,nan,nan,nan,4.620700000000000074e+01,8.990999999999999659e+01
2.379929999999999950e+02,1.966430000000000007e+02,-7.900000000000000355e+00,2.000000000000000042e-03,8.166000000000000369e+00,1.849999999999999978e-01,-1.800529999999999973e+02,2.320000000000000118e-01,1.800529999999999973e+02,2.700740000000000123e+02,2.068999999999999950e+00,1.849999999999999978e-01,nan,nan,nan,nan,4.620700000000000074e+01,8.990999999999999659e+01
2.383959999999999866e+02,1.934569999999999936e+02,-7.899000000000000021e+00,1.400000000000000029e-02,8.147000000000000242e+00,5.120000000000000107e-01,-1.808720000000000141e+02,2.320000000000000118e-01,1.808720000000000141e+02,2.700729999999999791e+02,1.993999999999999995e+00,5.110000000000000098e-01,nan,nan,nan,nan,4.620700000000000074e+01,8.990999999999999659e+01
2.387990000000000066e+02,1.902719999999999914e+02,-7.892999999999999794e+00,-8.000000000000000167e-03,8.092999999999999972e+00,1.950000000000000067e-01,-1.816349999999999909e+02,2.320000000000000118e-01,1.816349999999999909e+02,2.700729999999999791e+02,1.788000000000000034e+00,1.950000000000000067e-01,nan,nan,nan,nan,4.620700000000000074e+01,8.990999999999999659e+01
2.392030000000000030e+02,1.870869999999999891e+02,-7.895999999999999908e+00,2.000000000000000042e-03,8.114000000000000767e+00,1.479999999999999927e-01,-1.823720000000000141e+02,2.320000000000000118e-01,1.823720000000000141e+02,2.700729999999999791e+02,1.866000000000000103e+00,1.479999999999999927e-01,nan,nan,nan,nan,4.620700000000000074e+01,8.990999999999999659e+01
2.396059999999999945e+02,1.839029999999999916e+02,-7.894999999999999574e+00,3.000000000000000062e-03,8.127000000000000668e+00,1.719999999999999862e-01,-1.831359999999999957e+02,2.320000000000000118e-01,1.831359999999999957e+02,2.700720000000000027e+02,1.925999999999999934e+00,1.719999999999999862e-01,nan,nan,nan,nan,4.620700000000000074e+01,8.990999999999999659e+01
2.400089999999999861e+02,1.807210000000000036e+02,-7.894000000000000128e+00,2.000000000000000042e-03,8.141999999999999460e+00,5.700000000000000205e-02,-1.839269999999999925e+02,2.320000000000000118e-01,1.839269999999999925e+02,2.700720000000000027e+02,1.995999999999999996e+00,5.700000000000000205e-02,nan,nan,nan,nan,4.620700000000000074e+01,8.990999999999999659e+01
2.404120000000000061e+02,1.775389999999999873e+02,-7.892999999999999794e+00,3.000000000000000062e-03,8.147000000000000242e+00,7.900000000000000078e-02,-1.847359999999999900e+02,2.320000000000000118e-01,1.847359999999999900e+02,2.700720000000000027e+02,2.019000000000000128e+00,7.900000000000000078e-02,nan,nan,nan,nan,4.620700000000000074e+01,8.990999999999999659e+01
2.408149999999999977e+02,1.743590000000000089e+02,-7.892000000000000348e+00,7.000000000000000146e-03,8.137999999999999901e+00,2.819999999999999729e-01,-1.855430000000000064e+02,2.310000000000000109e-01,1.855430000000000064e+02,2.700710000000000264e+02,1.987000000000000099e+00,2.819999999999999729e-01,nan,nan,nan,nan,4.620700000000000074e+01,8.990999999999999659e+01
2.412179999999999893e+02,1.711790000000000020e+02,-7.889000000000000234e+00,1.000000000000000021e-03,8.163999999999999702e+00,2.030000000000000138e-01,-1.863660000000000139e+02,2.310000000000000109e-01,1.863660000000000139e+02,2.700710000000000264e+02,2.100000000000000089e+00,2.030000000000000138e-01,nan,nan,nan,nan,4.620700000000000074e+01,8.990999999999999659e+01
2.416210000000000093e+02,1.680010000000000048e+02,-7.889000000000000234e+00,8.704999999999999630e-04,8.185000000000000497e+00,2.000000000000000042e-02,-1.872290000000000134e+02,2.310000000000000109e-01,1.872290000000000134e+02,2.700710000000000264e+02,2.181999999999999940e+00,2.000000000000000042e-02,nan,nan,nan,nan,4.620700000000000074e+01,8.990999999999999659e+01
2.420240000000000009e+02,1.648230000000000075e+02,-7.889000000000000234e+00,6.000000000000000125e-03,8.186999999999999389e+00,2.359999999999999876e-01,-1.881100000000000136e+02,2.310000000000000109e-01,1.881100000000000136e+02,2.700699999999999932e+02,2.189999999999999947e+00,2.359999999999999876e-01,nan,nan,nan,nan,4.620700000000000074e+01,8.990999999999999659e+01
2.424259999999999877e+02,1.616459999999999866e+02,-7.886000000000000121e+00,2.000000000000000042e-03,8.211000000000000298e+00,2.079999999999999905e-01,-1.890109999999999957e+02,2.310000000000000109e-01,1.890109999999999957e+02,2.700699999999999932e+02,2.285000000000000142e+00,2.079999999999999905e-01,nan,nan,nan,nan,4.620700000000000074e+01,8.990999999999999659e+01
2.428290000000000077e+02,1.584710000000000036e+02,-7.884999999999999787e+00,9.779000000000000799e-04,8.233999999999999986e+00,7.000000000000000666e-02,-1.899480000000000075e+02,2.310000000000000109e-01,1.899480000000000075e+02,2.700699999999999932e+02,2.369000000000000217e+00,7.000000000000000666e-02,nan,nan,nan,nan,4.620700000000000074e+01,8.990999999999999659e+01
2.432319999999999993e+02,1.552959999999999923e+02,-7.884999999999999787e+00,1.499999999999999944e-02,8.224999999999999645e+00,4.839999999999999858e-01,-1.908959999999999866e+02,2.310000000000000109e-01,1.908959999999999866e+02,2.700690000000000168e+02,2.341000000000000192e+00,4.839999999999999858e-01,nan,nan,nan,nan,4.620700000000000074e+01,8.990999999999999659e+01
2.436339999999999861e+02,1.521229999999999905e+02,-7.878999999999999559e+00,-8.000000000000000167e-03,8.166000000000000369e+00,1.499999999999999944e-01,-1.917990000000000066e+02,2.310000000000000109e-01,1.917990000000000066e+02,2.700690000000000168e+02,2.145999999999999908e+00,1.489999999999999936e-01,nan,nan,nan,nan,4.620700000000000074e+01,8.990999999999999659e+01
2.440370000000000061e+02,1.489490000000000123e+02,-7.881999999999999673e+00,3.000000000000000062e-03,8.153999999999999915e+00,1.499999999999999944e-01,-1.926510000000000105e+02,2.310000000000000109e-01,1.926519999999999868e+02,2.700690000000000168e+02,2.085999999999999854e+00,1.499999999999999944e-01,nan,nan,nan,nan,4.620700000000000074e+01,8.990999999999999659e+01
2.444399999999999977e+02,1.457769999999999868e+02,-7.881000000000000227e+00,2.000000000000000042e-03,8.167999999999999261e+00,3.599999999999999728e-02,-1.935029999999999859e+02,2.310000000000000109e-01,1.935029999999999859e+02,2.700679999999999836e+02,2.145999999999999908e+00,3.599999999999999728e-02,nan,nan,nan,nan,4.620700000000000074e+01,8.990999999999999659e+01
2.448420000000000130e+02,1.426059999999999945e+02,-7.879999999999999893e+00,1.799999999999999864e-02,8.170999999999999375e+00,5.530000000000000471e-01,-1.943700000000000045e+02,2.310000000000000109e-01,1.943700000000000045e+02,2.700679999999999836e+02,2.161000000000000032e+00,5.530000000000000471e-01,nan,nan,nan,nan,4.620700000000000074e+01,8.990999999999999659e+01
2.452439999999999998e+02,1.394379999999999882e+02,-7.873000000000000220e+00,-6.000000000000000125e-03,8.108000000000000540e+00,3.719999999999999973e-01,-1.951939999999999884e+02,2.310000000000000109e-01,1.951939999999999884e+02,2.700679999999999836e+02,1.937999999999999945e+00,3.719999999999999973e-01,nan,nan,nan,nan,4.620700000000000074e+01,8.990999999999999659e+01
2.456469999999999914e+02,1.362680000000000007e+02,-7.875000000000000000e+00,-4.000000000000000083e-03,8.076000000000000512e+00,8.300000000000000433e-02,-1.959439999999999884e+02,2.310000000000000109e-01,1.959439999999999884e+02,2.700679999999999836e+02,1.788999999999999924e+00,8.300000000000000433e-02,nan,nan,nan,nan,4.620700000000000074e+01,8.990999999999999659e+01
2.460490000000000066e+02,1.330989999999999895e+02,-7.876999999999999780e+00,3.000000000000000062e-03,8.070000000000000284e+00,7.099999999999999367e-02,-1.966570000000000107e+02,2.310000000000000109e-01,1.966570000000000107e+02,2.700670000000000073e+02,1.754999999999999893e+00,7.099999999999999367e-02,nan,nan,nan,nan,4.620700000000000074e+01,8.990999999999999659e+01
2.464509999999999934e+02,1.299319999999999879e+02,-7.876000000000000334e+00,4.000000000000000083e-03,8.063000000000000611e+00,1.320000000000000062e-01,-1.973569999999999993e+02,2.310000000000000109e-01,1.973569999999999993e+02,2.700670000000000073e+02,1.725999999999999979e+00,1.320000000000000062e-01,nan,nan,nan,nan,4.620700000000000074e+01,8.990999999999999659e+01
2.468530000000000086e+02,1.267660000000000053e+02,-7.873999999999999666e+00,2.000000000000000042e-03,8.050000000000000711e+00,8.100000000000000255e-02,-1.980399999999999920e+02,2.310000000000000109e-01,1.980409999999999968e+02,2.700670000000000073e+02,1.673000000000000043e+00,8.100000000000000255e-02,nan,nan,nan,nan,4.620700000000000074e+01,8.990999999999999659e+01
2.472549999999999955e+02,1.236009999999999991e+02,-7.873000000000000220e+00,1.400000000000000029e-02,8.055999999999999162e+00,4.709999999999999742e-01,-1.987199999999999989e+02,2.310000000000000109e-01,1.987199999999999989e+02,2.700670000000000073e+02,1.705999999999999961e+00,4.709999999999999742e-01,nan,nan,nan,nan,4.620700000000000074e+01,8.990999999999999659e+01
2.476570000000000107e+02,1.204369999999999976e+02,-7.868000000000000327e+00,-8.000000000000000167e-03,8.092999999999999972e+00,1.189999999999999947e-01,-1.994430000000000121e+02,2.310000000000000109e-01,1.994439999999999884e+02,2.700659999999999741e+02,1.895000000000000018e+00,1.189999999999999947e-01,nan,nan,nan,nan,4.620700000000000074e+01,8.990999999999999659e+01
2.480589999999999975e+02,1.172729999999999961e+02,-7.871000000000000441e+00,6.000000000000000125e-03,8.106999999999999318e+00,2.819999999999999729e-01,-2.002150000000000034e+02,2.310000000000000109e-01,2.002150000000000034e+02,2.700659999999999741e+02,1.943000000000000060e+00,2.819999999999999729e-01,nan,nan,nan,nan,4.620700000000000074e+01,8.990999999999999659e+01
2.484610000000000127e+02,1.141110000000000042e+02,-7.868000000000000327e+00,-1.000000000000000021e-03,8.132999999999999119e+00,3.899999999999999994e-02,-2.010190000000000055e+02,2.310000000000000109e-01,2.010190000000000055e+02,2.700659999999999741e+02,2.056999999999999940e+00,3.799999999999999906e-02,nan,nan,nan,nan,4.620700000000000074e+01,8.990999999999999659e+01
2.488629999999999995e+02,1.109500000000000028e+02,-7.868999999999999773e+00,6.000000000000000125e-03,8.137000000000000455e+00,2.630000000000000115e-01,-2.018480000000000132e+02,2.310000000000000109e-01,2.018489999999999895e+02,2.700649999999999977e+02,2.072000000000000064e+00,2.630000000000000115e-01,nan,nan,nan,nan,4.620700000000000074e+01,8.990999999999999659e+01
2.492649999999999864e+02,1.077890000000000015e+02,-7.865999999999999659e+00,3.000000000000000062e-03,8.108000000000000540e+00,2.730000000000000204e-01,-2.026599999999999966e+02,2.310000000000000109e-01,2.026599999999999966e+02,2.700649999999999977e+02,1.965999999999999970e+00,2.730000000000000204e-01,nan,nan,nan,nan,4.620700000000000074e+01,8.990999999999999659e+01
2.496659999999999968e+02,1.046299999999999955e+02,-7.865000000000000213e+00,-9.012000000000000045e-04,8.134000000000000341e+00,8.000000000000000167e-03,-2.034720000000000084e+02,2.300000000000000100e-01,2.034720000000000084e+02,2.700649999999999977e+02,2.076000000000000068e+00,8.000000000000000167e-03,nan,nan,nan,nan,4.620700000000000074e+01,8.990999999999999659e+01
2.500680000000000121e+02,1.014710000000000036e+02,-7.865000000000000213e+00,3.000000000000000062e-03,8.134000000000000341e+00,5.199999999999999761e-02,-2.043050000000000068e+02,2.300000000000000100e-01,2.043050000000000068e+02,2.700649999999999977e+02,2.072999999999999954e+00,5.199999999999999761e-02,nan,nan,nan,nan,4.620700000000000074e+01,8.990999999999999659e+01
2.504689999999999941e+02,9.831300000000000239e+01,-7.863999999999999879e+00,3.000000000000000062e-03,8.137999999999999901e+00,1.400000000000000029e-02,-2.051409999999999911e+02,2.300000000000000100e-01,2.051419999999999959e+02,2.700640000000000214e+02,2.093999999999999861e+00,1.299999999999999940e-02,nan,nan,nan,nan,4.620700000000000074e+01,8.990999999999999659e+01
2.508710000000000093e+02,9.515699999999999648e+01,-7.863000000000000433e+00,5.000000000000000104e-03,8.134999999999999787e+00,2.220000000000000029e-01,-2.059809999999999945e+02,2.300000000000000100e-01,2.059809999999999945e+02,2.700640000000000214e+02,2.088999999999999968e+00,2.220000000000000029e-01,nan,nan,nan,nan,4.620700000000000074e+01,8.990999999999999659e+01
2.512719999999999914e+02,9.200100000000000477e+01,-7.860999999999999766e+00,4.000000000000000083e-03,8.111000000000000654e+00,2.819999999999999729e-01,-2.068009999999999877e+02,2.300000000000000100e-01,2.068009999999999877e+02,2.700640000000000214e+02,1.999000000000000110e+00,2.819999999999999729e-01,nan,nan,nan,nan,4.620700000000000074e+01,8.990999999999999659e+01
2.516740000000000066e+02,8.884600000000000364e+01,-7.858999999999999986e+00,3.000000000000000062e-03,8.082000000000000739e+00,2.919999999999999818e-01,-2.075809999999999889e+02,2.300000000000000100e-01,2.075809999999999889e+02,2.700640000000000214e+02,1.885999999999999899e+00,2.919999999999999818e-01,nan,nan,nan,nan,4.620700000000000074e+01,8.990999999999999659e+01
2.520749999999999886e+02,8.569299999999999784e+01,-7.857999999999999652e+00,2.000000000000000042e-03,8.054000000000000270e+00,2.479999999999999982e-01,-2.083149999999999977e+02,2.300000000000000100e-01,2.083149999999999977e+02,2.700629999999999882e+02,1.768999999999999906e+00,2.479999999999999982e-01,nan,nan,nan,nan,4.620700000000000074e+01,8.990999999999999659e+01
2.524759999999999991e+02,8.254000000000000625e+01,-7.857000000000000206e+00,3.601000000000000251e-04,8.032000000000000028e+00,1.059999999999999970e-01,-2.090049999999999955e+02,2.300000000000000100e-01,2.090049999999999955e+02,2.700629999999999882e+02,1.669999999999999929e+00,1.059999999999999970e-01,nan,nan,nan,nan,4.620700000000000074e+01,8.990999999999999659e+01
2.528770000000000095e+02,7.938700000000000045e+01,-7.857000000000000206e+00,5.000000000000000104e-03,8.041000000000000369e+00,2.260000000000000064e-01,-2.096829999999999927e+02,2.300000000000000100e-01,2.096829999999999927e+02,2.700629999999999882e+02,1.711999999999999966e+00,2.260000000000000064e-01,nan,nan,nan,nan,4.620700000000000074e+01,8.990999999999999659e+01
2.532789999999999964e+02,7.623600000000000421e+01,-7.855000000000000426e+00,4.240000000000000062e-04,8.058999999999999275e+00,5.500000000000000028e-02,-2.103880000000000052e+02,2.300000000000000100e-01,2.103880000000000052e+02,2.700629999999999882e+02,1.802999999999999936e+00,5.500000000000000028e-02,nan,nan,nan,nan,4.620700000000000074e+01,8.990999999999999659e+01
2.536800000000000068e+02,7.308599999999999852e+01,-7.855000000000000426e+00,3.000000000000000062e-03,8.054000000000000270e+00,2.699999999999999969e-02,-2.111069999999999993e+02,2.300000000000000100e-01,2.111069999999999993e+02,2.700620000000000118e+02,1.780999999999999917e+00,2.699999999999999969e-02,nan,nan,nan,nan,4.620700000000000074e+01,8.990999999999999659e+01
2.540809999999999889e+02,6.993699999999999761e+01,-7.852999999999999758e+00,3.000000000000000062e-03,8.050000000000000711e+00,5.199999999999999761e-02,-2.118189999999999884e+02,2.300000000000000100e-01,2.118189999999999884e+02,2.700620000000000118e+02,1.770000000000000018e+00,5.199999999999999761e-02,nan,nan,nan,nan,4.620700000000000074e+01,8.990999999999999659e+01
2.544819999999999993e+02,6.678900000000000148e+01,-7.852000000000000313e+00,4.000000000000000083e-03,8.044999999999999929e+00,1.600000000000000033e-01,-2.125240000000000009e+02,2.300000000000000100e-01,2.125240000000000009e+02,2.700620000000000118e+02,1.749000000000000110e+00,1.600000000000000033e-01,nan,nan,nan,nan,4.620700000000000074e+01,8.990999999999999659e+01
2.548820000000000050e+02,6.364099999999999824e+01,-7.850999999999999979e+00,3.000000000000000062e-03,8.028999999999999915e+00,1.529999999999999971e-01,-2.132119999999999891e+02,2.300000000000000100e-01,2.132129999999999939e+02,2.700620000000000118e+02,1.685000000000000053e+00,1.529999999999999971e-01,nan,nan,nan,nan,4.620700000000000074e+01,8.990999999999999659e+01
2.552829999999999870e+02,6.049499999999999744e+01,-7.849000000000000199e+00,2.000000000000000042e-03,8.041000000000000369e+00,2.100000000000000130e-02,-2.139000000000000057e+02,2.300000000000000100e-01,2.139000000000000057e+02,2.700620000000000118e+02,1.747000000000000108e+00,2.100000000000000130e-02,nan,nan,nan,nan,4.620700000000000074e+01,8.990999999999999659e+01
2.556839999999999975e+02,5.734899999999999665e+01,-7.849000000000000199e+00,4.000000000000000083e-03,8.042999999999999261e+00,1.160000000000000059e-01,-2.146020000000000039e+02,2.300000000000000100e-01,2.146020000000000039e+02,2.700609999999999786e+02,1.754999999999999893e+00,1.160000000000000059e-01,nan,nan,nan,nan,4.620700000000000074e+01,8.990999999999999659e+01
2.560849999999999795e+02,5.420499999999999829e+01,-7.847000000000000419e+00,3.000000000000000062e-03,8.051000000000000156e+00,1.170000000000000068e-01,-2.153139999999999930e+02,2.300000000000000100e-01,2.153139999999999930e+02,2.700609999999999786e+02,1.800999999999999934e+00,1.170000000000000068e-01,nan,nan,nan,nan,4.620700000000000074e+01,8.990999999999999659e+01
2.564850000000000136e+02,5.106099999999999994e+01,-7.846000000000000085e+00,1.400000000000000029e-02,8.060999999999999943e+00,4.729999999999999760e-01,-2.160449999999999875e+02,2.300000000000000100e-01,2.160449999999999875e+02,2.700609999999999786e+02,1.848000000000000087e+00,4.729999999999999760e-01,nan,nan,nan,nan,4.620700000000000074e+01,8.990999999999999659e+01
2.568860000000000241e+02,4.792000000000000171e+01,-7.841000000000000192e+00,-8.000000000000000167e-03,8.101000000000000867e+00,1.120000000000000023e-01,-2.168240000000000123e+02,2.300000000000000100e-01,2.168240000000000123e+02,2.700609999999999786e+02,2.037999999999999812e+00,1.120000000000000023e-01,nan,nan,nan,nan,4.620700000000000074e+01,8.990999999999999659e+01
2.572869999999999777e+02,4.477700000000000102e+01,-7.844000000000000306e+00,8.000000000000000167e-03,8.115999999999999659e+00,3.340000000000000191e-01,-2.176490000000000009e+02,2.300000000000000100e-01,2.176490000000000009e+02,2.700600000000000023e+02,2.081999999999999851e+00,3.340000000000000191e-01,nan,nan,nan,nan,4.620700000000000074e+01,8.990999999999999659e+01
2.576870000000000118e+02,4.163700000000000045e+01,-7.841000000000000192e+00,5.000000000000000104e-03,8.079000000000000625e+00,3.870000000000000107e-01,-2.184559999999999889e+02,2.300000000000000100e-01,2.184559999999999889e+02,2.700600000000000023e+02,1.949000000000000066e+00,3.870000000000000107e-01,nan,nan,nan,nan,4.620700000000000074e+01,8.990999999999999659e+01
2.580869999999999891e+02,3.849699999999999989e+01,-7.839000000000000412e+00,-3.000000000000000062e-03,8.115999999999999659e+00,1.640000000000000069e-01,-2.192680000000000007e+02,2.300000000000000100e-01,2.192680000000000007e+02,2.700600000000000023e+02,2.104000000000000092e+00,1.640000000000000069e-01,nan,nan,nan,nan,4.620700000000000074e+01,8.990999999999999659e+01
2.584879999999999995e+02,3.535699999999999932e+01,-7.839999999999999858e+00,5.000000000000000104e-03,8.101000000000000867e+00,2.650000000000000133e-01,-2.200970000000000084e+02,2.300000000000000100e-01,2.200970000000000084e+02,2.700600000000000023e+02,2.037999999999999812e+00,2.650000000000000133e-01,nan,nan,nan,nan,4.620700000000000074e+01,8.990999999999999659e+01
2.588879999999999768e+02,3.221900000000000119e+01,-7.838000000000000078e+00,3.000000000000000062e-03,8.073000000000000398e+00,2.500000000000000000e-01,-2.208909999999999911e+02,2.290000000000000091e-01,2.208909999999999911e+02,2.700600000000000023e+02,1.931999999999999940e+00,2.500000000000000000e-01,nan,nan,nan,nan,4.620700000000000074e+01,8.990999999999999659e+01
2.592880000000000109e+02,2.908200000000000074e+01,-7.836999999999999744e+00,1.000000000000000021e-03,8.096000000000000085e+00,1.769999999999999907e-01,-2.216850000000000023e+02,2.290000000000000091e-01,2.216850000000000023e+02,2.700590000000000259e+02,2.032000000000000028e+00,1.769999999999999907e-01,nan,nan,nan,nan,4.620700000000000074e+01,8.990999999999999659e+01
2.596890000000000214e+02,2.594600000000000151e+01,-7.836999999999999744e+00,2.000000000000000042e-03,8.077999999999999403e+00,7.399999999999999634e-02,-2.224840000000000089e+02,2.290000000000000091e-01,2.224840000000000089e+02,2.700590000000000259e+02,1.961000000000000076e+00,7.399999999999999634e-02,nan,nan,nan,nan,4.620700000000000074e+01,8.990999999999999659e+01
2.600889999999999986e+02,2.281099999999999994e+01,-7.836000000000000298e+00,3.000000000000000062e-03,8.070999999999999730e+00,3.400000000000000244e-02,-2.232620000000000005e+02,2.290000000000000091e-01,2.232630000000000052e+02,2.700590000000000259e+02,1.931999999999999940e+00,3.400000000000000244e-02,nan,nan,nan,nan,4.620700000000000074e+01,8.990999999999999659e+01
2.604889999999999759e+02,1.967599999999999838e+01,-7.834999999999999964e+00,3.000000000000000062e-03,8.066000000000000725e+00,9.299999999999999933e-02,-2.240320000000000107e+02,2.290000000000000091e-01,2.240329999999999870e+02,2.700590000000000259e+02,1.917999999999999927e+00,9.299999999999999933e-02,nan,nan,nan,nan,4.620700000000000074e+01,8.990999999999999659e+01
2.608890000000000100e+02,1.654299999999999926e+01,-7.833999999999999631e+00,3.000000000000000062e-03,8.055999999999999162e+00,4.499999999999999833e-02,-2.247920000000000016e+02,2.290000000000000091e-01,2.247920000000000016e+02,2.700579999999999927e+02,1.881000000000000005e+00,4.499999999999999833e-02,nan,nan,nan,nan,4.620700000000000074e+01,8.990999999999999659e+01
2.612889999999999873e+02,1.341000000000000014e+01,-7.833000000000000185e+00,5.000000000000000104e-03,8.051000000000000156e+00,2.300000000000000100e-01,-2.255409999999999968e+02,2.290000000000000091e-01,2.255409999999999968e+02,2.700579999999999927e+02,1.862999999999999989e+00,2.300000000000000100e-01,nan,nan,nan,nan,4.620700000000000074e+01,8.990999999999999659e+01
2.616890000000000214e+02,1.027899999999999991e+01,-7.830000000000000071e+00,6.216000000000000388e-04,8.070999999999999730e+00,9.800000000000000377e-02,-2.263040000000000020e+02,2.290000000000000091e-01,2.263040000000000020e+02,2.700579999999999927e+02,1.955000000000000071e+00,9.800000000000000377e-02,nan,nan,nan,nan,4.620700000000000074e+01,8.990999999999999659e+01
2.620880000000000223e+02,7.147999999999999687e+00,-7.830000000000000071e+00,2.000000000000000042e-03,8.060999999999999943e+00,5.000000000000000278e-02,-2.270780000000000030e+02,2.290000000000000091e-01,2.270780000000000030e+02,2.700579999999999927e+02,1.915999999999999925e+00,5.000000000000000278e-02,nan,nan,nan,nan,4.620700000000000074e+01,8.990999999999999659e+01
2.624879999999999995e+02,4.017999999999999794e+00,-7.828999999999999737e+00,5.000000000000000104e-03,8.054999999999999716e+00,1.970000000000000084e-01,-2.278400000000000034e+02,2.290000000000000091e-01,2.278400000000000034e+02,2.700579999999999927e+02,1.895999999999999908e+00,1.970000000000000084e-01,nan,nan,nan,nan,4.620700000000000074e+01,8.990999999999999659e+01
2.628879999999999768e+02,8.890000000000000124e-01,-7.826999999999999957e+00,1.799999999999999864e-02,8.073000000000000398e+00,5.889999999999999680e-01,-2.286129999999999995e+02,2.290000000000000091e-01,2.286129999999999995e+02,2.700570000000000164e+02,1.973999999999999977e+00,5.889999999999999680e-01,nan,nan,nan,nan,4.620700000000000074e+01,8.990999999999999659e+01
