# Time (s),Altitude (m),Vertical velocity (m/s),Total velocity (m/s),Vertical acceleration (m/s²),Total acceleration (m/s²),Position East of launch (m),Position North of launch (m),Lateral distance (m),Lateral direction (°),Lateral velocity (m/s),Lateral acceleration (m/s²),Latitude (° N),Longitude (° E),Angle of attack (°),Roll rate (°/s),Pitch rate (°/s),Yaw rate (°/s),Vertical orientation (zenith) (°),Lateral orientation (azimuth) (°)
0,0,0,0,0,0,0,0,0,0,0,0,28.61,-80.6,90,0,0,0,90,0
0.01,0,0,0,0,0,0,0,0,0,0,0,28.61,-80.6,90,0,0,0,90,0
0.02,0,1.787e-4,2.143e-4,0.107,0.129,0,0,0,0,1.184e-4,0.071,28.61,-80.6,89.998,0,0,0,90,0
0.03,8.969e-5,0.026,0.026,5.06,5.061,-4.767e-6,0,4.767e-6,270,8.38e-4,0.073,28.61,-80.6,89.709,0,0,0,90,0
0.04,6.854e-4,0.101,0.101,10.015,10.015,-1.682e-5,0,1.682e-5,270,0.002,0.075,28.61,-80.6,88.879,0,0,0,90,0
0.05,0.002,0.226,0.226,14.972,14.972,-3.636e-5,0,3.636e-5,270,0.002,0.077,28.61,-80.6,87.525,0,0,0,90,0
0.06,0.005,0.401,0.401,19.931,19.931,-6.358e-5,0,6.358e-5,270,0.003,0.079,28.61,-80.6,85.656,0,0,0,90,0
0.07,0.01,0.625,0.625,24.892,24.892,-9.866e-5,0,9.866e-5,270,0.004,0.081,28.61,-80.6,83.299,0,0,0,90,0
0.08,0.018,0.899,0.899,29.855,29.855,-1.418e-4,0,1.418e-4,270,0.005,0.083,28.61,-80.6,80.483,0,0,0,90,0
0.09,0.029,1.222,1.222,34.82,34.82,-1.933e-4,0,1.933e-4,270,0.006,0,28.61,-80.6,77.253,0,0,0,90,0
0.1,0.043,1.595,1.595,39.787,39.787,-2.491e-4,0,2.491e-4,270,0.006,0,28.61,-80.6,73.671,0,0,0,90,0
0.11,0.061,2.018,2.018,44.756,44.756,-3.049e-4,0,3.049e-4,270,0.006,0,28.61,-80.6,69.407,0,0,0,90,0
0.12,0.083,2.49,2.49,49.727,49.727,-3.607e-4,0,3.607e-4,270,0.006,0,28.61,-80.6,64.817,0,0,0,90,0
0.13,0.111,3.012,3.012,54.7,54.7,-4.165e-4,0,4.165e-4,270,0.006,0,28.61,-80.6,60.021,0,0,0,90,0
0.14,0.144,3.584,3.584,59.675,59.675,-4.723e-4,0,4.723e-4,270,0.006,0,28.61,-80.6,55.152,0,0,0,90,0
0.146,0.166,3.951,3.951,62.661,62.661,-5.057e-4,0,5.057e-4,270,0.006,0,28.61,-80.6,52.252,0,0,0,90,0
0.155,0.204,4.516,4.516,62.732,62.732,-5.559e-4,0,5.559e-4,270,0.006,0,28.61,-80.6,48.582,0,0,0,90,0
0.165,0.253,5.143,5.143,62.81,62.81,-6.117e-4,0,6.117e-4,270,0.006,0,28.61,-80.6,45.36,0,0,0,90,0
0.175,0.307,5.772,5.772,62.889,62.889,-6.675e-4,0,6.675e-4,270,0.006,0,28.61,-80.6,42.549,0,0,0,90,0
0.185,0.368,6.401,6.401,62.967,62.967,-7.233e-4,0,7.233e-4,270,0.006,0,28.61,-80.6,40.087,0,0,0,90,0
0.195,0.435,7.031,7.031,63.045,63.045,-7.791e-4,0,7.791e-4,270,0.006,0,28.61,-80.6,37.919,0,0,0,90,0
0.205,0.509,7.662,7.662,63.123,63.123,-8.349e-4,0,8.349e-4,270,0.006,0,28.61,-80.6,36.061,0,0,0,90,0
0.215,0.588,8.294,8.294,63.201,63.201,-8.907e-4,0,8.907e-4,270,0.006,0,28.61,-80.6,34.467,0,0,0,90,0
0.225,0.675,8.926,8.926,63.279,63.279,-9.464e-4,0,9.464e-4,270,0.006,0,28.61,-80.6,33.047,0,0,0,90,0
0.235,0.767,9.559,9.559,63.357,63.357,-0.001,0,0.001,270,0.006,0,28.61,-80.6,31.774,0,0,0,90,0
0.245,0.866,10.193,10.193,63.434,63.434,-0.001,0,0.001,270,0.006,0,28.61,-80.6,30.628,0,0,0,90,0
0.255,0.971,10.828,10.828,63.512,63.512,-0.001,0,0.001,270,0.006,0,28.61,-80.6,29.3,0,0,0,90,0
0.265,1.082,11.463,11.463,63.589,63.589,-0.001,0,0.001,270,0.006,0,28.61,-80.6,27.804,0,0,0,90,0
0.275,1.2,12.1,12.1,63.666,63.666,-0.001,0,0.001,270,0.006,0,28.61,-80.6,26.428,0,0,0,90,0
0.285,1.324,12.737,12.737,63.743,63.743,-0.001,0,0.001,270,0.006,0,28.61,-80.6,25.16,0,0,0,90,0
0.295,1.455,13.374,13.374,63.82,63.82,-0.001,0,0.001,270,0.006,0,28.61,-80.6,23.988,0,0,0,90,0
0.305,1.592,14.013,14.013,63.897,63.897,-0.001,0,0.001,270,0.006,0,28.61,-80.6,22.852,0,0,0,90,0
0.315,1.735,14.652,14.652,63.974,63.974,-0.001,0,0.001,270,0.006,0,28.61,-80.6,21.749,0,0,0,90,0
0.325,1.885,15.292,15.292,64.05,64.05,-0.002,0,0.002,270,0.006,0,28.61,-80.6,20.722,0,0,0,90,0
0.335,2.041,15.933,15.933,64.127,64.127,-0.002,0,0.002,270,0.006,0,28.61,-80.6,19.764,0,0,0,90,0
0.345,2.203,16.575,16.575,64.204,64.204,-0.002,0,0.002,270,0.006,0,28.61,-80.6,18.869,0,0,0,90,0
0.355,2.372,17.217,17.217,64.28,64.28,-0.002,0,0.002,270,0.006,0,28.61,-80.6,18.183,0,0,0,90,0
0.365,2.548,17.861,17.861,64.357,64.357,-0.002,0,0.002,270,0.006,0,28.61,-80.6,17.687,0,0,0,90,0
0.375,2.73,18.505,18.505,64.433,64.433,-0.002,0,0.002,270,0.006,0,28.61,-80.6,17.222,0,0,0,90,0
0.385,2.918,19.149,19.149,64.509,64.509,-0.002,0,0.002,270,0.006,0,28.61,-80.6,16.786,0,0,0,90,0
0.395,3.113,19.795,19.795,64.585,64.585,-0.002,0,0.002,270,0.006,0,28.61,-80.6,16.376,0,0,0,90,0
0.405,3.314,20.441,20.441,64.662,64.662,-0.002,0,0.002,270,0.006,0,28.61,-80.6,15.862,0,0,0,90,0
0.415,3.521,21.088,21.088,64.738,64.738,-0.002,0,0.002,270,0.006,0,28.61,-80.6,15.251,0,0,0,90,0
0.425,3.736,21.736,21.736,64.815,64.815,-0.002,0,0.002,270,0.006,0,28.61,-80.6,14.674,0,0,0,90,0
0.435,3.956,22.384,22.384,64.891,64.891,-0.002,0,0.002,270,0.006,0,28.61,-80.6,14.126,0,0,0,90,0
0.446,4.206,23.099,23.099,64.976,64.976,-0.002,-5.122e-9,0.002,270,0.006,0,28.61,-80.6,13.556,0,0,0,90,0
0.456,4.441,23.748,23.748,65.004,65.004,-0.002,-5.257e-9,0.002,270,0.006,0,28.61,-80.6,13.214,0,0,0,90,0
0.466,4.681,24.399,24.399,65.033,65.033,-0.002,-5.392e-9,0.002,270,0.006,0,28.61,-80.6,12.986,0,0,0,90,0
0.476,4.929,25.049,25.049,65.061,65.061,-0.002,-5.527e-9,0.002,270,0.006,0,28.61,-80.6,12.77,0,0,0,90,0
0.486,5.182,25.7,25.7,65.089,65.089,-0.002,-5.662e-9,0.002,270,0.006,0,28.61,-80.6,12.564,0,0,0,90,0
0.496,5.443,26.351,26.351,65.117,65.117,-0.002,-5.797e-9,0.002,270,0.006,0,28.61,-80.6,12.368,0,0,0,90,0
0.506,5.709,27.002,27.002,65.145,65.145,-0.003,-5.932e-9,0.003,270,0.006,0,28.61,-80.6,12.135,0,0,0,90,0
0.516,5.983,27.654,27.654,65.173,65.173,-0.003,-6.067e-9,0.003,270,0.006,0,28.61,-80.6,11.884,0,0,0,90,0
0.526,6.262,28.306,28.306,65.201,65.208,-0.003,-6.202e-9,0.003,270,0.006,0.966,28.61,-80.6,11.644,0,0,0,90,0
0.541,6.694,29.284,29.284,65.243,65.25,-0.003,-6.496e-9,0.003,270,0.02,0.986,28.61,-80.6,11.271,0,0.495,5.573e-5,89.996,90.006
0.564,7.37,30.753,30.753,65.306,65.314,-0.004,-7.876e-9,0.004,270,0.042,0.981,28.61,-80.6,10.614,0,1.271,-2.145e-5,89.977,90.002
0.597,8.445,32.958,32.958,65.402,65.409,-0.006,-1.361e-8,0.006,270,0.075,0.906,28.61,-80.6,9.581,0,2.481,-2.2e-5,89.913,90
0.647,10.175,36.232,36.232,65.544,65.547,-0.01,-3.33e-8,0.01,270,0.115,0.676,28.61,-80.6,8.175,0,4.351,2.13e-4,89.743,90.001
0.697,12.068,39.513,39.513,65.681,65.682,-0.017,-8.217e-8,0.017,270,0.141,0.336,28.61,-80.6,7.136,0,6.3,2.809e-4,89.477,90.002
0.746,14.072,42.718,42.718,65.813,65.813,-0.024,-1.95e-7,0.024,270,0.145,0.184,28.61,-80.6,5.977,0,8.233,9.629e-5,89.123,90.001
0.796,16.291,46.011,46.011,65.907,65.912,-0.031,-4.022e-7,0.031,269.999,0.119,0.868,28.61,-80.6,4.887,0,10.155,1.217e-5,88.663,90.001
0.846,18.674,49.308,49.308,65.988,66.01,-0.035,-6.925e-7,0.035,269.999,0.055,1.711,28.61,-80.6,3.839,0,11.943,2.934e-4,88.109,90.001
0.896,21.222,52.609,52.609,66.051,66.103,-0.035,-1.076e-6,0.035,269.998,0.052,2.621,28.61,-80.6,3.157,0,13.582,4.898e-4,87.471,90.001
0.946,23.935,55.913,55.913,66.094,66.196,-0.029,-1.586e-6,0.029,269.997,0.209,3.682,28.61,-80.6,2.421,0,15.065,9.408e-4,86.754,90.001
0.996,26.813,59.218,59.22,66.104,66.292,-0.013,-2.287e-6,0.013,269.99,0.425,4.986,28.61,-80.6,1.276,0,16.152,0.002,85.971,90.001
1.046,29.856,62.523,62.527,66.086,66.383,0.015,-3.298e-6,0.015,90.013,0.707,6.271,28.61,-80.6,0.536,0,16.695,0.005,85.148,90.002
1.096,33.065,65.821,65.829,65.813,66.26,0.058,-4.742e-6,0.058,90.005,1.055,7.682,28.61,-80.6,0.475,0,-16.618,0.005,84.311,90.002
1.146,36.438,69.104,69.12,65.508,66.133,0.121,-6.735e-6,0.121,90.003,1.474,9.073,28.61,-80.6,1.319,0,-15.711,0.002,83.5,90.002
1.196,39.975,72.371,72.398,65.199,66.001,0.207,-9.36e-6,0.207,90.003,1.958,10.26,28.61,-80.6,1.724,0,-14.12,0.002,82.752,90.002
1.246,43.675,75.623,75.665,64.877,65.867,0.318,-1.254e-5,0.318,90.002,2.5,11.372,28.61,-80.6,2.158,0,-11.962,0.001,82.097,90.001
1.296,47.537,78.859,78.92,64.57,65.725,0.458,-1.604e-5,0.458,90.002,3.092,12.27,28.61,-80.6,2.416,0,-9.216,0.002,81.566,90.001
1.346,51.561,82.081,82.166,64.309,65.573,0.628,-1.939e-5,0.628,90.002,3.72,12.815,28.61,-80.6,2.357,-1.082e-6,-6.114,0.003,81.182,90
1.396,55.745,85.286,85.398,63.897,65.237,0.83,-2.192e-5,0.83,90.002,4.371,13.157,28.61,-80.6,2.357,-6.17e-7,-2.804,0.003,80.958,89.999
1.446,60.089,88.471,88.614,63.504,64.894,1.065,-2.266e-5,1.065,90.001,5.035,13.362,28.61,-80.6,2.483,0,0.871,0.003,80.907,89.998
1.496,64.592,91.639,91.815,63.213,64.53,1.333,-2.074e-5,1.333,90.001,5.695,12.971,28.61,-80.6,2.103,-9.712e-7,4.655,0.003,81.047,89.997
1.546,69.253,94.794,95.004,62.989,64.149,1.634,-1.547e-5,1.634,90.001,6.324,12.145,28.61,-80.6,1.483,-1.9e-6,7.828,0.004,81.362,89.996
1.596,74.071,97.938,98.181,62.802,63.755,1.965,-6.363e-6,1.965,90,6.904,10.986,28.61,-80.6,0.711,-1.583e-6,9.902,0.009,81.811,89.995
1.646,79.046,101.073,101.345,62.588,63.36,2.324,7.082e-6,2.324,90,7.425,9.857,28.61,-80.6,0.152,-1.354e-6,10.731,0.041,82.331,89.995
1.696,84.178,104.197,104.495,62.364,62.953,2.707,2.534e-5,2.707,89.999,7.886,8.597,28.61,-80.6,0.484,-1.397e-6,-10.312,0.011,82.863,89.993
1.746,89.466,107.309,107.628,62.096,62.549,3.111,4.9e-5,3.111,89.999,8.288,7.519,28.61,-80.6,0.913,-8.454e-7,-8.605,0.005,83.341,89.992
1.796,94.909,110.406,110.744,61.776,62.15,3.535,7.853e-5,3.535,89.999,8.645,6.807,28.61,-80.6,1.065,-1.276e-6,-6.077,0.004,83.71,89.991
1.846,100.506,113.486,113.84,61.443,61.743,3.975,1.142e-4,3.975,89.998,8.966,6.08,28.61,-80.6,1.375,0,-2.823,0.004,83.937,89.991
1.896,106.257,116.549,116.916,61.056,61.341,4.431,1.554e-4,4.431,89.998,9.264,5.905,28.61,-80.6,1.371,1.091e-6,1.088,0.002,83.981,89.992
1.946,112.161,119.59,119.973,60.585,60.949,4.902,2.018e-4,4.902,89.998,9.576,6.653,28.61,-80.6,0.793,5.199e-7,4.353,0.005,83.839,89.995
1.95,112.64,119.832,120.217,60.545,60.918,4.94,2.056e-4,4.94,89.998,9.602,6.732,28.61,-80.6,0.739,5.201e-7,4.54,0.006,83.821,89.995
1.956,113.36,120.195,120.582,60.485,60.865,4.998,2.115e-4,4.998,89.998,9.643,6.795,28.61,-80.6,0.706,5.22e-7,4.807,0.006,83.793,89.995
1.965,114.444,120.739,121.129,60.394,60.787,5.085,2.204e-4,5.085,89.998,9.704,6.896,28.61,-80.6,0.653,5.302e-7,5.186,0.006,83.748,89.996
1.978,116.079,121.554,121.948,60.256,60.669,5.216,2.34e-4,5.216,89.997,9.799,7.064,28.61,-80.6,0.569,5.26e-7,5.704,0.008,83.674,89.997
1.999,118.553,122.772,123.174,60.044,60.492,5.416,2.546e-4,5.416,89.997,9.945,7.345,28.61,-80.6,0.434,5.499e-7,6.35,0.01,83.552,89.998
2.029,122.31,124.591,125.006,59.727,60.223,5.722,2.861e-4,5.722,89.997,10.173,7.716,28.61,-80.6,0.299,5.529e-7,7.077,0.018,83.347,90
2.075,128.049,127.301,127.737,59.224,59.822,6.194,3.334e-4,6.194,89.997,10.54,8.437,28.61,-80.6,0.007,8.467e-7,7.564,0.78,83.009,90.002
2.125,134.487,130.248,130.71,58.668,59.377,6.732,3.84e-4,6.732,89.997,10.982,9.143,28.61,-80.6,0.23,8.881e-7,-7.006,0.025,82.641,90.003
2.175,141.073,133.168,133.659,58.137,58.919,7.292,4.326e-4,7.292,89.997,11.451,9.566,28.61,-80.6,0.286,9.491e-7,-5.99,0.016,82.315,90.003
2.225,147.804,136.062,136.584,57.611,58.456,7.877,4.789e-4,7.877,89.997,11.937,9.902,28.61,-80.6,0.327,1.002e-6,-4.788,0.017,82.044,90.002
2.254,151.817,137.746,138.288,57.306,58.182,8.231,5.052e-4,8.231,89.996,12.23,10.057,28.61,-80.6,0.347,9.315e-7,-3.959,0.013,81.916,90.001
2.298,157.929,140.257,140.828,56.899,57.804,8.779,5.448e-4,8.779,89.996,12.675,10.187,28.61,-80.6,0.343,1.689e-6,-2.636,0.011,81.771,89.998
2.348,165.012,143.09,143.696,56.421,57.377,9.425,5.925e-4,9.425,89.996,13.192,10.434,28.61,-80.6,0.452,2.264e-6,-0.824,0.012,81.682,89.994
2.398,172.237,145.9,146.543,56,56.932,10.098,6.47e-4,10.098,89.996,13.71,10.262,28.61,-80.6,0.379,2.206e-6,1.166,0.008,81.692,89.991
2.448,179.602,148.691,149.368,55.645,56.466,10.796,7.111e-4,10.796,89.996,14.208,9.589,28.61,-80.6,0.088,1.345e-6,2.335,0.024,81.785,89.99
2.498,187.106,151.463,152.173,55.243,56.01,11.518,7.857e-4,11.518,89.996,14.678,9.238,28.61,-80.6,0.007,1.425e-6,2.541,0.333,81.909,89.99
2.548,194.748,154.216,154.956,54.853,55.544,12.263,8.711e-4,12.263,89.996,15.127,8.737,28.61,-80.6,0.148,1.856e-6,-2.178,0.015,82.031,89.99
2.554,195.679,154.546,155.29,54.801,55.489,12.355,8.821e-4,12.355,89.996,15.18,8.71,28.61,-80.6,0.15,1.855e-6,-2.078,0.014,82.044,89.991
2.563,197.079,155.042,155.791,54.731,55.418,12.492,8.988e-4,12.492,89.996,15.259,8.697,28.61,-80.6,0.14,1.856e-6,-1.934,0.015,82.062,89.991
2.577,199.188,155.784,156.541,54.624,55.31,12.7,9.244e-4,12.7,89.996,15.377,8.685,28.61,-80.6,0.123,1.858e-6,-1.737,0.015,82.087,89.992
2.597,202.371,156.894,157.663,54.462,55.149,13.015,9.639e-4,13.015,89.996,15.553,8.682,28.61,-80.6,0.094,1.877e-6,-1.487,0.012,82.12,89.993
2.628,207.187,158.553,159.34,54.231,54.902,13.494,0.001,13.494,89.996,15.817,8.554,28.61,-80.6,0.115,1.876e-6,-1.13,0.009,82.16,89.995
2.673,214.505,161.029,161.842,53.886,54.525,14.227,0.001,14.227,89.995,16.204,8.329,28.61,-80.6,0.174,2.3e-6,-0.396,0.005,82.196,89.997
2.723,222.624,163.714,164.555,53.48,54.115,15.048,0.001,15.048,89.995,16.616,8.268,28.61,-80.6,0.175,1.942e-6,0.805,0.011,82.186,90
2.773,230.876,166.377,167.246,53.052,53.703,15.889,0.001,15.889,89.995,17.034,8.337,28.61,-80.6,0.144,2.178e-6,1.68,0.01,82.123,90.002
2.823,239.261,169.018,169.917,52.598,53.29,16.751,0.001,16.751,89.995,17.452,8.56,28.61,-80.6,0.071,1.593e-6,2.585,0.019,82.015,90
2.854,244.474,170.628,171.546,52.294,53.042,17.291,0.001,17.291,89.995,17.72,8.873,28.61,-80.6,0.039,1.644e-6,-2.65,0.041,81.933,89.999
2.9,252.385,173.025,173.973,51.803,52.62,18.116,0.002,18.116,89.995,18.137,9.241,28.61,-80.6,0.163,9.059e-7,-1.981,0.013,81.823,89.995
2.95,261.101,175.601,176.585,51.269,52.164,19.035,0.002,19.035,89.995,18.61,9.619,28.61,-80.6,0.305,4.255e-7,-0.23,0.019,81.764,89.99
3,269.945,178.155,179.173,50.884,51.656,19.977,0.002,19.977,89.995,19.074,8.897,28.61,-80.6,0.063,-9.287e-7,1.173,0.032,81.795,89.986
3.05,278.916,180.69,181.739,50.497,51.149,20.942,0.002,20.942,89.995,19.5,8.143,28.61,-80.6,0.168,-3.561e-7,-0.73,0.004,81.849,89.983
3.1,288.013,183.202,184.281,50.012,50.663,21.927,0.002,21.927,89.995,19.904,8.095,28.61,-80.6,0.155,2.987e-7,0.603,0.004,81.852,89.984
3.15,297.236,185.689,186.798,49.453,50.192,22.932,0.002,22.932,89.994,20.321,8.58,28.61,-80.6,0.023,0,-1.144,-0.042,81.803,89.99
3.154,297.971,185.885,186.996,49.413,50.153,23.013,0.002,23.013,89.994,20.355,8.588,28.61,-80.6,0.026,0,-1.128,-0.036,81.798,89.99
3.16,299.076,186.178,187.293,49.349,50.093,23.134,0.002,23.134,89.994,20.406,8.598,28.61,-80.6,0.031,0,-1.098,-0.028,81.791,89.991
3.169,300.736,186.617,187.738,49.255,50.002,23.316,0.002,23.316,89.994,20.483,8.613,28.61,-80.6,0.036,0,-1.049,-0.021,81.782,89.993
3.182,303.234,187.274,188.404,49.113,49.865,23.59,0.002,23.59,89.994,20.598,8.631,28.61,-80.6,0.044,0,-0.959,-0.014,81.769,89.995
3.202,306.996,188.256,189.399,48.901,49.66,24.005,0.002,24.005,89.994,20.771,8.647,28.61,-80.6,0.053,0,-0.788,-0.005,81.751,89.998
3.232,312.677,189.722,190.884,48.588,49.349,24.633,0.003,24.633,89.994,21.031,8.635,28.61,-80.6,0.057,0,-0.493,-0.003,81.732,90.001
3.277,321.281,191.902,193.094,48.127,48.879,25.59,0.003,25.59,89.994,21.418,8.541,28.61,-80.6,0.043,3.477e-7,-0.08,-0.004,81.719,90.003
3.327,330.936,194.296,195.519,47.605,48.358,26.672,0.003,26.672,89.994,21.843,8.498,28.61,-80.6,0.053,7.035e-7,0.251,-0.008,81.723,90.005
3.377,340.71,196.663,197.919,47.125,47.82,27.774,0.003,27.774,89.994,22.263,8.122,28.61,-80.6,0.032,1.253e-6,-0.652,-0.038,81.749,90.003
3.427,350.602,199.008,200.293,46.65,47.277,28.897,0.003,28.897,89.994,22.655,7.673,28.61,-80.6,0.138,1.206e-6,0.353,-0.015,81.761,89.998
3.454,355.913,200.245,201.546,46.37,46.992,29.503,0.003,29.503,89.994,22.858,7.623,28.61,-80.6,0.145,1.348e-6,1.119,-0.013,81.741,89.995
3.494,363.942,202.088,203.411,45.954,46.613,30.421,0.003,30.421,89.994,23.166,7.81,28.61,-80.6,0.09,1.179e-6,2.096,-0.011,81.676,89.992
3.544,374.103,204.371,205.726,45.39,46.148,31.59,0.004,31.59,89.994,23.569,8.33,28.61,-80.6,0.046,8.723e-7,-2.339,-0.021,81.559,89.991
3.594,384.379,206.627,208.016,44.847,45.676,32.779,0.004,32.779,89.993,23.995,8.666,28.61,-80.6,0.132,2.204e-6,-1.315,-0.008,81.464,89.991
3.644,394.766,208.858,210.281,44.401,45.169,33.989,0.004,33.989,89.993,24.421,8.294,28.61,-80.6,0.04,1.478e-6,-0.273,-0.011,81.429,89.993
3.694,405.264,211.066,212.522,43.907,44.68,35.221,0.004,35.221,89.993,24.834,8.279,28.61,-80.6,0.054,2.814e-6,0.206,-0.009,81.426,89.996
3.744,415.872,213.25,214.738,43.449,44.177,36.472,0.004,36.472,89.993,25.242,7.985,28.61,-80.6,0.001,3.181e-6,0.527,-0.229,81.448,89.997
3.758,418.881,213.861,215.359,43.32,44.034,36.829,0.004,36.829,89.993,25.354,7.898,28.61,-80.6,0.014,3.181e-6,-0.552,-0.026,81.456,89.997
3.779,423.411,214.774,216.285,43.11,43.808,37.367,0.004,37.367,89.993,25.52,7.788,28.61,-80.6,0.03,3.197e-6,-0.442,-0.013,81.467,89.997
3.811,430.242,216.136,217.666,42.779,43.472,38.18,0.005,38.18,89.993,25.765,7.735,28.61,-80.6,0.028,3.449e-6,-0.155,-0.01,81.476,89.995
3.858,440.568,218.158,219.718,42.25,42.977,39.414,0.005,39.414,89.993,26.137,7.87,28.61,-80.6,0.025,3.443e-6,0.186,0.004,81.482,89.994
3.908,451.529,220.257,221.849,41.733,42.44,40.73,0.005,40.73,89.993,26.526,7.718,28.61,-80.6,0.01,3.538e-6,0.401,0.026,81.497,89.99
3.958,462.594,222.331,223.953,41.224,41.897,42.066,0.005,42.066,89.993,26.908,7.48,28.61,-80.6,0.023,3.728e-6,-0.397,0.013,81.519,89.988
4.008,473.762,224.381,226.031,40.746,41.34,43.421,0.005,43.421,89.993,27.268,6.979,28.61,-80.6,0.118,4.415e-6,0.617,0.021,81.519,89.991
4.058,485.031,226.405,228.082,40.197,40.795,44.793,0.006,44.793,89.993,27.614,6.959,28.61,-80.6,0.117,7.105e-6,2.343,0.034,81.444,89.998
4.062,485.848,226.549,228.229,40.153,40.757,44.892,0.006,44.892,89.993,27.639,6.99,28.61,-80.6,0.11,7.105e-6,2.455,0.036,81.436,89.998
4.067,487.073,226.766,228.449,40.08,40.693,45.042,0.006,45.042,89.993,27.677,7.04,28.61,-80.6,0.099,7.109e-6,2.611,0.041,81.422,89.999
4.076,488.913,227.091,228.778,39.969,40.599,45.266,0.006,45.266,89.993,27.734,7.121,28.61,-80.6,0.082,7.105e-6,2.813,0.048,81.4,90
4.088,491.679,227.576,229.27,39.801,40.457,45.604,0.006,45.604,89.993,27.822,7.257,28.61,-80.6,0.053,7.109e-6,3.039,0.078,81.364,90
4.106,495.838,228.3,230.005,39.552,40.244,46.113,0.006,46.113,89.993,27.956,7.434,28.61,-80.6,0.018,7.126e-6,3.194,0.23,81.307,90.001
4.133,502.102,229.378,231.1,39.193,39.918,46.881,0.006,46.881,89.993,28.161,7.575,28.61,-80.6,0.008,7.121e-6,-3.202,0.455,81.218,90
4.174,511.552,230.975,232.724,38.624,39.442,48.044,0.006,48.044,89.993,28.479,7.989,28.61,-80.6,0.09,7.26e-6,-2.777,0.038,81.092,89.996
4.224,523.148,232.889,234.674,37.961,38.859,49.478,0.006,49.478,89.993,28.889,8.307,28.61,-80.599,0.158,1.071e-5,-0.81,0.016,80.998,89.988
4.274,534.84,234.773,236.594,37.395,38.242,50.933,0.007,50.933,89.993,29.299,8.007,28.61,-80.599,0.116,1.125e-5,1.33,0.015,81.014,89.984
4.324,546.625,236.63,238.484,36.861,37.62,52.407,0.007,52.407,89.993,29.684,7.515,28.61,-80.599,0.049,1.062e-5,2.401,0.048,81.111,89.985
4.362,555.559,238.01,239.888,36.469,37.151,53.53,0.007,53.53,89.992,29.96,7.083,28.61,-80.599,0.008,1.041e-5,-2.731,0.204,81.21,89.987
4.412,567.505,239.82,241.726,35.931,36.482,55.037,0.007,55.037,89.992,30.294,6.315,28.61,-80.599,0.121,8.88e-6,-1.643,0.013,81.327,89.994
4.462,579.541,241.602,243.532,35.314,35.829,56.559,0.008,56.559,89.992,30.601,6.056,28.61,-80.599,0.146,4.659e-6,0.65,0.013,81.353,89.998
4.512,591.665,243.35,245.305,34.588,35.198,58.097,0.008,58.097,89.992,30.911,6.529,28.61,-80.599,0.048,6.497e-6,2.455,0.061,81.268,90
4.562,603.875,245.059,247.045,33.814,34.594,59.651,0.008,59.651,89.992,31.261,7.305,28.61,-80.599,0.101,8.875e-6,-1.769,0.027,81.153,89.994
4.612,616.17,246.734,248.752,33.179,33.936,61.223,0.009,61.223,89.992,31.624,7.124,28.61,-80.599,0.078,1.347e-5,-0.138,0.016,81.107,89.987
4.663,628.797,248.411,250.46,32.593,33.244,62.845,0.009,62.845,89.992,31.973,6.546,28.61,-80.599,0.008,1.386e-5,-0.473,0.068,81.122,89.984
4.713,641.258,250.027,252.104,32.033,32.648,64.452,0.009,64.452,89.992,32.29,6.309,28.61,-80.599,0.033,1.371e-5,0.18,0.003,81.131,89.985
4.763,653.799,251.612,253.718,31.362,32.099,66.074,0.01,66.074,89.992,32.618,6.843,28.61,-80.599,0.077,1.412e-5,0.221,-0.012,81.124,89.989
4.813,666.418,253.165,255.302,30.782,31.518,67.714,0.01,67.714,89.992,32.966,6.772,28.61,-80.599,0.087,1.259e-5,2.178,-0.004,81.185,89.991
4.863,679.115,254.693,256.858,30.356,30.87,69.37,0.01,69.37,89.992,33.274,5.608,28.61,-80.599,0.084,1.317e-5,-2.123,-0.01,81.305,89.99
4.913,691.887,256.198,258.384,29.824,30.266,71.04,0.011,71.04,89.991,33.538,5.151,28.61,-80.599,0.139,1.346e-5,0.279,0.004,81.354,89.989
4.962,704.477,257.644,259.852,29.148,29.715,72.69,0.011,72.69,89.991,33.803,5.779,28.61,-80.599,0.025,1.502e-5,2.001,0.014,81.29,89.99
5.012,717.394,259.041,261.277,26.781,27.468,74.388,0.011,74.388,89.991,34.108,6.101,28.61,-80.599,0.077,1.723e-5,-0.953,-8.856e-4,81.209,89.991
5.062,730.379,260.326,262.587,24.602,25.138,76.1,0.012,76.1,89.991,34.386,5.163,28.61,-80.599,0.023,1.814e-5,0.662,0.006,81.176,89.991
5.112,743.425,261.499,263.783,22.321,22.883,77.826,0.012,77.826,89.991,34.64,5.037,28.61,-80.599,0.01,1.827e-5,-0.866,0.007,81.135,89.988
5.162,756.527,262.558,264.866,20.044,20.654,79.564,0.013,79.564,89.991,34.891,4.979,28.61,-80.599,0.054,1.697e-5,-0.138,0.001,81.107,89.987
5.212,769.679,263.505,265.836,17.863,18.387,81.315,0.013,81.315,89.991,35.13,4.36,28.61,-80.599,0.012,1.614e-5,0.857,0.039,81.128,89.985
5.262,782.875,264.346,266.695,15.743,16.098,83.076,0.013,83.076,89.991,35.316,3.361,28.61,-80.599,0.09,1.551e-5,0.346,-0.011,81.149,89.983
5.312,796.112,265.078,267.443,13.532,13.992,84.847,0.014,84.847,89.991,35.489,3.56,28.61,-80.599,0.009,1.643e-5,1.38,-0.101,81.099,89.983
5.362,809.381,265.699,268.083,11.319,11.957,86.625,0.014,86.625,89.991,35.672,3.853,28.61,-80.599,0.085,1.663e-5,-0.788,-0.008,81.036,89.985
5.412,822.68,266.21,268.616,9.192,9.918,88.414,0.015,88.414,89.99,35.874,3.724,28.61,-80.599,0.118,1.944e-5,2.156,0.01,81.07,89.984
5.462,836.001,266.624,269.044,7.341,7.542,90.212,0.015,90.212,89.99,36.006,1.733,28.61,-80.599,0.135,2.128e-5,-1.729,0.006,81.187,89.985
5.512,849.34,266.941,269.367,5.311,5.405,92.014,0.016,92.014,89.99,36.07,1.004,28.61,-80.599,0.197,1.869e-5,2.1,-0.002,81.182,89.985
5.56,862.145,267.146,269.577,3.188,3.552,93.744,0.016,93.744,89.99,36.125,1.567,28.61,-80.599,0.069,1.687e-5,5.254,-0.034,80.994,89.983
5.567,864.029,267.167,269.6,2.852,3.383,93.999,0.016,93.999,89.99,36.137,1.82,28.61,-80.599,0.024,1.688e-5,5.393,-0.093,80.957,89.983
5.578,866.855,267.195,269.631,2.482,3.329,94.381,0.016,94.381,89.99,36.158,2.219,28.61,-80.599,0.043,1.687e-5,-5.345,-0.05,80.9,89.983
5.593,871.095,267.23,269.671,1.933,3.381,94.955,0.017,94.955,89.99,36.198,2.773,28.61,-80.599,0.137,1.671e-5,-4.716,-0.015,80.819,89.983
5.617,877.455,267.267,269.717,1.191,3.286,95.818,0.017,95.818,89.99,36.269,3.062,28.61,-80.599,0.196,1.514e-5,-2.907,-0.006,80.727,89.984
5.653,886.996,267.292,269.755,0.205,2.76,97.114,0.017,97.114,89.99,36.375,2.753,28.61,-80.599,0.172,1.982e-5,0.006,-0.004,80.676,89.985
5.703,900.361,267.269,269.749,-1.079,2.161,98.936,0.018,98.936,89.99,36.493,1.872,28.61,-80.599,0.074,1.595e-5,2.838,-0.041,80.757,89.989
5.753,913.722,267.185,269.674,-2.296,2.377,100.763,0.018,100.763,89.99,36.554,0.615,28.61,-80.599,0.083,1.344e-5,-2.599,-0.028,80.906,89.992
5.803,927.078,267.036,269.53,-3.664,3.689,102.591,0.019,102.591,89.989,36.579,0.434,28.61,-80.599,0.076,1.43e-5,-0.871,-0.024,80.991,89.988
5.853,940.425,266.822,269.317,-4.939,4.961,104.42,0.019,104.42,89.989,36.574,0.459,28.61,-80.599,0.181,1.125e-5,2.22,-0.036,80.965,89.98
5.871,945.243,266.728,269.223,-5.484,5.487,105.08,0.02,105.08,89.989,36.568,0.184,28.61,-80.599,0.127,1.148e-5,3.427,-0.048,80.913,89.978
5.898,952.466,266.57,269.067,-6.145,6.16,106.071,0.02,106.071,89.989,36.571,0.427,28.61,-80.599,0.02,1.123e-5,4.28,-0.327,80.806,89.976
5.939,963.293,266.3,268.805,-7.157,7.306,107.558,0.02,107.558,89.989,36.61,1.468,28.61,-80.599,0.163,8.482e-6,-2.982,-0.035,80.648,89.976
5.989,976.598,265.914,268.434,-8.253,8.469,109.391,0.021,109.391,89.989,36.7,1.903,28.61,-80.599,0.256,4.017e-7,1.802,-0.021,80.613,89.983
6.025,986.352,265.599,268.131,-8.844,8.896,110.739,0.022,110.739,89.989,36.756,0.962,28.61,-80.599,0.129,-2.578e-6,5.038,-0.046,80.744,89.987
6.075,999.62,265.139,267.675,-9.573,9.61,112.577,0.022,112.577,89.989,36.756,0.846,28.61,-80.599,0.131,-5.288e-6,-4.821,-0.039,81.012,89.989
6.125,1012.865,264.64,267.17,-10.41,10.61,114.413,0.023,114.413,89.989,36.684,2.051,28.61,-80.599,0.297,-1.256e-5,-0.379,-0.015,81.154,89.986
6.158,1021.433,264.292,266.817,-11.068,11.256,115.6,0.023,115.6,89.989,36.615,2.049,28.61,-80.599,0.281,-1.15e-5,3.71,-0.011,81.099,89.983
6.171,1024.915,264.145,266.667,-11.379,11.512,116.083,0.023,116.083,89.988,36.59,1.745,28.61,-80.599,0.227,-1.158e-5,5.111,-0.016,81.041,89.982
6.191,1030.135,263.917,266.437,-11.679,11.73,116.806,0.024,116.806,89.988,36.561,1.097,28.61,-80.599,0.119,-1.152e-5,6.544,-0.035,80.924,89.981
6.22,1037.955,263.563,266.085,-12.156,12.156,117.889,0.024,117.889,89.988,36.545,0.008,28.61,-80.599,0.065,-1.108e-5,-6.865,-0.064,80.72,89.979
6.265,1049.666,263.007,265.538,-12.821,12.881,119.515,0.024,119.515,89.988,36.575,1.245,28.61,-80.599,0.28,-8.774e-6,-3.528,-0.005,80.476,89.976
6.3,1058.784,262.556,265.098,-13.2,13.276,120.785,0.025,120.785,89.988,36.624,1.421,28.61,-80.599,0.319,-1.26e-5,0.921,-0.01,80.429,89.976
6.33,1066.815,262.149,264.699,-13.345,13.353,121.907,0.025,121.907,89.988,36.654,0.464,28.61,-80.599,0.173,-1.408e-5,4.084,-0.018,80.511,89.979
6.376,1078.839,261.533,264.086,-13.516,13.578,123.59,0.026,123.59,89.988,36.633,1.291,28.61,-80.599,0.104,-1.466e-5,-4.585,-0.017,80.728,89.987
6.426,1091.898,260.85,263.396,-13.757,14.086,125.419,0.027,125.419,89.988,36.53,3.026,28.61,-80.599,0.375,-1.433e-5,-0.026,-0.004,80.864,89.99
6.453,1098.779,260.485,263.022,-13.98,14.373,126.382,0.027,126.382,89.988,36.443,3.337,28.61,-80.599,0.419,-1.624e-5,4.362,-0.01,80.808,89.988
6.471,1103.589,260.224,262.756,-14.296,14.499,127.055,0.027,127.055,89.988,36.39,2.414,28.61,-80.599,0.264,-1.544e-5,6.918,-0.014,80.702,89.986
6.499,1110.795,259.818,262.348,-14.979,15,128.063,0.028,128.063,89.988,36.345,0.783,28.61,-80.599,0.019,-1.582e-5,-8.29,-0.095,80.484,89.981
6.54,1121.582,259.177,261.712,-15.843,15.849,129.573,0.028,129.573,89.988,36.341,0.442,28.61,-80.599,0.247,-1.25e-5,-5.874,-0.01,80.178,89.974
6.581,1132.16,258.513,261.06,-16.637,16.696,131.059,0.029,131.059,89.987,36.38,1.397,28.61,-80.599,0.427,-1.602e-5,-0.354,1.866e-4,80.041,89.972
6.605,1138.303,258.113,260.669,-16.964,17.009,131.925,0.029,131.925,89.987,36.413,1.234,28.61,-80.599,0.411,-1.437e-5,3.707,0.006,80.082,89.972
6.63,1144.71,257.69,260.252,-17.12,17.12,132.83,0.029,132.83,89.987,36.429,0.02,28.61,-80.599,0.21,-1.241e-5,6.781,0.012,80.216,89.974
6.667,1154.3,257.048,259.611,-17.361,17.467,134.187,0.03,134.187,89.987,36.389,1.924,28.61,-80.599,0.104,-1.149e-5,-7.294,0.037,80.492,89.981
6.717,1167.131,256.168,258.72,-17.872,18.203,136.003,0.031,136.003,89.987,36.251,3.454,28.61,-80.599,0.351,-2.599e-5,-2.666,0.013,80.758,89.991
6.747,1174.718,255.632,258.174,-18.284,18.65,137.076,0.031,137.076,89.987,36.144,3.676,28.61,-80.599,0.379,-2.649e-5,1.609,0.01,80.774,89.994
6.771,1180.929,255.182,257.717,-18.732,18.987,137.954,0.031,137.954,89.987,36.06,3.105,28.61,-80.599,0.271,-2.514e-5,4.697,0.012,80.695,89.993
6.807,1190.224,254.486,257.016,-19.426,19.502,139.268,0.032,139.268,89.987,35.972,1.718,28.61,-80.599,0.012,-2.455e-5,6.686,0.415,80.477,89.986
6.857,1202.924,253.491,256.025,-20.344,20.344,141.065,0.033,141.065,89.987,35.928,0.168,28.61,-80.599,0.289,-2.067e-5,-3.824,0.016,80.193,89.976
6.894,1212.271,252.73,255.271,-20.868,20.868,142.392,0.033,142.392,89.987,35.93,0.095,28.61,-80.599,0.353,-1.988e-5,0.788,0.017,80.135,89.972
6.925,1219.972,252.089,254.636,-21.149,21.155,143.488,0.034,143.488,89.987,35.925,0.527,28.61,-80.599,0.254,-1.722e-5,4.335,0.016,80.216,89.972
6.968,1230.75,251.177,253.725,-21.412,21.526,145.026,0.034,145.026,89.986,35.87,2.208,28.61,-80.599,0.039,-1.798e-5,-6.235,0.124,80.458,89.976
7.018,1243.282,250.098,252.634,-21.804,22.13,146.815,0.035,146.815,89.986,35.711,3.786,28.61,-80.598,0.316,-1.809e-5,-2.4,0.012,80.692,89.98
7.053,1251.994,249.33,251.855,-22.252,22.565,148.059,0.036,148.059,89.986,35.577,3.75,28.61,-80.598,0.299,-2.061e-5,1.593,0.006,80.705,89.982
7.071,1256.569,248.918,251.439,-22.52,22.794,148.712,0.036,148.712,89.986,35.51,3.524,28.61,-80.598,0.251,-2.115e-5,3.415,0.007,80.659,89.982
7.099,1263.418,248.297,250.81,-22.636,22.818,149.689,0.036,149.689,89.986,35.422,2.877,28.61,-80.598,0.127,-2.012e-5,5.301,0.017,80.536,89.982
7.14,1273.658,247.357,249.867,-22.851,22.917,151.15,0.037,151.15,89.986,35.327,1.732,28.61,-80.598,0.097,-2.071e-5,-5.499,0.023,80.302,89.98
7.19,1285.997,246.209,248.722,-23.052,23.065,152.915,0.038,152.915,89.986,35.268,0.769,28.61,-80.598,0.289,-3.157e-5,-1.898,0.012,80.105,89.977
7.23,1295.815,245.287,247.805,-23.045,23.064,154.323,0.038,154.323,89.986,35.236,0.954,28.61,-80.598,0.257,-2.556e-5,2.068,0.01,80.111,89.974
7.275,1306.862,244.25,246.77,-22.887,22.976,155.912,0.039,155.912,89.986,35.172,2.025,28.61,-80.598,0.047,-2.967e-5,4.598,0.079,80.273,89.974
7.325,1319.046,243.111,245.623,-22.751,22.953,157.668,0.04,157.668,89.986,35.038,3.036,28.61,-80.598,0.158,-2.886e-5,-3.201,0.024,80.481,89.978
7.375,1331.185,241.972,244.473,-22.734,22.98,159.417,0.041,159.417,89.985,34.879,3.357,28.61,-80.598,0.226,-2.97e-5,-0.041,0.026,80.566,89.985
7.425,1343.255,240.839,243.327,-22.608,22.849,161.157,0.041,161.157,89.985,34.714,3.308,28.61,-80.598,0.219,-3.019e-5,3.549,0.036,80.477,89.99
7.475,1355.269,239.709,242.188,-22.631,22.755,162.889,0.042,162.889,89.985,34.563,2.365,28.61,-80.598,0.024,-2.522e-5,6.106,0.286,80.222,89.986
7.525,1367.226,238.575,241.053,-22.705,22.737,164.615,0.043,164.615,89.985,34.479,1.198,28.61,-80.598,0.222,-2.597e-5,-4.188,0.026,79.949,89.977
7.575,1379.126,237.441,239.924,-22.656,22.668,166.337,0.044,166.337,89.985,34.43,0.748,28.61,-80.598,0.317,-2.561e-5,0.075,0.031,79.842,89.968
7.615,1388.549,236.543,239.031,-22.492,22.516,167.706,0.044,167.706,89.985,34.398,1.042,28.61,-80.598,0.252,-2.489e-5,3.84,0.049,79.922,89.963
7.665,1400.348,235.426,237.914,-22.158,22.264,169.424,0.045,169.424,89.985,34.318,2.169,28.61,-80.598,0.002,-2.675e-5,1.041,5.749,80.18,89.964
7.679,1403.698,235.112,237.598,-22.068,22.207,169.912,0.045,169.912,89.985,34.285,2.48,28.61,-80.598,0.071,-2.678e-5,-5.68,0.173,80.263,89.965
7.7,1408.715,234.642,237.125,-21.93,22.12,170.644,0.046,170.644,89.985,34.227,2.894,28.61,-80.598,0.167,-2.69e-5,-4.888,0.07,80.377,89.969
7.732,1416.222,233.943,236.418,-21.72,22.016,171.739,0.046,171.739,89.985,34.122,3.594,28.61,-80.598,0.325,-2.821e-5,-2.413,0.045,80.498,89.977
7.773,1425.654,233.068,235.531,-21.602,21.892,173.114,0.047,173.114,89.985,33.973,3.553,28.61,-80.598,0.324,-2.104e-5,1.898,0.047,80.507,89.988
7.814,1435.226,232.18,234.633,-21.579,21.774,174.51,0.048,174.51,89.984,33.842,2.911,28.61,-80.598,0.186,-2.338e-5,4.913,0.086,80.362,89.994
7.864,1446.808,231.102,233.548,-21.567,21.673,176.198,0.048,176.198,89.984,33.712,2.147,28.61,-80.598,0.012,-2.149e-5,6.52,0.961,80.063,89.988
7.914,1458.336,230.022,232.468,-21.615,21.642,177.882,0.049,177.882,89.984,33.633,1.091,28.61,-80.598,0.232,-2.067e-5,-4.864,0.031,79.763,89.975
7.964,1469.81,228.942,231.393,-21.548,21.56,179.562,0.05,179.562,89.984,33.592,0.691,28.61,-80.598,0.324,-2.388e-5,-0.6,0.016,79.622,89.967
8.007,1479.585,228.024,230.48,-21.364,21.388,180.999,0.051,180.999,89.984,33.557,1.013,28.61,-80.598,0.247,-2.809e-5,3.014,0.012,79.678,89.966
8.057,1490.96,226.963,229.42,-21.082,21.153,182.675,0.051,182.675,89.984,33.489,1.738,28.61,-80.598,0.068,-3.083e-5,5.302,0.018,79.896,89.972
8.107,1502.282,225.915,228.369,-20.81,20.954,184.347,0.052,184.347,89.984,33.385,2.456,28.61,-80.598,0.117,-3.183e-5,-4.986,-0.008,80.163,89.979
8.157,1513.552,224.882,227.325,-20.555,20.8,186.013,0.053,186.013,89.984,33.241,3.18,28.61,-80.598,0.301,-2.673e-5,-1.892,9.937e-5,80.344,89.984
8.205,1524.404,223.891,226.322,-20.442,20.672,187.617,0.054,187.617,89.984,33.087,3.081,28.61,-80.598,0.285,-2.156e-5,2.15,0.005,80.337,89.985
8.255,1535.573,222.87,225.292,-20.41,20.562,189.267,0.055,189.267,89.983,32.945,2.489,28.61,-80.598,0.144,-2.502e-5,5.242,0.001,80.144,89.98
8.305,1546.691,221.848,224.267,-20.481,20.525,190.912,0.056,190.912,89.983,32.85,1.337,28.61,-80.598,0.142,-2.379e-5,-5.198,0.004,79.868,89.97
8.355,1557.758,220.824,223.246,-20.459,20.474,192.553,0.056,192.553,89.983,32.799,0.791,28.61,-80.598,0.28,-1.922e-5,-2.231,-0.005,79.675,89.963
8.405,1568.773,219.804,222.232,-20.299,20.323,194.192,0.057,194.192,89.983,32.757,0.989,28.61,-80.598,0.23,-2.698e-5,1.272,-0.008,79.655,89.964
8.455,1579.738,218.795,221.224,-20.063,20.127,195.828,0.058,195.828,89.983,32.694,1.595,28.61,-80.598,0.069,-3.181e-5,3.273,-0.011,79.777,89.972
8.505,1590.653,217.798,220.224,-19.823,19.951,197.461,0.059,197.461,89.983,32.597,2.256,28.61,-80.598,0.111,-3.167e-5,-3,-0.005,79.943,89.981
8.555,1601.518,216.812,219.23,-19.626,19.813,199.088,0.06,199.088,89.983,32.471,2.714,28.61,-80.598,0.238,-3.544e-5,-0.646,-0.002,80.04,89.985
8.605,1612.334,215.833,218.242,-19.542,19.701,200.708,0.061,200.708,89.983,32.339,2.503,28.61,-80.598,0.19,-3.734e-5,2.123,-0.002,80,89.982
8.655,1623.102,214.857,217.26,-19.5,19.61,202.322,0.062,202.322,89.983,32.222,2.08,28.61,-80.598,0.08,-3.341e-5,3.912,-0.005,79.844,89.977
8.705,1633.82,213.881,216.283,-19.55,19.583,203.931,0.063,203.931,89.982,32.143,1.139,28.61,-80.598,0.172,-3.364e-5,-3.261,0.002,79.652,89.972
8.755,1644.49,212.905,215.31,-19.474,19.497,205.537,0.063,205.537,89.982,32.094,0.951,28.61,-80.598,0.223,-3.423e-5,-0.682,0.005,79.552,89.97
8.805,1655.111,211.937,214.343,-19.254,19.319,207.14,0.064,207.14,89.982,32.031,1.58,28.61,-80.598,0.05,-3.211e-5,0.981,0.019,79.568,89.969
8.855,1665.684,210.979,213.383,-19.072,19.175,208.739,0.065,208.739,89.982,31.941,1.985,28.61,-80.598,0.068,-3.226e-5,-0.836,0.019,79.619,89.97
8.905,1676.209,210.029,212.428,-18.93,19.055,210.334,0.066,210.334,89.982,31.837,2.181,28.61,-80.598,0.129,-3.252e-5,0.355,0.015,79.633,89.973
8.955,1686.686,209.085,211.478,-18.815,18.948,211.923,0.067,211.923,89.982,31.724,2.249,28.61,-80.598,0.151,-3.181e-5,2.11,0.018,79.572,89.976
9.005,1697.117,208.145,210.534,-18.811,18.885,213.506,0.068,213.506,89.982,31.626,1.668,28.61,-80.598,0.011,-3.17e-5,-2.905,0.304,79.439,89.98
9.055,1707.501,207.205,209.593,-18.785,18.826,215.086,0.069,215.086,89.982,31.554,1.253,28.61,-80.598,0.13,-3.148e-5,-2.06,0.029,79.309,89.979
9.105,1717.838,206.268,208.658,-18.689,18.729,216.662,0.07,216.662,89.982,31.493,1.225,28.61,-80.598,0.137,-3.382e-5,-0.501,0.02,79.245,89.975
9.155,1728.128,205.336,207.728,-18.562,18.611,218.235,0.071,218.235,89.981,31.429,1.36,28.61,-80.598,0.093,-3.275e-5,0.813,0.022,79.255,89.97
9.205,1738.371,204.412,206.803,-18.426,18.49,219.805,0.071,219.805,89.981,31.356,1.531,28.61,-80.598,0.036,-3.283e-5,1.487,0.077,79.315,89.965
9.255,1748.569,203.492,205.883,-18.335,18.392,221.371,0.072,221.371,89.981,31.283,1.442,28.61,-80.598,0.053,-3.257e-5,2.045,0.06,79.403,89.963
9.305,1758.721,202.58,204.969,-18.169,18.259,222.933,0.073,222.933,89.981,31.202,1.806,28.61,-80.598,0.066,-3.197e-5,-1.957,0.045,79.508,89.966
9.355,1768.827,201.675,204.06,-18.031,18.145,224.49,0.074,224.49,89.981,31.105,2.03,28.61,-80.598,0.144,-3.339e-5,-0.81,0.023,79.58,89.973
9.405,1778.888,200.777,203.156,-17.916,18.045,226.043,0.075,226.043,89.981,30.999,2.15,28.61,-80.598,0.186,-3.352e-5,1.046,0.028,79.576,89.979
9.455,1788.905,199.881,202.256,-17.905,17.982,227.591,0.076,227.591,89.981,30.904,1.671,28.61,-80.598,0.042,-3.437e-5,2.177,0.112,79.489,89.983
9.505,1798.877,198.989,201.361,-17.795,17.887,229.134,0.077,229.134,89.981,30.816,1.812,28.61,-80.598,0.086,-3.404e-5,2.916,0.036,79.363,89.981
9.555,1808.804,198.1,200.469,-17.774,17.832,230.672,0.078,230.672,89.981,30.734,1.438,28.61,-80.598,0.034,-3.355e-5,-3.193,0.053,79.206,89.973
9.605,1818.687,197.211,199.582,-17.756,17.788,232.207,0.079,232.207,89.981,30.672,1.068,28.61,-80.598,0.153,-3.45e-5,-2.218,0.011,79.066,89.965
9.655,1828.525,196.324,198.699,-17.701,17.723,233.74,0.08,233.74,89.98,30.625,0.887,28.61,-80.598,0.21,-3.354e-5,-0.319,0.009,79,89.96
9.705,1838.319,195.443,197.82,-17.564,17.601,235.27,0.081,235.27,89.98,30.575,1.14,28.61,-80.598,0.123,-3.231e-5,1.363,0.019,79.03,89.959
9.755,1848.069,194.568,196.946,-17.409,17.473,236.797,0.082,236.797,89.98,30.51,1.492,28.61,-80.598,0.002,-3.243e-5,-1.054,1.728,79.12,89.963
9.805,1857.776,193.703,196.077,-17.201,17.339,238.32,0.083,238.32,89.98,30.417,2.18,28.61,-80.598,0.237,-3.062e-5,-0.827,0.034,79.2,89.972
9.855,1867.44,192.847,195.212,-17.068,17.246,239.838,0.084,239.838,89.98,30.298,2.478,28.61,-80.598,0.341,-3.562e-5,2.099,0.04,79.172,89.981
9.905,1877.061,191.993,194.352,-17.086,17.193,241.35,0.085,241.35,89.98,30.187,1.913,28.61,-80.598,0.153,-3.707e-5,4.542,0.083,78.998,89.985
9.955,1886.639,191.137,193.495,-17.163,17.197,242.858,0.086,242.858,89.98,30.114,1.073,28.61,-80.598,0.138,-3.71e-5,-4.511,0.094,78.761,89.981
10.005,1896.175,190.28,192.64,-17.097,17.129,244.362,0.087,244.362,89.98,30.061,1.045,28.61,-80.597,0.152,-3.851e-5,-3.157,0.039,78.569,89.972
10.055,1905.667,189.427,191.79,-17.042,17.068,245.864,0.088,245.864,89.98,30.012,0.935,28.61,-80.597,0.192,-4.011e-5,-1.537,0.016,78.45,89.964
10.105,1915.117,188.576,190.943,-16.974,16.996,247.363,0.089,247.363,89.979,29.968,0.872,28.61,-80.597,0.211,-4.204e-5,0.309,0.012,78.419,89.959
10.155,1924.525,187.729,190.099,-16.903,16.921,248.861,0.089,248.861,89.979,29.928,0.796,28.61,-80.597,0.232,-4.294e-5,2.439,0.017,78.487,89.959
10.205,1933.89,186.889,189.261,-16.69,16.755,250.356,0.09,250.356,89.979,29.871,1.469,28.61,-80.597,0.021,-4.233e-5,-3.332,0.229,78.641,89.963
10.255,1943.214,186.058,188.428,-16.569,16.653,251.847,0.092,251.847,89.979,29.793,1.665,28.61,-80.597,0.105,-4.288e-5,-2.791,0.022,78.797,89.971
10.305,1952.496,185.232,187.599,-16.45,16.557,253.335,0.093,253.335,89.979,29.703,1.88,28.61,-80.597,0.195,-4.261e-5,-1.405,0.007,78.905,89.978
10.355,1961.737,184.411,186.774,-16.41,16.494,254.818,0.094,254.818,89.979,29.614,1.667,28.61,-80.597,0.125,-4.098e-5,-0.058,2.836e-4,78.939,89.982
10.405,1970.937,183.593,185.952,-16.307,16.41,256.296,0.095,256.296,89.979,29.526,1.832,28.61,-80.597,0.192,-4.232e-5,1.357,-0.005,78.909,89.979
10.455,1980.097,182.779,185.134,-16.278,16.357,257.77,0.095,257.77,89.979,29.439,1.6,28.61,-80.597,0.107,-4.162e-5,2.645,-0.024,78.806,89.971
10.505,1989.215,181.965,184.32,-16.263,16.316,259.24,0.096,259.24,89.979,29.367,1.31,28.61,-80.597,0.005,-4.128e-5,-2.942,-0.855,78.659,89.962
10.555,1998.293,181.153,183.508,-16.232,16.271,260.707,0.097,260.707,89.979,29.306,1.123,28.61,-80.597,0.078,-4.121e-5,-2.71,-0.07,78.513,89.956
10.605,2007.33,180.342,182.699,-16.194,16.223,262.171,0.098,262.171,89.978,29.253,0.974,28.61,-80.597,0.137,-4.181e-5,-1.854,-0.04,78.397,89.955
10.655,2016.327,179.532,181.894,-16.193,16.204,263.633,0.1,263.633,89.978,29.215,0.618,28.61,-80.597,0.275,-4.072e-5,-0.114,-0.023,78.343,89.959
10.705,2025.284,178.725,181.092,-16.089,16.108,265.093,0.101,265.093,89.978,29.182,0.775,28.61,-80.597,0.208,-4.186e-5,1.914,-0.036,78.39,89.967
10.755,2034.2,177.926,180.294,-15.885,15.953,266.551,0.102,266.551,89.978,29.125,1.47,28.61,-80.597,0.081,-4.128e-5,-2.342,-0.017,78.506,89.975
10.805,2043.076,177.134,179.5,-15.792,15.871,268.005,0.103,268.005,89.978,29.049,1.581,28.61,-80.597,0.137,-4.074e-5,-1.548,-0.017,78.605,89.982
10.855,2051.913,176.349,178.71,-15.623,15.771,269.455,0.104,269.455,89.978,28.954,2.152,28.61,-80.597,0.375,-3.986e-5,0.553,-0.003,78.637,89.983
10.905,2060.711,175.568,177.923,-15.597,15.718,270.9,0.105,270.9,89.978,28.85,1.943,28.61,-80.597,0.295,-3.584e-5,3.219,-0.009,78.54,89.978
10.955,2069.47,174.787,177.139,-15.648,15.706,272.34,0.106,272.34,89.978,28.768,1.341,28.61,-80.597,0.044,-3.625e-5,4.522,-0.044,78.339,89.968
11.005,2078.19,174.004,176.357,-15.686,15.709,273.777,0.107,273.777,89.978,28.714,0.851,28.61,-80.597,0.167,-3.694e-5,-4.021,-0.011,78.119,89.959
11.055,2086.871,173.22,175.578,-15.673,15.686,275.212,0.108,275.212,89.978,28.676,0.626,28.61,-80.597,0.267,-3.663e-5,-2.416,-0.012,77.955,89.953
11.105,2095.512,172.435,174.8,-15.701,15.702,276.645,0.109,276.645,89.977,28.658,0.177,28.61,-80.597,0.457,-3.8e-5,0.328,-5.928e-4,77.898,89.952
11.155,2104.114,171.652,174.026,-15.627,15.629,278.078,0.11,278.078,89.977,28.651,0.189,28.61,-80.597,0.446,-3.709e-5,3.725,-0.001,77.999,89.954
11.205,2112.677,170.875,173.256,-15.44,15.459,279.51,0.111,279.51,89.977,28.628,0.747,28.61,-80.597,0.19,-3.537e-5,6.051,-0.011,78.252,89.961
11.255,2121.202,170.107,172.491,-15.252,15.312,280.94,0.112,280.94,89.977,28.576,1.35,28.61,-80.597,0.096,-3.554e-5,-6.386,-0.032,78.571,89.968
11.305,2129.688,169.35,171.73,-15.073,15.201,282.367,0.113,282.367,89.977,28.492,1.972,28.61,-80.597,0.392,-3.636e-5,-4.632,-0.01,78.854,89.974
11.355,2138.137,168.6,170.972,-14.923,15.129,283.789,0.114,283.789,89.977,28.379,2.492,28.61,-80.597,0.636,-3.475e-5,-0.943,-0.004,79,89.975
11.401,2145.785,167.923,170.285,-14.865,15.078,285.076,0.115,285.076,89.977,28.263,2.526,28.61,-80.597,0.658,-3.371e-5,3.206,-2.555e-4,78.949,89.974
11.445,2153.236,167.263,169.616,-14.868,15.034,286.33,0.116,286.33,89.977,28.156,2.225,28.61,-80.597,0.524,-3.446e-5,6.858,-0.006,78.722,89.97
11.495,2161.58,166.517,168.865,-14.943,15.022,287.736,0.117,287.736,89.977,28.061,1.541,28.61,-80.597,0.203,-3.556e-5,9.363,-0.033,78.308,89.964
11.545,2169.888,165.767,168.116,-15.074,15.088,289.137,0.118,289.137,89.977,28.006,0.656,28.61,-80.597,0.228,-3.604e-5,-9.254,-0.033,77.831,89.959
11.595,2178.157,165.011,167.368,-15.162,15.162,290.537,0.119,290.537,89.976,27.99,0.049,28.61,-80.597,0.528,-3.423e-5,-6.64,-0.013,77.425,89.956
11.645,2186.389,164.251,166.621,-15.22,15.226,291.937,0.12,291.937,89.976,28.001,0.422,28.61,-80.597,0.758,-3.077e-5,-2.32,-0.006,77.196,89.955
11.685,2193.016,163.637,166.018,-15.154,15.158,293.069,0.121,293.069,89.976,28.018,0.332,28.61,-80.597,0.718,-3.088e-5,1.645,-0.011,77.183,89.956
11.728,2200.036,162.988,165.38,-15.018,15.018,294.274,0.122,294.274,89.976,28.025,0.026,28.61,-80.597,0.542,-2.901e-5,5.16,-0.012,77.333,89.959
11.778,2208.166,162.243,164.642,-14.795,14.814,295.674,0.123,295.674,89.976,28.007,0.745,28.61,-80.597,0.175,-2.68e-5,7.557,-0.037,77.66,89.964
11.828,2216.26,161.508,163.909,-14.597,14.664,297.074,0.124,297.074,89.976,27.951,1.401,28.61,-80.597,0.173,-2.664e-5,-7.39,-0.044,78.043,89.97
11.878,2224.317,160.783,163.18,-14.424,14.562,298.469,0.126,298.469,89.976,27.868,2.005,28.61,-80.597,0.494,-2.853e-5,-5.399,-0.017,78.371,89.973
11.928,2232.339,160.065,162.453,-14.327,14.501,299.86,0.127,299.86,89.976,27.757,2.239,28.61,-80.597,0.628,-2.562e-5,-1.656,-0.01,78.55,89.974
11.978,2240.324,159.349,161.73,-14.29,14.451,301.245,0.128,301.245,89.976,27.649,2.156,28.61,-80.597,0.597,-2.425e-5,2.007,-0.013,78.54,89.971
12.028,2248.274,158.635,161.009,-14.308,14.418,302.625,0.129,302.625,89.976,27.547,1.78,28.61,-80.597,0.41,-2.41e-5,5.238,-0.016,78.354,89.965
12.078,2256.187,157.918,160.289,-14.359,14.415,304,0.13,304,89.975,27.473,1.268,28.61,-80.597,0.141,-2.338e-5,6.791,-0.065,78.047,89.959
12.128,2264.065,157.199,159.572,-14.394,14.421,305.372,0.131,305.372,89.975,27.42,0.89,28.61,-80.597,0.069,-2.369e-5,-6.941,-0.178,77.698,89.954
12.178,2271.907,156.477,158.856,-14.503,14.504,306.742,0.132,306.742,89.975,27.388,0.179,28.61,-80.597,0.456,-2.318e-5,-5.701,-0.023,77.373,89.951
12.228,2279.713,155.749,158.141,-14.563,14.566,308.112,0.133,308.112,89.975,27.396,0.292,28.61,-80.597,0.713,-2.644e-5,-1.958,-0.012,77.176,89.951
12.277,2287.246,155.045,157.449,-14.457,14.457,309.44,0.135,309.44,89.975,27.407,0.033,28.61,-80.597,0.575,-2.58e-5,1.822,-0.009,77.176,89.953
12.327,2294.98,154.327,156.739,-14.293,14.301,310.81,0.136,310.81,89.975,27.395,0.465,28.61,-80.597,0.298,-2.592e-5,4.239,-0.011,77.334,89.957
12.377,2302.679,153.616,156.034,-14.138,14.169,312.179,0.137,312.179,89.975,27.36,0.935,28.61,-80.597,0.023,-2.498e-5,5.129,-0.124,77.575,89.963
12.427,2310.342,152.912,155.331,-14.037,14.085,313.546,0.138,313.546,89.975,27.304,1.16,28.61,-80.597,0.121,-2.482e-5,-4.64,-0.044,77.822,89.968
12.477,2317.97,152.212,154.631,-13.95,14.014,314.91,0.139,314.91,89.975,27.244,1.333,28.61,-80.597,0.235,-2.516e-5,-3.805,-0.033,78.036,89.971
12.527,2325.563,151.517,153.934,-13.855,13.944,316.27,0.14,316.27,89.975,27.171,1.572,28.61,-80.597,0.385,-2.627e-5,-2.082,-0.021,78.186,89.971
12.577,2333.122,150.826,153.24,-13.811,13.898,317.627,0.141,317.627,89.974,27.091,1.552,28.61,-80.597,0.385,-2.609e-5,0.13,-0.021,78.235,89.967
12.627,2340.646,150.136,152.547,-13.807,13.871,318.98,0.143,318.98,89.974,27.019,1.333,28.61,-80.597,0.266,-2.556e-5,1.866,-0.024,78.182,89.961
12.677,2348.135,149.445,151.857,-13.814,13.855,320.329,0.144,320.329,89.974,26.959,1.072,28.61,-80.597,0.115,-2.578e-5,2.874,-0.047,78.06,89.955
12.727,2355.59,148.754,151.169,-13.796,13.828,321.676,0.145,321.676,89.974,26.911,0.953,28.61,-80.597,0.043,-2.572e-5,3.146,-0.159,77.908,89.949
12.777,2363.011,148.065,150.483,-13.768,13.797,323.02,0.146,323.02,89.974,26.864,0.891,28.61,-80.597,0.005,-2.58e-5,2.902,-1.639,77.745,89.947
12.827,2370.397,147.377,149.798,-13.79,13.802,324.362,0.147,324.362,89.974,26.824,0.586,28.61,-80.597,0.184,-2.583e-5,-3.032,-0.043,77.582,89.947
12.877,2377.748,146.687,149.116,-13.776,13.783,325.703,0.148,325.703,89.974,26.802,0.458,28.61,-80.597,0.264,-2.601e-5,-1.63,-0.026,77.464,89.949
12.927,2385.066,146,148.435,-13.725,13.734,327.042,0.15,327.042,89.974,26.776,0.5,28.61,-80.597,0.237,-2.732e-5,-0.489,-0.024,77.412,89.954
12.977,2392.349,145.315,147.757,-13.638,13.656,328.38,0.151,328.38,89.974,26.75,0.71,28.61,-80.597,0.101,-2.761e-5,0.567,-0.026,77.417,89.959
13.027,2399.597,144.636,147.081,-13.543,13.577,329.717,0.152,329.717,89.974,26.705,0.964,28.61,-80.597,0.067,-2.77e-5,-0.503,0.009,77.447,89.964
13.077,2406.812,143.96,146.407,-13.49,13.528,331.051,0.153,331.051,89.973,26.655,1.015,28.61,-80.597,0.106,-2.772e-5,-0.038,0.006,77.461,89.967
13.127,2413.993,143.287,145.736,-13.451,13.488,332.382,0.154,332.382,89.973,26.605,0.998,28.61,-80.597,0.102,-2.76e-5,0.475,0.011,77.45,89.968
13.177,2421.141,142.615,145.067,-13.398,13.44,333.711,0.156,333.711,89.973,26.555,1.063,28.61,-80.597,0.15,-2.749e-5,0.983,0.002,77.414,89.967
13.227,2428.255,141.947,144.399,-13.365,13.404,335.038,0.157,335.038,89.973,26.5,1.031,28.61,-80.597,0.133,-2.769e-5,1.801,-0.004,77.344,89.963
13.277,2435.336,141.279,143.734,-13.365,13.392,336.362,0.158,336.362,89.973,26.453,0.842,28.61,-80.597,0.009,-2.763e-5,2.133,0.021,77.244,89.958
13.327,2442.383,140.61,143.07,-13.363,13.38,337.683,0.159,337.683,89.973,26.416,0.671,28.61,-80.597,0.105,-2.747e-5,-1.896,0.005,77.141,89.954
13.377,2449.397,139.942,142.408,-13.367,13.375,339.003,0.16,339.003,89.973,26.386,0.474,28.61,-80.597,0.239,-2.746e-5,-1.162,0.007,77.062,89.95
13.427,2456.377,139.274,141.748,-13.309,13.32,340.322,0.162,340.322,89.973,26.365,0.563,28.61,-80.597,0.175,-2.806e-5,0.046,0.007,77.035,89.947
13.477,2463.324,138.612,141.09,-13.197,13.228,341.639,0.163,341.639,89.973,26.327,0.906,28.61,-80.597,0.07,-2.785e-5,-0.265,0.013,77.047,89.947
13.527,2470.238,137.954,140.434,-13.12,13.165,342.954,0.164,342.955,89.973,26.276,1.09,28.61,-80.596,0.205,-2.789e-5,0.458,0.008,77.045,89.949
13.577,2477.12,137.3,139.781,-13.078,13.125,344.267,0.165,344.267,89.972,26.22,1.114,28.61,-80.596,0.228,-2.799e-5,1.425,0.008,76.998,89.952
13.627,2483.968,136.646,139.129,-13.069,13.106,345.577,0.166,345.577,89.972,26.166,0.983,28.61,-80.596,0.138,-2.83e-5,2.316,0.013,76.903,89.955
13.677,2490.784,135.992,138.479,-13.079,13.101,346.884,0.168,346.884,89.972,26.123,0.772,28.61,-80.596,0.013,-2.822e-5,-2.558,0.132,76.778,89.959
13.727,2497.568,135.338,137.83,-13.083,13.096,348.189,0.169,348.189,89.972,26.089,0.595,28.61,-80.596,0.142,-2.801e-5,-2.222,0.014,76.657,89.961
13.777,2504.318,134.684,137.183,-13.082,13.089,349.493,0.17,349.493,89.972,26.063,0.442,28.61,-80.596,0.255,-2.786e-5,-1.385,0.007,76.565,89.962
13.827,2511.036,134.031,136.537,-13.046,13.054,350.795,0.171,350.795,89.972,26.043,0.439,28.61,-80.596,0.255,-2.707e-5,-0.212,0.005,76.525,89.962
13.877,2517.721,133.38,135.894,-12.999,13.008,352.097,0.173,352.097,89.972,26.018,0.486,28.61,-80.596,0.215,-2.718e-5,0.688,0.006,76.537,89.961
13.927,2524.374,132.731,135.252,-12.948,12.959,353.397,0.174,353.397,89.972,25.993,0.545,28.61,-80.596,0.164,-2.706e-5,1.513,0.005,76.593,89.958
13.977,2530.994,132.086,134.613,-12.856,12.88,354.696,0.175,354.696,89.972,25.962,0.79,28.61,-80.596,0.034,-2.73e-5,-1.887,-0.02,76.682,89.955
14.027,2537.583,131.445,133.975,-12.773,12.812,355.993,0.176,355.993,89.972,25.915,1.008,28.61,-80.596,0.214,-2.718e-5,-1.279,-0.008,76.764,89.953
14.077,2544.139,130.808,133.34,-12.696,12.753,357.288,0.178,357.288,89.972,25.861,1.204,28.61,-80.596,0.377,-2.76e-5,-0.202,-0.007,76.803,89.951
14.127,2550.664,130.175,132.707,-12.651,12.713,358.579,0.179,358.579,89.971,25.797,1.258,28.61,-80.596,0.427,-2.751e-5,1.547,-0.006,76.77,89.95
14.177,2557.156,129.543,132.075,-12.642,12.694,359.867,0.18,359.867,89.971,25.737,1.147,28.61,-80.596,0.345,-2.726e-5,3.011,-0.008,76.655,89.95
14.227,2563.618,128.911,131.444,-12.642,12.682,361.153,0.181,361.153,89.971,25.683,1.004,28.61,-80.596,0.232,-2.718e-5,4.148,-0.01,76.474,89.951
14.277,2570.047,128.278,130.815,-12.682,12.701,362.436,0.183,362.436,89.971,25.639,0.688,28.61,-80.596,0.029,-2.702e-5,-4.643,-0.07,76.25,89.952
14.327,2576.446,127.642,130.187,-12.718,12.725,363.717,0.184,363.717,89.971,25.614,0.407,28.61,-80.596,0.266,-2.693e-5,-3.962,-0.005,76.032,89.954
14.377,2582.812,127.007,129.56,-12.718,12.721,364.997,0.185,364.997,89.971,25.596,0.29,28.61,-80.596,0.367,-2.725e-5,-2.761,-0.005,75.862,89.955
14.427,2589.146,126.371,128.935,-12.671,12.676,366.277,0.187,366.277,89.971,25.582,0.359,28.61,-80.596,0.311,-2.728e-5,-1.387,-0.005,75.759,89.957
14.477,2595.449,125.739,128.311,-12.625,12.632,367.555,0.188,367.555,89.971,25.561,0.421,28.61,-80.596,0.257,-2.709e-5,-0.475,-4.769e-4,75.714,89.958
14.527,2601.72,125.109,127.689,-12.583,12.591,368.833,0.189,368.833,89.971,25.54,0.458,28.61,-80.596,0.22,-2.727e-5,0.456,-0.005,75.714,89.958
14.577,2607.96,124.481,127.069,-12.525,12.537,370.109,0.19,370.109,89.971,25.514,0.564,28.61,-80.596,0.121,-2.715e-5,1.055,-0.006,75.753,89.958
14.627,2614.168,123.857,126.451,-12.455,12.476,371.384,0.192,371.384,89.97,25.482,0.72,28.61,-80.596,0.025,-2.712e-5,-1.271,-0.05,75.813,89.957
14.677,2620.346,123.236,125.835,-12.395,12.424,372.657,0.193,372.657,89.97,25.442,0.838,28.61,-80.596,0.14,-2.702e-5,-0.916,-0.014,75.87,89.954
14.727,2626.492,122.617,125.22,-12.352,12.384,373.928,0.194,373.928,89.97,25.399,0.889,28.61,-80.596,0.195,-2.726e-5,-0.341,-0.01,75.902,89.952
14.777,2632.607,122,124.607,-12.305,12.342,375.197,0.195,375.197,89.97,25.354,0.96,28.61,-80.596,0.268,-2.746e-5,0.43,-0.007,75.901,89.95
14.827,2638.692,121.386,123.996,-12.267,12.307,376.464,0.197,376.464,89.97,25.304,0.996,28.61,-80.596,0.309,-2.76e-5,1.441,-0.006,75.854,89.949
14.877,2644.746,120.773,123.386,-12.263,12.295,377.728,0.198,377.728,89.97,25.256,0.887,28.61,-80.596,0.214,-2.761e-5,2.402,-0.01,75.757,89.949
14.927,2650.769,120.16,122.777,-12.257,12.283,378.989,0.199,378.989,89.97,25.215,0.794,28.61,-80.596,0.129,-2.765e-5,2.878,-0.014,75.624,89.949
14.977,2656.762,119.548,122.17,-12.242,12.264,380.249,0.201,380.249,89.97,25.176,0.745,28.61,-80.596,0.084,-2.778e-5,3.259,-0.019,75.47,89.95
15.027,2662.724,118.935,121.564,-12.255,12.268,381.507,0.202,381.507,89.97,25.142,0.58,28.61,-80.596,0.075,-2.779e-5,-3.346,-0.017,75.302,89.951
15.077,2668.656,118.323,120.959,-12.237,12.249,382.764,0.203,382.764,89.97,25.117,0.548,28.61,-80.596,0.107,-2.798e-5,-2.878,-0.003,75.146,89.952
15.127,2674.556,117.712,120.355,-12.184,12.202,384.019,0.205,384.019,89.969,25.086,0.657,28.61,-80.596,5.237e-4,-2.802e-5,-2.45,1.202,75.008,89.953
15.177,2680.427,117.103,119.753,-12.19,12.201,385.272,0.206,385.272,89.969,25.053,0.53,28.61,-80.596,0.125,-2.804e-5,-2.715,0.007,74.87,89.954
15.227,2686.267,116.493,119.152,-12.216,12.221,386.524,0.207,386.524,89.969,25.033,0.32,28.61,-80.596,0.335,-2.845e-5,-1.924,0.002,74.751,89.955
15.277,2692.076,115.882,118.552,-12.205,12.207,387.776,0.209,387.776,89.969,25.02,0.26,28.61,-80.596,0.395,-2.858e-5,-0.749,2.927e-4,74.684,89.955
15.327,2697.855,115.273,117.954,-12.2,12.202,389.026,0.21,389.026,89.969,25.007,0.165,28.61,-80.596,0.489,-2.837e-5,0.502,9.19e-5,74.676,89.955
15.377,2703.603,114.663,117.357,-12.121,12.126,390.276,0.211,390.276,89.969,24.999,0.357,28.61,-80.596,0.286,-2.83e-5,1.977,-0.002,74.741,89.955
15.427,2709.321,114.061,116.762,-11.986,12.011,391.526,0.213,391.526,89.969,24.97,0.777,28.61,-80.596,0.164,-2.845e-5,-2.096,-0.015,74.848,89.953
15.477,2715.01,113.464,116.169,-11.886,11.935,392.773,0.214,392.773,89.969,24.923,1.073,28.61,-80.596,0.485,-2.877e-5,-1.09,-0.01,74.932,89.951
15.527,2720.668,112.872,115.578,-11.846,11.9,394.018,0.215,394.018,89.969,24.866,1.127,28.61,-80.596,0.554,-2.799e-5,0.579,-0.01,74.945,89.949
15.577,2726.297,112.279,114.988,-11.859,11.898,395.26,0.216,395.26,89.969,24.813,0.965,28.61,-80.596,0.394,-2.842e-5,1.988,-0.01,74.879,89.948
15.627,2731.896,111.686,114.399,-11.856,11.888,396.499,0.218,396.499,89.969,24.769,0.874,28.61,-80.596,0.302,-2.79e-5,2.879,-0.012,74.757,89.947
15.677,2737.465,111.093,113.812,-11.863,11.887,397.737,0.219,397.737,89.968,24.726,0.748,28.61,-80.596,0.167,-2.787e-5,3.652,-0.018,74.592,89.947
15.727,2743.005,110.5,113.225,-11.855,11.875,398.972,0.221,398.972,89.968,24.693,0.69,28.61,-80.596,0.103,-2.774e-5,3.87,-0.026,74.403,89.947
15.777,2748.515,109.908,112.64,-11.85,11.866,400.206,0.222,400.206,89.968,24.658,0.623,28.61,-80.596,0.026,-2.772e-5,4.181,-0.081,74.201,89.948
15.827,2753.996,109.315,112.055,-11.828,11.845,401.438,0.223,401.438,89.968,24.629,0.622,28.61,-80.596,0.024,-2.772e-5,4.07,-0.039,73.994,89.95
15.877,2759.447,108.725,111.472,-11.802,11.819,402.669,0.225,402.669,89.968,24.596,0.64,28.61,-80.596,0.043,-2.774e-5,4.287,0.015,73.786,89.951
15.927,2764.868,108.134,110.89,-11.84,11.847,403.898,0.226,403.898,89.968,24.568,0.419,28.61,-80.596,0.217,-2.774e-5,-4.151,0.004,73.572,89.953
15.977,2770.26,107.541,110.308,-11.867,11.87,405.126,0.227,405.126,89.968,24.553,0.244,28.61,-80.596,0.425,-2.76e-5,-3.176,0.004,73.386,89.954
16.027,2775.622,106.948,109.727,-11.875,11.875,406.353,0.229,406.353,89.968,24.542,0.139,28.61,-80.596,0.551,-2.795e-5,-1.949,0.002,73.257,89.955
16.077,2780.955,106.354,109.148,-11.868,11.868,407.58,0.23,407.58,89.968,24.538,0.078,28.61,-80.596,0.625,-2.769e-5,-0.362,7.349e-4,73.199,89.955
16.127,2786.258,105.761,108.569,-11.827,11.828,408.807,0.231,408.807,89.968,24.533,0.13,28.61,-80.596,0.56,-2.759e-5,1.179,0.003,73.22,89.954
16.177,2791.531,105.172,107.993,-11.729,11.735,410.033,0.233,410.033,89.967,24.523,0.382,28.61,-80.596,0.245,-2.75e-5,2.34,-0.002,73.311,89.953
16.227,2796.775,104.588,107.418,-11.65,11.664,411.259,0.234,411.259,89.967,24.496,0.57,28.61,-80.596,0.003,-2.758e-5,-2.422,-0.464,73.434,89.952
16.277,2801.99,104.006,106.845,-11.619,11.634,412.483,0.235,412.483,89.967,24.467,0.584,28.61,-80.596,0.035,-2.759e-5,-2.415,-0.033,73.556,89.95
16.327,2807.176,103.426,106.274,-11.575,11.594,413.705,0.237,413.705,89.967,24.437,0.651,28.61,-80.596,0.135,-2.751e-5,-2.258,-0.01,73.674,89.948
16.377,2812.333,102.849,105.704,-11.512,11.54,414.926,0.238,414.926,89.967,24.401,0.795,28.61,-80.596,0.335,-2.748e-5,-1.719,-0.006,73.775,89.947
16.427,2817.461,102.275,105.135,-11.442,11.484,416.145,0.24,416.145,89.967,24.357,0.973,28.61,-80.596,0.577,-2.712e-5,-0.644,-0.006,73.837,89.946
16.477,2822.56,101.704,104.568,-11.384,11.438,417.362,0.241,417.362,89.967,24.305,1.114,28.61,-80.596,0.77,-2.693e-5,0.981,-0.008,73.83,89.944
16.527,2827.631,101.136,104.002,-11.355,11.412,418.576,0.242,418.576,89.967,24.248,1.139,28.61,-80.596,0.814,-2.729e-5,2.891,-0.01,73.734,89.943
16.577,2832.674,100.568,103.437,-11.358,11.406,419.787,0.244,419.787,89.967,24.193,1.048,28.61,-80.596,0.705,-2.8e-5,4.683,-0.013,73.543,89.943
16.627,2837.688,100,102.873,-11.387,11.42,420.995,0.245,420.995,89.967,24.144,0.861,28.61,-80.596,0.461,-2.832e-5,6.053,-0.018,73.272,89.943
16.677,2842.674,99.43,102.31,-11.403,11.426,422.201,0.247,422.201,89.967,24.106,0.737,28.61,-80.596,0.291,-2.832e-5,6.801,-0.027,72.949,89.944
16.727,2847.631,98.86,101.748,-11.428,11.443,423.406,0.248,423.406,89.966,24.071,0.586,28.61,-80.596,0.076,-2.829e-5,7.3,-0.09,72.595,89.945
16.777,2852.56,98.287,101.186,-11.465,11.472,424.609,0.249,424.609,89.966,24.047,0.405,28.61,-80.596,0.189,-2.827e-5,-7.102,-0.029,72.232,89.946
16.827,2857.46,97.713,100.624,-11.525,11.526,425.811,0.251,425.811,89.966,24.031,0.159,28.61,-80.596,0.548,-2.804e-5,-6.39,-0.009,71.892,89.948
16.877,2862.331,97.135,100.063,-11.57,11.57,427.012,0.252,427.012,89.966,24.03,0.033,28.61,-80.596,0.831,-2.876e-5,-4.761,-0.005,71.611,89.949
16.927,2867.173,96.556,99.502,-11.569,11.569,428.214,0.254,428.214,89.966,24.033,0.083,28.61,-80.596,0.912,-2.87e-5,-2.894,-0.004,71.419,89.95
16.977,2871.986,95.978,98.942,-11.556,11.556,429.415,0.255,429.416,89.966,24.038,0.102,28.61,-80.596,0.945,-2.848e-5,-0.92,-0.001,71.323,89.951
17.027,2876.771,95.401,98.384,-11.534,11.535,430.617,0.256,430.618,89.966,24.043,0.105,28.61,-80.596,0.951,-2.813e-5,1.05,-0.002,71.326,89.952
17.077,2881.527,94.826,97.827,-11.452,11.452,431.82,0.258,431.82,89.966,24.046,0.073,28.61,-80.596,0.684,-2.826e-5,2.887,-6.362e-4,71.427,89.951
17.127,2886.254,94.256,97.272,-11.367,11.37,433.022,0.259,433.022,89.966,24.035,0.262,28.61,-80.596,0.386,-2.838e-5,3.854,-0.003,71.598,89.95
17.177,2890.952,93.689,96.719,-11.297,11.304,434.223,0.261,434.223,89.966,24.02,0.406,28.61,-80.596,0.146,-2.827e-5,4.452,-0.011,71.808,89.949
17.227,2895.623,93.126,96.168,-11.191,11.212,435.424,0.262,435.424,89.965,23.993,0.682,28.61,-80.596,0.308,-2.83e-5,-4.348,-0.012,72.032,89.947
17.277,2900.265,92.569,95.618,-11.1,11.138,436.622,0.264,436.622,89.965,23.952,0.92,28.61,-80.596,0.7,-2.815e-5,-3.267,-0.008,72.225,89.945
17.327,2904.88,92.016,95.07,-11.076,11.115,437.819,0.265,437.819,89.965,23.904,0.93,28.61,-80.596,0.74,-2.828e-5,-1.746,-0.006,72.351,89.943
17.377,2909.466,91.462,94.523,-11.073,11.107,439.013,0.267,439.013,89.965,23.86,0.868,28.61,-80.596,0.664,-2.799e-5,-0.441,-0.007,72.405,89.942
17.427,2914.026,90.908,93.976,-11.048,11.084,440.205,0.268,440.205,89.965,23.817,0.887,28.61,-80.595,0.71,-2.83e-5,0.823,-0.008,72.396,89.941
17.477,2918.557,90.357,93.431,-11.009,11.051,441.394,0.269,441.394,89.965,23.771,0.959,28.61,-80.595,0.84,-2.858e-5,2.254,-0.009,72.32,89.94
17.527,2923.061,89.807,92.887,-11.004,11.042,442.582,0.271,442.582,89.965,23.722,0.913,28.61,-80.595,0.777,-2.889e-5,3.859,-0.008,72.166,89.94
17.577,2927.538,89.256,92.344,-11.039,11.063,443.767,0.272,443.767,89.965,23.681,0.729,28.61,-80.595,0.481,-2.886e-5,5.025,-0.012,71.942,89.94
17.627,2931.987,88.703,91.802,-11.045,11.064,444.95,0.274,444.95,89.965,23.648,0.652,28.61,-80.595,0.353,-2.877e-5,5.66,-0.013,71.674,89.941
17.677,2936.408,88.151,91.26,-11.051,11.067,446.132,0.275,446.132,89.965,23.616,0.581,28.61,-80.595,0.228,-2.885e-5,6.257,-0.018,71.375,89.941
17.727,2940.802,87.598,90.719,-11.085,11.093,447.312,0.277,447.312,89.965,23.591,0.425,28.61,-80.595,0.053,-2.888e-5,-6.402,-0.06,71.056,89.942
17.777,2945.168,87.043,90.179,-11.115,11.119,448.491,0.278,448.491,89.964,23.574,0.288,28.61,-80.595,0.305,-2.888e-5,-6.064,-0.007,70.743,89.943
17.827,2949.506,86.487,89.639,-11.124,11.126,449.669,0.28,449.669,89.964,23.561,0.22,28.61,-80.595,0.437,-2.877e-5,-5.375,-0.004,70.456,89.944
17.877,2953.817,85.931,89.1,-11.123,11.124,450.847,0.281,450.847,89.964,23.551,0.181,28.61,-80.595,0.514,-2.866e-5,-4.573,-0.001,70.207,89.945
17.927,2958.099,85.375,88.561,-11.111,11.113,452.024,0.283,452.024,89.964,23.543,0.173,28.61,-80.595,0.534,-2.871e-5,-3.654,-1.9e-4,70.001,89.946
17.977,2962.354,84.82,88.024,-11.068,11.071,453.201,0.284,453.201,89.964,23.533,0.255,28.61,-80.595,0.383,-2.866e-5,-2.836,0.003,69.84,89.947
18.027,2966.582,84.268,87.488,-11.011,11.017,454.377,0.286,454.378,89.964,23.517,0.376,28.61,-80.595,0.151,-2.883e-5,-2.402,0.009,69.711,89.947
18.077,2970.781,83.719,86.953,-10.977,10.985,455.553,0.287,455.553,89.964,23.496,0.425,28.61,-80.595,0.05,-2.881e-5,-2.292,0.034,69.594,89.947
18.127,2974.953,83.17,86.42,-10.998,11.003,456.727,0.289,456.727,89.964,23.476,0.315,28.61,-80.595,0.261,-2.88e-5,-2.137,0.009,69.482,89.947
18.177,2979.098,82.619,85.886,-11.016,11.018,457.901,0.29,457.901,89.964,23.464,0.217,28.61,-80.595,0.453,-2.871e-5,-1.482,0.007,69.39,89.947
18.227,2983.215,82.069,85.354,-10.981,10.984,459.073,0.292,459.074,89.964,23.453,0.268,28.61,-80.595,0.347,-2.865e-5,-0.799,0.006,69.334,89.946
18.277,2987.305,81.521,84.823,-10.933,10.939,460.246,0.293,460.246,89.964,23.437,0.354,28.61,-80.595,0.163,-2.859e-5,-0.419,0.006,69.304,89.946
18.327,2991.367,80.976,84.294,-10.873,10.883,461.417,0.295,461.417,89.963,23.417,0.479,28.61,-80.595,0.107,-2.857e-5,0.327,-0.004,69.288,89.945
18.377,2995.403,80.434,83.765,-10.822,10.838,462.587,0.296,462.587,89.963,23.389,0.577,28.61,-80.595,0.322,-2.856e-5,0.717,-0.005,69.263,89.944
18.427,2999.411,79.893,83.238,-10.789,10.807,463.756,0.298,463.756,89.963,23.36,0.625,28.61,-80.595,0.437,-2.839e-5,1.27,-0.005,69.214,89.944
18.477,3003.392,79.355,82.712,-10.746,10.769,464.923,0.299,464.923,89.963,23.327,0.704,28.61,-80.595,0.616,-2.814e-5,2.031,-0.006,69.132,89.943
18.527,3007.346,78.818,82.187,-10.718,10.743,466.089,0.301,466.089,89.963,23.29,0.742,28.61,-80.595,0.708,-2.805e-5,3.048,-0.007,69.006,89.942
18.577,3011.274,78.283,81.663,-10.729,10.75,467.252,0.302,467.252,89.963,23.254,0.664,28.61,-80.595,0.554,-2.81e-5,4.017,-0.007,68.828,89.942
18.627,3015.175,77.746,81.14,-10.733,10.75,468.414,0.304,468.414,89.963,23.223,0.612,28.61,-80.595,0.451,-2.802e-5,4.658,-0.009,68.611,89.942
18.677,3019.048,77.209,80.617,-10.733,10.748,469.575,0.305,469.575,89.963,23.193,0.572,28.61,-80.595,0.368,-2.804e-5,5.278,-0.01,68.362,89.942
18.727,3022.895,76.672,80.095,-10.767,10.776,470.733,0.307,470.734,89.963,23.167,0.441,28.61,-80.595,0.073,-2.809e-5,5.619,-0.033,68.088,89.942
18.777,3026.716,76.132,79.574,-10.817,10.82,471.891,0.308,471.891,89.963,23.149,0.272,28.61,-80.595,0.321,-2.812e-5,-5.446,-0.003,67.809,89.943
18.827,3030.509,75.591,79.053,-10.803,10.806,473.048,0.31,473.049,89.962,23.138,0.277,28.61,-80.595,0.313,-2.817e-5,-4.851,-0.002,67.551,89.943
18.877,3034.275,75.052,78.533,-10.756,10.762,474.205,0.311,474.205,89.962,23.121,0.368,28.61,-80.595,0.098,-2.821e-5,-4.624,-0.005,67.316,89.943
18.927,3038.014,74.515,78.014,-10.769,10.773,475.361,0.313,475.361,89.962,23.102,0.3,28.61,-80.595,0.262,-2.815e-5,-4.478,0.001,67.087,89.944
18.977,3041.726,73.975,77.495,-10.814,10.815,476.515,0.314,476.515,89.962,23.091,0.152,28.61,-80.595,0.624,-2.805e-5,-3.888,0.002,66.876,89.944
19.027,3045.411,73.434,76.977,-10.805,10.806,477.67,0.316,477.67,89.962,23.086,0.142,28.61,-80.595,0.651,-2.784e-5,-2.954,0.002,66.705,89.945
19.077,3049.07,72.895,76.46,-10.764,10.766,478.824,0.317,478.824,89.962,23.076,0.211,28.61,-80.595,0.478,-2.778e-5,-2.261,0.004,66.576,89.945
19.127,3052.701,72.357,75.945,-10.739,10.742,479.977,0.319,479.977,89.962,23.065,0.236,28.61,-80.595,0.412,-2.786e-5,-1.718,0.004,66.477,89.945
19.177,3056.305,71.821,75.43,-10.744,10.746,481.13,0.321,481.13,89.962,23.053,0.187,28.61,-80.595,0.534,-2.798e-5,-1.187,0.004,66.403,89.945
19.227,3059.883,71.283,74.916,-10.733,10.734,482.283,0.322,482.283,89.962,23.045,0.178,28.61,-80.595,0.552,-2.803e-5,-0.448,0.004,66.363,89.945
19.277,3063.434,70.748,74.403,-10.699,10.702,483.435,0.324,483.435,89.962,23.035,0.221,28.61,-80.595,0.431,-2.798e-5,0.121,0.004,66.355,89.944
19.327,3066.958,70.213,73.892,-10.667,10.67,484.586,0.325,484.586,89.962,23.023,0.261,28.61,-80.595,0.31,-2.795e-5,0.577,0.005,66.373,89.944
19.377,3070.455,69.681,73.382,-10.641,10.645,485.737,0.327,485.737,89.961,23.009,0.287,28.61,-80.595,0.225,-2.801e-5,0.861,0.004,66.409,89.943
19.427,3073.926,69.149,72.872,-10.614,10.618,486.887,0.328,486.887,89.961,22.995,0.314,28.61,-80.595,0.134,-2.8e-5,1.093,0.002,66.459,89.942
19.477,3077.37,68.62,72.364,-10.582,10.588,488.036,0.33,488.037,89.961,22.978,0.354,28.61,-80.595,0.002,-2.801e-5,1.137,-0.24,66.516,89.941
19.527,3080.788,68.091,71.858,-10.55,10.557,489.185,0.332,489.185,89.961,22.959,0.397,28.61,-80.595,0.143,-2.802e-5,-1.093,-0.011,66.573,89.94
19.577,3084.179,67.565,71.352,-10.511,10.521,490.332,0.333,490.332,89.961,22.938,0.458,28.61,-80.595,0.341,-2.805e-5,-0.835,-0.01,66.622,89.938
19.627,3087.544,67.04,70.848,-10.487,10.498,491.479,0.335,491.479,89.961,22.914,0.482,28.61,-80.595,0.432,-2.796e-5,-0.376,-0.009,66.652,89.937
19.677,3090.883,66.516,70.344,-10.456,10.469,492.624,0.336,492.624,89.961,22.889,0.525,28.61,-80.595,0.581,-2.794e-5,0.111,-0.008,66.66,89.936
19.727,3094.196,65.994,69.842,-10.441,10.454,493.768,0.338,493.768,89.961,22.862,0.528,28.61,-80.595,0.616,-2.785e-5,0.82,-0.008,66.637,89.935
19.777,3097.483,65.472,69.34,-10.439,10.451,494.91,0.339,494.91,89.961,22.837,0.496,28.61,-80.595,0.542,-2.789e-5,1.384,-0.009,66.581,89.934
19.827,3100.743,64.951,68.84,-10.399,10.414,496.051,0.341,496.051,89.961,22.811,0.568,28.61,-80.595,0.78,-2.788e-5,1.995,-0.007,66.498,89.934
19.877,3103.978,64.432,68.34,-10.351,10.372,497.191,0.343,497.191,89.961,22.78,0.658,28.61,-80.595,1.069,-2.789e-5,2.964,-0.006,66.375,89.933
19.927,3107.186,63.915,67.842,-10.34,10.361,498.329,0.344,498.329,89.96,22.746,0.655,28.61,-80.595,1.081,-2.813e-5,4.08,-0.006,66.199,89.933
19.977,3110.369,63.398,67.344,-10.334,10.354,499.466,0.346,499.466,89.96,22.715,0.639,28.61,-80.595,1.051,-2.806e-5,5.094,-0.006,65.969,89.934
20.027,3113.526,62.882,66.848,-10.322,10.341,500.601,0.347,500.601,89.96,22.683,0.641,28.61,-80.595,1.073,-2.799e-5,6.126,-0.005,65.689,89.934
20.077,3116.657,62.366,66.352,-10.296,10.318,501.734,0.349,501.734,89.96,22.65,0.676,28.61,-80.595,1.194,-2.794e-5,7.167,-0.004,65.357,89.935
20.127,3119.763,61.852,65.857,-10.287,10.309,502.866,0.351,502.866,89.96,22.616,0.671,28.61,-80.595,1.192,-2.78e-5,8.349,-0.003,64.969,89.936
20.177,3122.843,61.337,65.362,-10.293,10.312,503.996,0.352,503.996,89.96,22.584,0.631,28.61,-80.595,1.071,-2.789e-5,9.369,-0.002,64.525,89.937
20.227,3125.897,60.822,64.869,-10.307,10.323,505.124,0.354,505.124,89.96,22.553,0.574,28.61,-80.595,0.889,-2.785e-5,10.288,-1.185e-4,64.033,89.938
20.277,3128.925,60.306,64.376,-10.371,10.379,506.251,0.355,506.251,89.96,22.527,0.406,28.61,-80.595,0.312,-2.796e-5,10.882,0.01,63.502,89.939
20.327,3131.927,59.785,63.883,-10.437,10.44,507.377,0.357,507.377,89.96,22.512,0.246,28.61,-80.595,0.283,-2.794e-5,-10.804,0.022,62.957,89.94
20.377,3134.903,59.262,63.391,-10.482,10.483,508.502,0.359,508.502,89.96,22.502,0.139,28.61,-80.595,0.69,-2.786e-5,-10.344,0.013,62.427,89.941
20.427,3137.853,58.737,62.898,-10.507,10.508,509.627,0.36,509.627,89.959,22.497,0.078,28.61,-80.595,0.936,-2.779e-5,-9.567,0.011,61.928,89.941
20.477,3140.777,58.212,62.407,-10.524,10.524,510.752,0.362,510.752,89.959,22.494,0.035,28.61,-80.595,1.118,-2.785e-5,-8.679,0.01,61.472,89.942
20.527,3143.674,57.685,61.915,-10.529,10.529,511.877,0.364,511.877,89.959,22.494,0.013,28.61,-80.595,1.219,-2.781e-5,-7.632,0.01,61.064,89.942
20.577,3146.545,57.159,61.425,-10.533,10.533,513.001,0.365,513.001,89.959,22.493,0.007,28.61,-80.595,1.315,-2.781e-5,-6.585,0.009,60.708,89.942
20.627,3149.39,56.632,60.936,-10.523,10.523,514.126,0.367,514.126,89.959,22.494,0.002,28.61,-80.595,1.311,-2.771e-5,-5.443,0.01,60.407,89.942
20.677,3152.209,56.106,60.447,-10.515,10.515,515.251,0.369,515.251,89.959,22.493,0.004,28.61,-80.595,1.332,-2.782e-5,-4.405,0.009,60.161,89.942
20.727,3155.001,55.58,59.96,-10.533,10.533,516.375,0.37,516.375,89.959,22.495,0.056,28.61,-80.595,1.551,-2.777e-5,-3.253,0.009,59.969,89.941
20.777,3157.767,55.053,59.473,-10.534,10.535,517.5,0.372,517.5,89.959,22.498,0.078,28.61,-80.595,1.654,-2.761e-5,-1.963,0.009,59.838,89.941
20.827,3160.506,54.527,58.988,-10.534,10.535,518.625,0.373,518.625,89.959,22.502,0.101,28.61,-80.595,1.759,-2.756e-5,-0.674,0.009,59.772,89.94
20.877,3163.219,54,58.503,-10.525,10.526,519.75,0.375,519.751,89.959,22.508,0.108,28.61,-80.595,1.801,-2.772e-5,0.703,0.009,59.773,89.939
20.927,3165.906,53.475,58.02,-10.431,10.431,520.876,0.377,520.876,89.959,22.511,0.035,28.61,-80.595,1.177,-2.77e-5,1.916,0.01,59.84,89.938
20.977,3168.567,52.957,57.54,-10.36,10.361,522.001,0.378,522.001,89.958,22.505,0.14,28.61,-80.595,0.696,-2.772e-5,2.482,0.01,59.952,89.937
21.027,3171.202,52.439,57.062,-10.315,10.317,523.126,0.38,523.127,89.958,22.498,0.196,28.61,-80.595,0.413,-2.772e-5,2.945,0.01,60.088,89.936
21.077,3173.811,51.925,56.585,-10.257,10.261,524.251,0.382,524.251,89.958,22.485,0.28,28.61,-80.595,0.014,-2.772e-5,-3.06,0.081,60.24,89.935
21.127,3176.394,51.413,56.109,-10.221,10.226,525.375,0.383,525.375,89.958,22.47,0.325,28.61,-80.595,0.265,-2.772e-5,-2.945,-0.003,60.391,89.934
21.177,3178.952,50.903,55.635,-10.187,10.194,526.498,0.385,526.498,89.958,22.453,0.364,28.61,-80.595,0.494,-2.775e-5,-2.691,-0.005,60.532,89.933
21.227,3181.485,50.395,55.162,-10.154,10.162,527.62,0.387,527.62,89.958,22.434,0.405,28.61,-80.595,0.732,-2.78e-5,-2.269,-0.006,60.657,89.932
21.277,3183.992,49.888,54.691,-10.104,10.116,528.741,0.389,528.741,89.958,22.412,0.483,28.61,-80.595,1.142,-2.782e-5,-1.683,-0.006,60.757,89.931
21.327,3186.474,49.384,54.221,-10.06,10.075,529.861,0.39,529.861,89.958,22.386,0.55,28.61,-80.595,1.504,-2.779e-5,-0.774,-0.005,60.819,89.93
21.377,3188.93,48.882,53.752,-10.001,10.022,530.98,0.392,530.98,89.958,22.357,0.65,28.61,-80.595,2.009,-2.785e-5,0.3,-0.005,60.832,89.929
21.427,3191.362,48.384,53.284,-9.949,9.976,532.097,0.394,532.097,89.958,22.321,0.736,28.61,-80.595,2.442,-2.784e-5,1.791,-0.006,60.781,89.929
21.477,3193.769,47.887,52.818,-9.919,9.949,533.212,0.395,533.212,89.958,22.284,0.778,28.61,-80.595,2.68,-2.791e-5,3.388,-0.006,60.652,89.929
21.527,3196.151,47.391,52.352,-9.916,9.946,534.325,0.397,534.325,89.957,22.244,0.759,28.61,-80.595,2.653,-2.778e-5,5.11,-0.005,60.439,89.929
21.577,3198.508,46.895,51.888,-9.951,9.973,535.436,0.399,535.437,89.957,22.208,0.666,28.61,-80.595,2.275,-2.776e-5,6.614,-0.005,60.145,89.929
21.627,3200.84,46.397,51.424,-9.963,9.982,536.546,0.4,536.546,89.957,22.177,0.62,28.61,-80.595,2.098,-2.775e-5,7.864,-0.005,59.783,89.929
21.677,3203.147,45.898,50.962,-9.973,9.99,537.654,0.402,537.654,89.957,22.146,0.582,28.61,-80.594,1.942,-2.769e-5,9.065,-0.005,59.359,89.93
21.727,3205.43,45.399,50.501,-9.999,10.012,538.761,0.404,538.761,89.957,22.119,0.513,28.61,-80.594,1.617,-2.776e-5,10.069,-0.004,58.88,89.93
21.777,3207.687,44.898,50.041,-10.041,10.049,539.866,0.405,539.866,89.957,22.095,0.417,28.61,-80.594,1.12,-2.771e-5,10.842,-7.797e-4,58.356,89.931
21.827,3209.92,44.395,49.582,-10.076,10.081,540.97,0.407,540.97,89.957,22.077,0.34,28.61,-80.594,0.685,-2.767e-5,11.275,0.005,57.802,89.931
21.877,3212.127,43.891,49.123,-10.102,10.106,542.074,0.409,542.074,89.957,22.061,0.281,28.61,-80.594,0.328,-2.765e-5,11.53,0.02,57.231,89.932
21.927,3214.309,43.385,48.666,-10.117,10.12,543.177,0.411,543.177,89.957,22.049,0.245,28.61,-80.594,0.101,-2.766e-5,11.573,0.086,56.653,89.932
21.977,3216.465,42.879,48.21,-10.111,10.114,544.279,0.412,544.279,89.957,22.036,0.246,28.61,-80.594,0.099,-2.766e-5,11.582,0.084,56.074,89.933
22.027,3218.597,42.374,47.756,-10.104,10.107,545.38,0.414,545.38,89.956,22.024,0.25,28.61,-80.594,0.121,-2.766e-5,11.602,0.064,55.494,89.933
22.077,3220.703,41.869,47.302,-10.11,10.113,546.481,0.416,546.481,89.956,22.012,0.231,28.61,-80.594,0.011,-2.766e-5,-11.59,0.778,54.914,89.934
22.127,3222.784,41.363,46.85,-10.104,10.107,547.581,0.418,547.581,89.956,22.001,0.233,28.61,-80.594,0.007,-2.766e-5,-11.489,1.091,54.335,89.934
22.177,3224.839,40.859,46.399,-10.077,10.081,548.681,0.419,548.681,89.956,21.988,0.266,28.61,-80.594,0.223,-2.766e-5,11.561,0.016,53.758,89.934
22.227,3226.869,40.355,45.95,-10.11,10.112,549.78,0.421,549.78,89.956,21.975,0.209,28.61,-80.594,0.189,-2.765e-5,-11.624,0.042,53.177,89.935
22.277,3228.874,39.848,45.502,-10.132,10.134,550.879,0.423,550.879,89.956,21.967,0.169,28.61,-80.594,0.49,-2.767e-5,-11.327,0.022,52.603,89.935
22.327,3230.854,39.341,45.055,-10.15,10.151,551.977,0.425,551.977,89.956,21.958,0.137,28.61,-80.594,0.74,-2.766e-5,-11.065,0.018,52.042,89.935
22.377,3232.809,38.833,44.609,-10.189,10.189,553.075,0.426,553.075,89.956,21.953,0.077,28.61,-80.594,1.207,-2.763e-5,-10.541,0.015,51.501,89.935
22.427,3234.737,38.323,44.164,-10.209,10.209,554.172,0.428,554.172,89.956,21.95,0.045,28.61,-80.594,1.479,-2.763e-5,-9.891,0.015,50.99,89.935
22.477,3236.641,37.812,43.72,-10.241,10.241,555.27,0.43,555.27,89.956,21.949,0.003,28.61,-80.594,1.884,-2.761e-5,-9.121,0.014,50.514,89.935
22.527,3238.519,37.299,43.278,-10.242,10.242,556.367,0.432,556.367,89.956,21.95,0.01,28.61,-80.594,1.967,-2.761e-5,-8.196,0.014,50.081,89.935
22.577,3240.371,36.788,42.838,-10.19,10.19,557.465,0.433,557.465,89.955,21.949,0.05,28.61,-80.594,1.496,-2.759e-5,-7.4,0.013,49.692,89.935
22.627,3242.197,36.28,42.401,-10.178,10.179,558.562,0.435,558.562,89.955,21.946,0.057,28.61,-80.594,1.452,-2.758e-5,-6.816,0.013,49.337,89.934
22.677,3243.999,35.77,41.965,-10.19,10.19,559.659,0.437,559.659,89.955,21.944,0.033,28.61,-80.594,1.664,-2.764e-5,-6.115,0.013,49.013,89.934
22.727,3245.774,35.261,41.53,-10.167,10.167,560.756,0.439,560.756,89.955,21.942,0.052,28.61,-80.594,1.507,-2.768e-5,-5.429,0.012,48.725,89.934
22.777,3247.525,34.754,41.099,-10.125,10.126,561.853,0.44,561.853,89.955,21.938,0.095,28.61,-80.594,1.122,-2.767e-5,-4.872,0.012,48.468,89.933
22.827,3249.25,34.248,40.669,-10.084,10.085,562.95,0.442,562.95,89.955,21.932,0.136,28.61,-80.594,0.738,-2.766e-5,-4.497,0.011,48.235,89.933
22.877,3250.95,33.745,40.242,-10.072,10.073,564.047,0.444,564.047,89.955,21.925,0.14,28.61,-80.594,0.678,-2.765e-5,-4.238,0.011,48.016,89.932
22.927,3252.624,33.241,39.817,-10.067,10.068,565.143,0.446,565.143,89.955,21.918,0.134,28.61,-80.594,0.713,-2.764e-5,-3.948,0.011,47.812,89.931
22.977,3254.274,32.739,39.394,-10.006,10.008,566.238,0.447,566.239,89.955,21.911,0.199,28.61,-80.594,0.043,-2.764e-5,-3.734,-0.017,47.621,89.931
23.027,3255.898,32.24,38.974,-9.956,9.959,567.334,0.449,567.334,89.955,21.899,0.251,28.61,-80.594,0.51,-2.765e-5,3.887,-0.015,47.431,89.93
23.077,3257.498,31.743,38.557,-9.944,9.947,568.428,0.451,568.428,89.955,21.886,0.254,28.61,-80.594,0.6,-2.765e-5,4.085,-0.014,47.232,89.93
23.127,3259.073,31.246,38.141,-9.938,9.941,569.522,0.453,569.522,89.954,21.873,0.25,28.61,-80.594,0.61,-2.766e-5,4.318,-0.013,47.022,89.929
23.177,3260.622,30.749,37.728,-9.943,9.946,570.616,0.455,570.616,89.954,21.861,0.232,28.61,-80.594,0.487,-2.768e-5,4.512,-0.012,46.801,89.929
23.227,3262.148,30.252,37.317,-9.922,9.925,571.708,0.456,571.709,89.954,21.85,0.247,28.61,-80.594,0.696,-2.768e-5,4.677,-0.011,46.571,89.928
23.277,3263.648,29.757,36.909,-9.901,9.905,572.801,0.458,572.801,89.954,21.837,0.262,28.61,-80.594,0.912,-2.769e-5,4.978,-0.011,46.33,89.928
23.327,3265.123,29.262,36.504,-9.889,9.892,573.892,0.46,573.892,89.954,21.824,0.267,28.61,-80.594,1.023,-2.768e-5,5.282,-0.011,46.074,89.928
23.377,3266.574,28.768,36.101,-9.885,9.889,574.983,0.462,574.983,89.954,21.81,0.26,28.61,-80.594,1.021,-2.769e-5,5.634,-0.01,45.801,89.927
23.427,3268,28.273,35.7,-9.859,9.863,576.073,0.464,576.073,89.954,21.797,0.282,28.61,-80.594,1.32,-2.769e-5,5.955,-0.01,45.512,89.927
23.477,3269.401,27.782,35.303,-9.823,9.828,577.163,0.466,577.163,89.954,21.782,0.315,28.61,-80.594,1.734,-2.77e-5,6.463,-0.011,45.202,89.926
23.527,3270.778,27.291,34.908,-9.82,9.825,578.251,0.467,578.251,89.954,21.766,0.308,28.61,-80.594,1.74,-2.768e-5,7.01,-0.011,44.865,89.926
23.577,3272.13,26.8,34.516,-9.797,9.802,579.339,0.469,579.339,89.954,21.751,0.326,28.61,-80.594,2.008,-2.769e-5,7.538,-0.011,44.501,89.926
23.627,3273.458,26.311,34.127,-9.793,9.798,580.426,0.471,580.427,89.954,21.734,0.321,28.61,-80.594,2.024,-2.768e-5,8.187,-0.01,44.108,89.926
23.677,3274.761,25.821,33.74,-9.797,9.801,581.513,0.473,581.513,89.953,21.719,0.307,28.61,-80.594,1.944,-2.768e-5,8.719,-0.009,43.685,89.925
23.727,3276.04,25.331,33.357,-9.788,9.793,582.598,0.475,582.598,89.953,21.703,0.308,28.61,-80.594,2.026,-2.767e-5,9.289,-0.008,43.235,89.925
23.777,3277.295,24.842,32.977,-9.764,9.77,583.683,0.477,583.683,89.953,21.688,0.325,28.61,-80.594,2.296,-2.769e-5,9.852,-0.009,42.757,89.925
23.827,3278.524,24.355,32.6,-9.756,9.762,584.767,0.478,584.767,89.953,21.671,0.326,28.61,-80.594,2.369,-2.767e-5,10.527,-0.009,42.248,89.925
23.877,3279.73,23.866,32.227,-9.777,9.782,585.85,0.48,585.85,89.953,21.655,0.294,28.61,-80.594,2.062,-2.768e-5,11.104,-0.006,41.706,89.925
23.927,3280.911,23.377,31.856,-9.791,9.795,586.933,0.482,586.933,89.953,21.641,0.271,28.61,-80.594,1.837,-2.769e-5,11.588,-0.003,41.139,89.925
23.977,3282.068,22.887,31.49,-9.801,9.804,588.014,0.484,588.014,89.953,21.628,0.252,28.61,-80.594,1.653,-2.768e-5,12.005,-2.153e-4,40.549,89.925
24.027,3283.2,22.397,31.127,-9.818,9.821,589.095,0.486,589.096,89.953,21.616,0.228,28.61,-80.594,1.361,-2.77e-5,12.356,0.006,39.939,89.925
24.077,3284.307,21.905,30.768,-9.84,9.842,590.176,0.488,590.176,89.953,21.606,0.199,28.61,-80.594,0.981,-2.77e-5,12.601,0.02,39.315,89.925
24.127,3285.39,21.413,30.412,-9.836,9.838,591.256,0.489,591.256,89.953,21.596,0.197,28.61,-80.594,0.995,-2.771e-5,12.765,0.02,38.681,89.925
24.177,3286.449,20.922,30.061,-9.84,9.842,592.335,0.491,592.336,89.952,21.586,0.188,28.61,-80.594,0.886,-2.771e-5,12.973,0.027,38.037,89.925
24.227,3287.482,20.429,29.714,-9.854,9.856,593.415,0.493,593.415,89.952,21.577,0.168,28.61,-80.594,0.589,-2.771e-5,13.081,0.058,37.385,89.925
24.277,3288.492,19.936,29.371,-9.85,9.851,594.493,0.495,594.493,89.952,21.569,0.167,28.61,-80.594,0.612,-2.771e-5,13.157,0.056,36.73,89.925
24.327,3289.476,19.444,29.033,-9.836,9.837,595.571,0.497,595.572,89.952,21.56,0.175,28.61,-80.594,0.801,-2.772e-5,13.262,0.037,36.069,89.925
24.377,3290.436,18.953,28.7,-9.828,9.83,596.649,0.499,596.649,89.952,21.552,0.177,28.61,-80.594,0.878,-2.772e-5,13.405,0.032,35.403,89.925
24.427,3291.371,18.461,28.371,-9.819,9.821,597.727,0.501,597.727,89.952,21.543,0.18,28.61,-80.594,0.985,-2.772e-5,13.545,0.026,34.729,89.925
24.477,3292.282,17.971,28.047,-9.816,9.817,598.804,0.503,598.804,89.952,21.534,0.178,28.61,-80.594,1,-2.772e-5,13.718,0.026,34.047,89.924
24.527,3293.168,17.48,27.728,-9.815,9.817,599.88,0.504,599.88,89.952,21.525,0.173,28.61,-80.594,0.966,-2.772e-5,13.861,0.029,33.358,89.924
24.577,3294.03,16.989,27.415,-9.803,9.804,600.956,0.506,600.956,89.952,21.516,0.179,28.61,-80.594,1.133,-2.771e-5,14.017,0.019,32.661,89.924
24.627,3294.867,16.499,27.107,-9.803,9.805,602.032,0.508,602.032,89.952,21.507,0.173,28.61,-80.594,1.077,-2.771e-5,14.203,0.023,31.955,89.924
24.677,3295.68,16.009,26.805,-9.8,9.802,603.107,0.51,603.107,89.952,21.499,0.17,28.61,-80.594,1.086,-2.771e-5,14.342,0.023,31.242,89.924
24.727,3296.468,15.519,26.508,-9.781,9.782,604.181,0.512,604.182,89.951,21.49,0.181,28.61,-80.594,1.38,-2.771e-5,14.525,0.009,30.52,89.923
24.777,3297.232,15.031,26.217,-9.779,9.78,605.256,0.514,605.256,89.951,21.481,0.178,28.61,-80.594,1.373,-2.771e-5,14.753,0.01,29.788,89.923
24.827,3297.971,14.542,25.933,-9.774,9.776,606.33,0.516,606.33,89.951,21.472,0.176,28.61,-80.594,1.411,-2.772e-5,14.94,0.008,29.046,89.923
24.877,3298.686,14.053,25.655,-9.77,9.772,607.403,0.518,607.403,89.951,21.463,0.175,28.61,-80.594,1.446,-2.771e-5,15.162,0.007,28.293,89.923
24.927,3299.377,13.565,25.383,-9.757,9.759,608.476,0.52,608.476,89.951,21.455,0.179,28.61,-80.594,1.624,-2.772e-5,15.362,9.12e-4,27.53,89.922
24.977,3300.043,13.078,25.118,-9.742,9.744,609.548,0.521,609.549,89.951,21.445,0.186,28.61,-80.594,1.837,-2.772e-5,15.634,-0.005,26.756,89.922
25.027,3300.684,12.591,24.86,-9.73,9.732,610.62,0.523,610.621,89.951,21.436,0.189,28.61,-80.594,1.995,-2.773e-5,15.911,-0.009,25.967,89.922
25.077,3301.302,12.104,24.609,-9.718,9.72,611.692,0.525,611.692,89.951,21.427,0.193,28.61,-80.594,2.14,-2.773e-5,16.232,-0.013,25.164,89.922
25.127,3301.895,11.619,24.366,-9.724,9.726,612.763,0.527,612.763,89.951,21.417,0.184,28.61,-80.594,2.029,-2.772e-5,16.547,-0.011,24.344,89.921
25.177,3302.464,11.132,24.13,-9.728,9.73,613.834,0.529,613.834,89.951,21.408,0.176,28.61,-80.594,1.934,-2.772e-5,16.817,-0.008,23.51,89.921
25.227,3303.008,10.646,23.901,-9.726,9.728,614.904,0.531,614.904,89.951,21.399,0.174,28.61,-80.594,1.94,-2.772e-5,17.078,-0.009,22.663,89.921
25.277,3303.528,10.159,23.681,-9.727,9.729,615.974,0.533,615.974,89.95,21.391,0.169,28.61,-80.594,1.894,-2.772e-5,17.331,-0.008,21.802,89.921
25.327,3304.024,9.673,23.469,-9.72,9.722,617.043,0.535,617.043,89.95,21.382,0.169,28.61,-80.594,1.97,-2.772e-5,17.568,-0.011,20.93,89.921
25.377,3304.495,9.187,23.265,-9.713,9.715,618.112,0.537,618.112,89.95,21.374,0.169,28.61,-80.594,2.048,-2.773e-5,17.832,-0.014,20.045,89.92
25.427,3304.943,8.702,23.07,-9.724,9.725,619.18,0.539,619.181,89.95,21.366,0.159,28.61,-80.594,1.861,-2.773e-5,18.08,-0.007,19.147,89.92
25.477,3305.366,8.215,22.883,-9.736,9.737,620.249,0.541,620.249,89.95,21.358,0.148,28.61,-80.594,1.646,-2.773e-5,18.268,0.004,18.238,89.92
25.527,3305.764,7.728,22.706,-9.735,9.736,621.316,0.543,621.316,89.95,21.351,0.145,28.61,-80.594,1.635,-2.772e-5,18.428,0.005,17.321,89.92
25.577,3306.138,7.242,22.539,-9.729,9.73,622.384,0.545,622.384,89.95,21.344,0.145,28.61,-80.594,1.704,-2.773e-5,18.595,0.001,16.395,89.92
25.627,3306.488,6.755,22.38,-9.726,9.727,623.451,0.547,623.451,89.95,21.336,0.143,28.61,-80.594,1.723,-2.772e-5,18.768,2.606e-4,15.461,89.919
25.677,3306.814,6.269,22.231,-9.719,9.72,624.517,0.549,624.517,89.95,21.329,0.144,28.61,-80.594,1.799,-2.772e-5,18.939,-0.005,14.518,89.919
25.727,3307.115,5.783,22.092,-9.713,9.714,625.583,0.55,625.584,89.95,21.322,0.144,28.61,-80.594,1.856,-2.773e-5,19.129,-0.009,13.567,89.919
25.777,3307.392,5.298,21.963,-9.71,9.711,626.649,0.552,626.65,89.949,21.315,0.142,28.61,-80.594,1.874,-2.773e-5,19.315,-0.01,12.606,89.919
25.827,3307.645,4.812,21.844,-9.709,9.71,627.715,0.554,627.715,89.949,21.308,0.139,28.61,-80.594,1.858,-2.772e-5,19.503,-0.01,11.635,89.919
25.877,3307.874,4.327,21.736,-9.71,9.711,628.78,0.556,628.78,89.949,21.301,0.136,28.61,-80.594,1.813,-2.772e-5,19.677,-0.007,10.655,89.919
25.927,3308.078,3.841,21.638,-9.706,9.707,629.845,0.558,629.845,89.949,21.294,0.135,28.61,-80.594,1.837,-2.772e-5,19.843,-0.011,9.667,89.918
25.977,3308.258,3.356,21.55,-9.707,9.707,630.91,0.56,630.91,89.949,21.287,0.132,28.61,-80.594,1.805,-2.772e-5,20.016,-0.01,8.671,89.918
26.027,3308.413,2.871,21.474,-9.704,9.705,631.974,0.562,631.974,89.949,21.281,0.131,28.61,-80.594,1.804,-2.772e-5,20.171,-0.013,7.666,89.918
26.077,3308.545,2.386,21.408,-9.702,9.703,633.038,0.564,633.038,89.949,21.274,0.13,28.61,-80.594,1.797,-2.772e-5,20.336,-0.017,6.654,89.918
26.127,3308.652,1.901,21.353,-9.702,9.702,634.101,0.566,634.101,89.949,21.268,0.128,28.61,-80.594,1.763,-2.772e-5,20.489,-0.018,5.633,89.918
26.177,3308.735,1.416,21.309,-9.697,9.698,635.164,0.568,635.165,89.949,21.262,0.13,28.61,-80.593,1.758,-2.772e-5,20.642,-0.03,4.605,89.918
26.227,3308.794,0.931,21.275,-9.697,9.698,636.227,0.57,636.228,89.949,21.255,0.129,28.61,-80.593,1.706,-2.772e-5,20.798,-0.036,3.569,89.918
26.277,3308.828,0.446,21.253,-9.702,9.702,637.29,0.572,637.29,89.949,21.249,0.124,28.61,-80.593,1.624,-2.772e-5,20.936,-0.028,2.525,89.917
26.327,3308.838,-0.039,21.243,-9.704,9.705,638.352,0.574,638.353,89.948,21.243,0.121,28.61,-80.593,1.555,-2.772e-5,21.056,-0.021,1.475,89.917
26.377,3308.824,-0.525,21.243,-9.695,10.837,639.414,0.576,639.414,89.948,21.237,4.843,28.61,-80.593,NaN,NaN,NaN,NaN,0.42,89.917
26.469,3308.734,-1.419,20.838,-9.55,10.568,641.353,0.58,641.353,89.948,20.79,4.527,28.61,-80.593,NaN,NaN,NaN,NaN,0.42,89.917
26.564,3308.557,-2.323,20.493,-9.405,10.383,643.3,0.584,643.3,89.948,20.361,4.399,28.61,-80.593,NaN,NaN,NaN,NaN,0.42,89.917
26.66,3308.29,-3.229,20.197,-9.256,10.247,645.241,0.587,645.241,89.948,19.938,4.395,28.61,-80.593,NaN,NaN,NaN,NaN,0.42,89.917
26.758,3307.931,-4.132,19.941,-9.104,10.127,647.166,0.591,647.166,89.948,19.509,4.436,28.61,-80.593,NaN,NaN,NaN,NaN,0.42,89.917
26.856,3307.478,-5.031,19.723,-8.964,9.95,649.07,0.595,649.071,89.947,19.071,4.32,28.61,-80.593,NaN,NaN,NaN,NaN,0.42,89.917
26.957,3306.927,-5.932,19.558,-8.818,9.799,650.965,0.599,650.965,89.947,18.637,4.273,28.61,-80.593,NaN,NaN,NaN,NaN,0.42,89.917
27.059,3306.276,-6.832,19.44,-8.687,9.614,652.845,0.602,652.845,89.947,18.2,4.119,28.61,-80.593,NaN,NaN,NaN,NaN,0.42,89.917
27.163,3305.519,-7.735,19.382,-8.565,9.419,654.716,0.606,654.716,89.947,17.772,3.919,28.61,-80.593,NaN,NaN,NaN,NaN,0.42,89.917
27.269,3304.649,-8.645,19.39,-8.45,9.225,656.58,0.61,656.581,89.947,17.356,3.701,28.61,-80.593,NaN,NaN,NaN,NaN,0.42,89.917
27.378,3303.662,-9.561,19.464,-8.3,9.085,658.44,0.614,658.44,89.947,16.955,3.694,28.61,-80.593,NaN,NaN,NaN,NaN,0.42,89.917
27.488,3302.56,-10.474,19.584,-8.147,8.942,660.284,0.618,660.284,89.946,16.548,3.686,28.61,-80.593,NaN,NaN,NaN,NaN,0.42,89.917
27.599,3301.337,-11.385,19.748,-7.952,8.84,662.111,0.621,662.112,89.946,16.136,3.863,28.61,-80.593,NaN,NaN,NaN,NaN,0.42,89.917
27.713,3299.999,-12.285,19.934,-7.791,8.695,663.912,0.625,663.912,89.946,15.699,3.862,28.61,-80.593,NaN,NaN,NaN,NaN,0.42,89.917
27.828,3298.534,-13.181,20.16,-7.665,8.512,665.692,0.629,665.692,89.946,15.255,3.7,28.61,-80.593,NaN,NaN,NaN,NaN,0.42,89.917
27.945,3296.933,-14.081,20.443,-7.532,8.335,667.459,0.633,667.459,89.946,14.82,3.568,28.61,-80.593,NaN,NaN,NaN,NaN,0.42,89.917
28.065,3295.189,-14.985,20.777,-7.364,8.178,669.211,0.637,669.211,89.945,14.392,3.557,28.61,-80.593,NaN,NaN,NaN,NaN,0.42,89.917
28.187,3293.302,-15.885,21.146,-7.277,7.971,670.944,0.641,670.945,89.945,13.957,3.253,28.61,-80.593,NaN,NaN,NaN,NaN,0.42,89.917
28.313,3291.252,-16.798,21.581,-7.19,7.773,672.67,0.645,672.67,89.945,13.549,2.953,28.61,-80.593,NaN,NaN,NaN,NaN,0.42,89.917
28.441,3289.031,-17.723,22.08,-7.032,7.594,674.388,0.649,674.389,89.945,13.169,2.866,28.61,-80.593,NaN,NaN,NaN,NaN,0.42,89.917
28.573,3286.636,-18.649,22.615,-6.855,7.412,676.098,0.653,676.098,89.945,12.791,2.817,28.61,-80.593,NaN,NaN,NaN,NaN,0.42,89.917
28.708,3284.058,-19.574,23.178,-6.584,7.245,677.798,0.657,677.798,89.944,12.411,3.025,28.61,-80.593,NaN,NaN,NaN,NaN,0.42,89.917
28.846,3281.293,-20.483,23.736,-6.371,7.06,679.482,0.661,679.482,89.944,11.994,3.042,28.61,-80.593,NaN,NaN,NaN,NaN,0.42,89.917
28.988,3278.328,-21.385,24.311,-6.174,6.863,681.15,0.665,681.151,89.944,11.563,2.995,28.61,-80.593,NaN,NaN,NaN,NaN,0.42,89.917
29.133,3275.146,-22.285,24.908,-5.904,6.686,682.803,0.669,682.804,89.944,11.127,3.137,28.61,-80.593,NaN,NaN,NaN,NaN,0.42,89.917
29.283,3271.747,-23.168,25.502,-5.645,6.505,684.433,0.673,684.433,89.944,10.657,3.232,28.61,-80.593,NaN,NaN,NaN,NaN,0.42,89.917
29.437,3268.118,-24.036,26.095,-5.477,6.272,686.033,0.677,686.033,89.943,10.16,3.056,28.61,-80.593,NaN,NaN,NaN,NaN,0.42,89.917
29.596,3264.216,-24.909,26.721,-5.32,6.021,687.614,0.682,687.614,89.943,9.673,2.82,28.61,-80.593,NaN,NaN,NaN,NaN,0.42,89.917
29.762,3260.006,-25.793,27.386,-5.004,5.835,689.182,0.686,689.182,89.943,9.205,3,28.61,-80.593,NaN,NaN,NaN,NaN,0.42,89.917
29.934,3255.512,-26.65,28.032,-4.777,5.6,690.715,0.69,690.715,89.943,8.691,2.922,28.61,-80.593,NaN,NaN,NaN,NaN,0.42,89.917
30.112,3250.677,-27.504,28.691,-4.532,5.366,692.22,0.695,692.221,89.943,8.169,2.874,28.61,-80.593,NaN,NaN,NaN,NaN,0.42,89.917
30.299,3245.473,-28.348,29.358,-4.293,5.117,693.693,0.699,693.693,89.942,7.633,2.784,28.61,-80.593,NaN,NaN,NaN,NaN,0.42,89.917
30.494,3239.851,-29.187,30.036,-4.024,4.879,695.131,0.703,695.132,89.942,7.089,2.759,28.61,-80.593,NaN,NaN,NaN,NaN,0.42,89.917
30.699,3233.784,-30.012,30.713,-3.78,4.611,696.526,0.708,696.527,89.942,6.524,2.641,28.61,-80.593,NaN,NaN,NaN,NaN,0.42,89.917
30.916,3227.187,-30.832,31.401,-3.514,4.35,697.879,0.713,697.879,89.941,5.951,2.564,28.61,-80.593,NaN,NaN,NaN,NaN,0.42,89.917
31.146,3220.006,-31.639,32.09,-3.201,4.136,699.179,0.717,699.18,89.941,5.362,2.619,28.61,-80.593,NaN,NaN,NaN,NaN,0.42,89.917
31.387,3212.263,-32.413,32.756,-2.971,3.824,700.399,0.722,700.399,89.941,4.728,2.407,28.61,-80.593,NaN,NaN,NaN,NaN,0.42,89.917
31.649,3203.684,-33.19,33.442,-2.687,3.559,701.553,0.727,701.554,89.941,4.099,2.333,28.61,-80.593,NaN,NaN,NaN,NaN,0.42,89.917
31.93,3194.252,-33.945,34.12,-2.395,3.312,702.613,0.732,702.613,89.94,3.443,2.288,28.61,-80.593,NaN,NaN,NaN,NaN,0.42,89.917
32.232,3183.894,-34.668,34.778,-2.139,3.002,703.548,0.737,703.548,89.94,2.752,2.107,28.61,-80.593,NaN,NaN,NaN,NaN,0.42,89.917
32.565,3172.228,-35.381,35.44,-1.829,2.803,704.348,0.742,704.348,89.94,2.05,2.123,28.61,-80.593,NaN,NaN,NaN,NaN,0.42,89.917
32.922,3159.489,-36.034,36.057,-1.609,2.421,704.944,0.747,704.945,89.939,1.293,1.808,28.61,-80.593,NaN,NaN,NaN,NaN,0.42,89.917
33.335,3144.465,-36.698,36.702,-1.315,2.199,705.324,0.753,705.324,89.939,0.546,1.762,28.61,-80.593,NaN,NaN,NaN,NaN,0.42,89.917
33.79,3127.638,-37.296,37.297,-1.067,1.901,705.39,0.758,705.39,89.938,0.256,1.573,28.61,-80.593,NaN,NaN,NaN,NaN,0.42,89.917
34.29,3108.857,-37.83,37.844,-0.836,1.616,705.066,0.763,705.066,89.938,1.042,1.383,28.61,-80.593,NaN,NaN,NaN,NaN,0.42,89.917
34.79,3089.837,-38.248,38.287,-0.66,1.296,704.372,0.768,704.372,89.938,1.734,1.115,28.61,-80.593,NaN,NaN,NaN,NaN,0.42,89.917
35.29,3070.631,-38.578,38.646,-0.487,1.215,703.365,0.772,703.366,89.937,2.292,1.114,28.61,-80.593,NaN,NaN,NaN,NaN,0.42,89.917
35.79,3051.281,-38.821,38.926,-0.363,1.084,702.08,0.775,702.081,89.937,2.848,1.022,28.61,-80.593,NaN,NaN,NaN,NaN,0.42,89.917
36.29,3031.825,-39.003,39.147,-0.267,0.963,700.528,0.779,700.529,89.936,3.359,0.926,28.61,-80.593,NaN,NaN,NaN,NaN,0.42,89.917
36.79,3012.29,-39.136,39.323,-0.192,0.853,698.733,0.781,698.734,89.936,3.822,0.831,28.61,-80.593,NaN,NaN,NaN,NaN,0.42,89.917
37.29,2992.698,-39.232,39.461,-0.139,0.677,696.718,0.783,696.719,89.936,4.237,0.663,28.61,-80.593,NaN,NaN,NaN,NaN,0.42,89.917
37.79,2973.064,-39.302,39.567,-0.083,0.702,694.517,0.785,694.517,89.935,4.569,0.697,28.61,-80.593,NaN,NaN,NaN,NaN,0.42,89.917
38.29,2953.403,-39.343,39.65,-0.055,0.49,692.145,0.787,692.146,89.935,4.917,0.487,28.61,-80.593,NaN,NaN,NaN,NaN,0.42,89.917
38.79,2933.724,-39.371,39.708,-0.026,0.39,689.626,0.788,689.626,89.935,5.161,0.389,28.61,-80.593,NaN,NaN,NaN,NaN,0.42,89.917
39.29,2914.035,-39.384,39.746,-0.001,0.333,686.996,0.789,686.997,89.934,5.356,0.333,28.61,-80.593,NaN,NaN,NaN,NaN,0.42,89.917
39.79,2894.343,-39.385,39.77,0.016,0.214,684.277,0.79,684.277,89.934,5.522,0.213,28.61,-80.593,NaN,NaN,NaN,NaN,0.42,89.917
40.29,2874.653,-39.377,39.777,0.031,0.149,681.489,0.791,681.49,89.934,5.628,0.145,28.61,-80.593,NaN,NaN,NaN,NaN,0.42,89.917
40.79,2854.969,-39.361,39.772,0.051,0.418,678.657,0.791,678.657,89.933,5.701,0.415,28.61,-80.593,NaN,NaN,NaN,NaN,0.42,89.917
41.29,2835.294,-39.336,39.777,0.052,0.252,675.755,0.792,675.755,89.933,5.908,0.247,28.61,-80.593,NaN,NaN,NaN,NaN,0.42,89.917
41.79,2815.633,-39.31,39.77,0.058,0.204,672.77,0.792,672.77,89.933,6.032,0.195,28.61,-80.593,NaN,NaN,NaN,NaN,0.42,89.917
42.29,2795.985,-39.281,39.756,0.067,0.346,669.729,0.792,669.73,89.932,6.129,0.339,28.61,-80.593,NaN,NaN,NaN,NaN,0.42,89.917
42.79,2776.353,-39.247,39.749,0.068,0.274,666.622,0.792,666.623,89.932,6.299,0.265,28.61,-80.593,NaN,NaN,NaN,NaN,0.42,89.917
43.29,2756.738,-39.213,39.737,0.07,0.256,663.44,0.792,663.44,89.932,6.431,0.246,28.61,-80.593,NaN,NaN,NaN,NaN,0.42,89.917
43.79,2737.141,-39.178,39.722,0.07,0.141,660.193,0.791,660.194,89.931,6.554,0.123,28.61,-80.593,NaN,NaN,NaN,NaN,0.42,89.917
44.29,2717.561,-39.143,39.698,0.071,0.077,656.901,0.791,656.901,89.931,6.616,0.029,28.61,-80.593,NaN,NaN,NaN,NaN,0.42,89.917
44.79,2697.998,-39.107,39.665,0.073,0.121,653.589,0.791,653.59,89.931,6.63,0.097,28.61,-80.593,NaN,NaN,NaN,NaN,0.42,89.917
45.29,2678.454,-39.071,39.621,0.074,0.091,650.286,0.79,650.287,89.93,6.582,0.053,28.61,-80.593,NaN,NaN,NaN,NaN,0.42,89.917
45.79,2658.927,-39.034,39.589,0.076,0.16,646.989,0.79,646.989,89.93,6.608,0.141,28.61,-80.593,NaN,NaN,NaN,NaN,0.42,89.917
46.29,2639.42,-38.996,39.564,0.076,0.206,643.667,0.789,643.667,89.93,6.679,0.191,28.61,-80.593,NaN,NaN,NaN,NaN,0.42,89.917
46.79,2619.932,-38.958,39.51,0.075,0.076,640.351,0.788,640.352,89.929,6.583,0.012,28.61,-80.593,NaN,NaN,NaN,NaN,0.42,89.917
47.29,2600.462,-38.92,39.472,0.077,0.22,637.061,0.788,637.061,89.929,6.578,0.206,28.61,-80.593,NaN,NaN,NaN,NaN,0.42,89.917
47.79,2581.012,-38.882,39.417,0.075,0.129,633.798,0.787,633.798,89.929,6.475,0.105,28.61,-80.594,NaN,NaN,NaN,NaN,0.42,89.917
48.29,2561.58,-38.844,39.372,0.075,0.159,630.574,0.786,630.574,89.929,6.422,0.14,28.61,-80.594,NaN,NaN,NaN,NaN,0.42,89.917
48.79,2542.167,-38.807,39.323,0.076,0.169,627.38,0.786,627.381,89.928,6.352,0.152,28.61,-80.594,NaN,NaN,NaN,NaN,0.42,89.917
49.29,2522.773,-38.769,39.298,0.076,0.218,624.185,0.785,624.186,89.928,6.428,0.204,28.61,-80.594,NaN,NaN,NaN,NaN,0.42,89.917
49.79,2503.398,-38.731,39.277,0.073,0.076,620.946,0.784,620.946,89.928,6.53,0.021,28.61,-80.594,NaN,NaN,NaN,NaN,0.42,89.917
50.29,2484.042,-38.694,39.239,0.074,0.079,617.684,0.783,617.684,89.927,6.519,0.025,28.61,-80.594,NaN,NaN,NaN,NaN,0.42,89.917
50.79,2464.704,-38.657,39.201,0.077,0.173,614.427,0.783,614.428,89.927,6.507,0.155,28.61,-80.594,NaN,NaN,NaN,NaN,0.42,89.917
51.29,2445.386,-38.619,39.176,0.076,0.082,611.154,0.782,611.155,89.927,6.584,0.032,28.61,-80.594,NaN,NaN,NaN,NaN,0.42,89.917
51.79,2426.086,-38.581,39.141,0.077,0.135,607.858,0.781,607.859,89.926,6.6,0.111,28.61,-80.594,NaN,NaN,NaN,NaN,0.42,89.917
52.29,2406.805,-38.542,39.094,0.078,0.194,604.572,0.78,604.572,89.926,6.545,0.178,28.61,-80.594,NaN,NaN,NaN,NaN,0.42,89.917
52.79,2387.543,-38.504,39.071,0.076,0.093,601.277,0.779,601.278,89.926,6.634,0.054,28.61,-80.594,NaN,NaN,NaN,NaN,0.42,89.917
53.29,2368.301,-38.466,39.038,0.076,0.082,597.954,0.778,597.954,89.925,6.661,0.031,28.61,-80.594,NaN,NaN,NaN,NaN,0.42,89.917
53.79,2349.078,-38.428,38.998,0.076,0.13,594.627,0.777,594.628,89.925,6.645,0.105,28.61,-80.594,NaN,NaN,NaN,NaN,0.42,89.917
54.29,2329.874,-38.39,38.969,0.077,0.211,591.291,0.777,591.292,89.925,6.698,0.196,28.61,-80.594,NaN,NaN,NaN,NaN,0.42,89.917
54.79,2310.688,-38.351,38.915,0.075,0.097,587.967,0.776,587.968,89.924,6.6,0.062,28.61,-80.594,NaN,NaN,NaN,NaN,0.42,89.917
55.29,2291.522,-38.313,38.883,0.078,0.251,584.66,0.775,584.66,89.924,6.631,0.238,28.61,-80.594,NaN,NaN,NaN,NaN,0.42,89.917
55.79,2272.375,-38.275,38.824,0.074,0.121,581.374,0.774,581.375,89.924,6.511,0.095,28.61,-80.594,NaN,NaN,NaN,NaN,0.42,89.917
56.29,2253.247,-38.237,38.78,0.079,0.325,578.13,0.773,578.131,89.923,6.464,0.315,28.61,-80.594,NaN,NaN,NaN,NaN,0.42,89.917
56.79,2234.139,-38.198,38.768,0.072,0.073,574.859,0.772,574.859,89.923,6.621,0.012,28.61,-80.594,NaN,NaN,NaN,NaN,0.42,89.917
57.29,2215.049,-38.162,38.733,0.074,0.195,571.547,0.771,571.547,89.923,6.627,0.181,28.61,-80.594,NaN,NaN,NaN,NaN,0.42,89.917
57.79,2195.977,-38.125,38.681,0.073,0.167,568.256,0.77,568.256,89.922,6.537,0.15,28.61,-80.594,NaN,NaN,NaN,NaN,0.42,89.917
58.29,2176.924,-38.088,38.632,0.072,0.097,565.006,0.77,565.006,89.922,6.462,0.065,28.61,-80.594,NaN,NaN,NaN,NaN,0.42,89.917
58.79,2157.889,-38.052,38.602,0.073,0.137,561.767,0.769,561.767,89.922,6.495,0.116,28.61,-80.594,NaN,NaN,NaN,NaN,0.42,89.917
59.29,2138.872,-38.016,38.557,0.072,0.072,558.534,0.768,558.534,89.921,6.437,0.004,28.61,-80.594,NaN,NaN,NaN,NaN,0.42,89.917
59.79,2119.873,-37.98,38.521,0.072,0.121,555.316,0.767,555.317,89.921,6.435,0.097,28.61,-80.594,NaN,NaN,NaN,NaN,0.42,89.917
60.29,2100.893,-37.944,38.477,0.075,0.266,552.111,0.766,552.111,89.92,6.386,0.256,28.61,-80.594,NaN,NaN,NaN,NaN,0.42,89.917
60.79,2081.93,-37.906,38.419,0.072,0.181,548.95,0.765,548.95,89.92,6.259,0.167,28.61,-80.594,NaN,NaN,NaN,NaN,0.42,89.917
61.29,2062.986,-37.87,38.371,0.07,0.076,545.841,0.764,545.842,89.92,6.175,0.03,28.61,-80.594,NaN,NaN,NaN,NaN,0.42,89.917
61.79,2044.06,-37.835,38.334,0.071,0.163,542.757,0.763,542.758,89.919,6.16,0.147,28.61,-80.594,NaN,NaN,NaN,NaN,0.42,89.917
62.29,2025.151,-37.8,38.31,0.07,0.07,539.659,0.763,539.659,89.919,6.234,0.005,28.61,-80.594,NaN,NaN,NaN,NaN,0.42,89.917
62.79,2006.26,-37.765,38.276,0.07,0.115,536.541,0.762,536.542,89.919,6.236,0.091,28.61,-80.595,NaN,NaN,NaN,NaN,0.42,89.917
63.29,1987.386,-37.73,38.249,0.071,0.136,533.412,0.761,533.412,89.918,6.282,0.116,28.61,-80.595,NaN,NaN,NaN,NaN,0.42,89.917
63.79,1968.53,-37.694,38.205,0.072,0.15,530.285,0.76,530.286,89.918,6.224,0.131,28.61,-80.595,NaN,NaN,NaN,NaN,0.42,89.917
64.29,1949.692,-37.658,38.18,0.072,0.141,527.157,0.759,527.158,89.917,6.29,0.121,28.61,-80.595,NaN,NaN,NaN,NaN,0.42,89.917
64.79,1930.871,-37.623,38.155,0.073,0.205,523.997,0.758,523.998,89.917,6.35,0.191,28.61,-80.595,NaN,NaN,NaN,NaN,0.42,89.917
65.29,1912.069,-37.586,38.135,0.072,0.124,520.798,0.758,520.799,89.917,6.446,0.102,28.61,-80.595,NaN,NaN,NaN,NaN,0.42,89.917
65.79,1893.285,-37.55,38.108,0.072,0.15,517.563,0.757,517.563,89.916,6.497,0.132,28.61,-80.595,NaN,NaN,NaN,NaN,0.42,89.917
66.29,1874.519,-37.514,38.084,0.071,0.072,514.298,0.756,514.298,89.916,6.562,0.015,28.61,-80.595,NaN,NaN,NaN,NaN,0.42,89.917
66.79,1855.771,-37.479,38.047,0.072,0.14,511.019,0.755,511.019,89.915,6.555,0.121,28.61,-80.595,NaN,NaN,NaN,NaN,0.42,89.917
67.29,1837.041,-37.443,38.002,0.071,0.091,507.756,0.754,507.757,89.915,6.495,0.057,28.61,-80.595,NaN,NaN,NaN,NaN,0.42,89.917
67.79,1818.328,-37.407,37.972,0.071,0.116,504.502,0.753,504.502,89.914,6.523,0.092,28.61,-80.595,NaN,NaN,NaN,NaN,0.42,89.917
68.29,1799.634,-37.372,37.929,0.071,0.087,501.252,0.752,501.252,89.914,6.477,0.051,28.61,-80.595,NaN,NaN,NaN,NaN,0.42,89.917
68.79,1780.957,-37.336,37.898,0.07,0.081,498.006,0.752,498.007,89.914,6.503,0.04,28.61,-80.595,NaN,NaN,NaN,NaN,0.42,89.917
69.29,1762.297,-37.301,37.86,0.076,0.342,494.76,0.751,494.761,89.913,6.483,0.334,28.61,-80.595,NaN,NaN,NaN,NaN,0.42,89.917
69.79,1743.656,-37.263,37.852,0.069,0.098,491.477,0.75,491.477,89.913,6.65,0.07,28.61,-80.595,NaN,NaN,NaN,NaN,0.42,89.917
70.29,1725.033,-37.229,37.812,0.071,0.216,488.16,0.749,488.161,89.912,6.615,0.204,28.61,-80.595,NaN,NaN,NaN,NaN,0.42,89.917
70.79,1706.428,-37.194,37.795,0.068,0.069,484.827,0.748,484.828,89.912,6.717,0.012,28.61,-80.595,NaN,NaN,NaN,NaN,0.42,89.917
71.29,1687.84,-37.16,37.763,0.069,0.134,481.467,0.747,481.468,89.911,6.723,0.115,28.61,-80.595,NaN,NaN,NaN,NaN,0.42,89.917
71.79,1669.268,-37.125,37.719,0.069,0.186,478.12,0.746,478.121,89.911,6.666,0.173,28.61,-80.595,NaN,NaN,NaN,NaN,0.42,89.917
72.29,1650.714,-37.091,37.7,0.068,0.095,474.766,0.745,474.766,89.91,6.752,0.067,28.61,-80.595,NaN,NaN,NaN,NaN,0.42,89.917
72.79,1632.178,-37.057,37.673,0.069,0.218,471.381,0.745,471.382,89.909,6.786,0.207,28.61,-80.595,NaN,NaN,NaN,NaN,0.42,89.917
73.29,1613.658,-37.022,37.62,0.067,0.067,468.014,0.744,468.015,89.909,6.682,0.009,28.61,-80.595,NaN,NaN,NaN,NaN,0.42,89.917
73.79,1595.155,-36.989,37.588,0.067,0.07,464.672,0.743,464.672,89.908,6.687,0.02,28.61,-80.595,NaN,NaN,NaN,NaN,0.42,89.917
74.29,1576.669,-36.955,37.554,0.067,0.071,461.331,0.742,461.332,89.908,6.677,0.024,28.61,-80.595,NaN,NaN,NaN,NaN,0.42,89.917
74.79,1558.2,-36.922,37.519,0.067,0.071,457.996,0.741,457.996,89.907,6.664,0.025,28.61,-80.595,NaN,NaN,NaN,NaN,0.42,89.917
75.29,1539.747,-36.889,37.488,0.066,0.073,454.66,0.74,454.661,89.907,6.677,0.031,28.61,-80.595,NaN,NaN,NaN,NaN,0.42,89.917
75.79,1521.311,-36.856,37.458,0.067,0.116,451.318,0.739,451.319,89.906,6.693,0.095,28.61,-80.595,NaN,NaN,NaN,NaN,0.42,89.917
75.791,1521.274,-36.855,37.458,177.378,177.388,451.311,0.739,451.312,89.906,6.693,1.892,28.61,-80.595,NaN,NaN,NaN,NaN,0.42,89.917
75.796,1521.069,-35.856,36.477,167.364,167.373,451.273,0.739,451.274,89.906,6.703,1.808,28.61,-80.595,NaN,NaN,NaN,NaN,0.42,89.917
75.802,1520.858,-34.856,35.496,157.624,157.632,451.233,0.739,451.234,89.906,6.714,1.661,28.61,-80.595,NaN,NaN,NaN,NaN,0.42,89.917
75.809,1520.64,-33.856,34.517,148.158,148.165,451.191,0.739,451.191,89.906,6.725,1.415,28.61,-80.595,NaN,NaN,NaN,NaN,0.42,89.917
75.815,1520.415,-32.856,33.539,138.968,138.973,451.145,0.739,451.146,89.906,6.734,1.176,28.61,-80.595,NaN,NaN,NaN,NaN,0.42,89.917
75.823,1520.182,-31.856,32.562,130.053,130.056,451.097,0.739,451.097,89.906,6.743,0.943,28.61,-80.595,NaN,NaN,NaN,NaN,0.42,89.917
75.83,1519.941,-30.856,31.585,121.413,121.415,451.045,0.739,451.046,89.906,6.75,0.718,28.61,-80.595,NaN,NaN,NaN,NaN,0.42,89.917
75.839,1519.691,-29.856,30.611,113.049,113.05,450.989,0.739,450.99,89.906,6.756,0.499,28.61,-80.595,NaN,NaN,NaN,NaN,0.42,89.917
75.847,1519.431,-28.856,29.637,104.961,104.961,450.93,0.739,450.93,89.906,6.76,0.288,28.61,-80.595,NaN,NaN,NaN,NaN,0.42,89.917
75.857,1519.161,-27.856,28.665,97.148,97.148,450.865,0.739,450.866,89.906,6.763,0.247,28.61,-80.595,NaN,NaN,NaN,NaN,0.42,89.917
75.867,1518.88,-26.856,27.695,89.611,89.611,450.796,0.739,450.796,89.906,6.766,0.272,28.61,-80.595,NaN,NaN,NaN,NaN,0.42,89.917
75.878,1518.585,-25.856,26.727,82.349,82.35,450.72,0.739,450.721,89.906,6.769,0.297,28.61,-80.595,NaN,NaN,NaN,NaN,0.42,89.917
75.891,1518.278,-24.856,25.762,75.363,75.364,450.638,0.739,450.638,89.906,6.772,0.32,28.61,-80.595,NaN,NaN,NaN,NaN,0.42,89.917
75.904,1517.954,-23.856,24.8,68.652,68.653,450.548,0.739,450.549,89.906,6.777,0.362,28.61,-80.595,NaN,NaN,NaN,NaN,0.42,89.917
75.918,1517.614,-22.856,23.841,62.217,62.219,450.449,0.739,450.45,89.906,6.782,0.45,28.61,-80.595,NaN,NaN,NaN,NaN,0.42,89.917
75.934,1517.255,-21.856,22.886,56.057,56.06,450.34,0.739,450.341,89.906,6.789,0.535,28.61,-80.595,NaN,NaN,NaN,NaN,0.42,89.917
75.952,1516.874,-20.856,21.936,50.174,50.177,450.219,0.739,450.22,89.906,6.799,0.603,28.61,-80.595,NaN,NaN,NaN,NaN,0.42,89.917
75.972,1516.468,-19.856,20.992,44.564,44.568,450.083,0.739,450.084,89.906,6.811,0.561,28.61,-80.595,NaN,NaN,NaN,NaN,0.42,89.917
75.995,1516.034,-18.856,20.053,39.23,39.234,449.93,0.739,449.931,89.906,6.823,0.522,28.61,-80.595,NaN,NaN,NaN,NaN,0.42,89.917
76.02,1515.566,-17.856,19.12,34.175,34.184,449.756,0.739,449.757,89.906,6.837,0.762,28.61,-80.595,NaN,NaN,NaN,NaN,0.42,89.917
76.049,1515.058,-16.856,18.198,29.401,29.421,449.556,0.739,449.557,89.906,6.859,1.073,28.61,-80.595,NaN,NaN,NaN,NaN,0.42,89.917
76.083,1514.502,-15.857,17.291,24.889,24.901,449.322,0.739,449.323,89.906,6.895,0.751,28.61,-80.595,NaN,NaN,NaN,NaN,0.42,89.917
76.124,1513.886,-14.858,16.392,20.662,20.68,449.045,0.739,449.045,89.906,6.925,0.86,28.61,-80.595,NaN,NaN,NaN,NaN,0.42,89.917
76.172,1513.191,-13.858,15.511,16.71,16.732,448.709,0.739,448.709,89.906,6.967,0.856,28.61,-80.595,NaN,NaN,NaN,NaN,0.42,89.917
76.232,1512.393,-12.86,14.65,13.019,13.019,448.291,0.739,448.291,89.906,7.018,0.074,28.61,-80.595,NaN,NaN,NaN,NaN,0.42,89.917
76.308,1511.444,-11.86,13.778,9.613,9.615,447.752,0.739,447.753,89.905,7.013,0.228,28.61,-80.595,NaN,NaN,NaN,NaN,0.42,89.917
76.412,1510.262,-10.86,12.94,6.488,6.507,447.021,0.739,447.022,89.905,7.036,0.496,28.61,-80.595,NaN,NaN,NaN,NaN,0.42,89.917
76.566,1508.67,-9.863,12.071,3.633,3.636,445.946,0.739,445.947,89.905,6.96,0.132,28.61,-80.595,NaN,NaN,NaN,NaN,0.42,89.917
76.841,1506.095,-8.864,11.247,1.06,1.117,444.037,0.739,444.037,89.905,6.924,0.352,28.61,-80.595,NaN,NaN,NaN,NaN,0.42,89.917
77.25,1502.56,-8.43,10.818,0.112,1.333,441.236,0.738,441.236,89.904,6.78,1.328,28.61,-80.595,NaN,NaN,NaN,NaN,0.42,89.917
77.68,1498.948,-8.382,11.149,-0.08,0.287,438.2,0.738,438.201,89.903,7.35,0.276,28.61,-80.596,NaN,NaN,NaN,NaN,0.42,89.917
78.112,1495.319,-8.417,11.253,0.035,0.836,434.999,0.738,435,89.903,7.469,0.836,28.61,-80.596,NaN,NaN,NaN,NaN,0.42,89.917
78.542,1491.703,-8.402,11.484,-0.002,0.766,431.71,0.738,431.711,89.902,7.828,0.766,28.61,-80.596,NaN,NaN,NaN,NaN,0.42,89.917
78.972,1488.084,-8.403,11.262,-0.023,0.247,428.41,0.738,428.41,89.901,7.499,0.246,28.61,-80.596,NaN,NaN,NaN,NaN,0.42,89.917
79.403,1484.465,-8.413,11.34,0.013,0.506,425.159,0.738,425.16,89.901,7.605,0.506,28.61,-80.596,NaN,NaN,NaN,NaN,0.42,89.917
79.833,1480.85,-8.407,11.191,0.045,1.04,421.938,0.737,421.938,89.9,7.387,1.039,28.61,-80.596,NaN,NaN,NaN,NaN,0.42,89.917
80.263,1477.24,-8.388,10.887,-0.051,0.074,418.858,0.737,418.858,89.899,6.94,0.054,28.61,-80.596,NaN,NaN,NaN,NaN,0.42,89.917
80.693,1473.623,-8.409,10.889,0.018,0.53,415.873,0.737,415.874,89.898,6.917,0.529,28.61,-80.596,NaN,NaN,NaN,NaN,0.42,89.917
81.123,1470.013,-8.402,11.029,0.04,1.006,412.853,0.737,412.854,89.898,7.145,1.006,28.61,-80.596,NaN,NaN,NaN,NaN,0.42,89.917
81.552,1466.406,-8.384,10.74,-0.047,0.125,409.876,0.737,409.877,89.897,6.712,0.116,28.61,-80.596,NaN,NaN,NaN,NaN,0.42,89.917
81.983,1462.793,-8.405,10.787,0.005,0.186,406.976,0.736,406.977,89.896,6.762,0.186,28.61,-80.596,NaN,NaN,NaN,NaN,0.42,89.917
82.412,1459.185,-8.403,10.736,0.004,0.217,404.09,0.736,404.091,89.896,6.683,0.217,28.61,-80.596,NaN,NaN,NaN,NaN,0.42,89.917
82.841,1455.579,-8.401,10.793,0.007,0.339,401.202,0.736,401.203,89.895,6.776,0.339,28.61,-80.596,NaN,NaN,NaN,NaN,0.42,89.917
83.27,1451.975,-8.398,10.882,-0.002,0.08,398.263,0.736,398.264,89.894,6.921,0.08,28.61,-80.596,NaN,NaN,NaN,NaN,0.42,89.917
83.7,1448.371,-8.399,10.905,0.006,0.219,395.286,0.736,395.286,89.893,6.956,0.219,28.61,-80.596,NaN,NaN,NaN,NaN,0.42,89.917
84.129,1444.769,-8.396,10.844,0.028,0.731,392.322,0.736,392.323,89.893,6.862,0.731,28.61,-80.596,NaN,NaN,NaN,NaN,0.42,89.917
84.557,1441.171,-8.384,11.035,-0.021,0.232,389.312,0.735,389.313,89.892,7.176,0.231,28.61,-80.596,NaN,NaN,NaN,NaN,0.42,89.917
84.987,1437.569,-8.393,10.978,0.011,0.435,386.252,0.735,386.253,89.891,7.076,0.435,28.61,-80.596,NaN,NaN,NaN,NaN,0.42,89.917
85.416,1433.971,-8.388,11.096,0.043,0.992,383.178,0.735,383.179,89.89,7.263,0.991,28.61,-80.596,NaN,NaN,NaN,NaN,0.42,89.917
85.844,1430.378,-8.37,10.808,-0.012,0.819,380.155,0.735,380.156,89.889,6.838,0.818,28.61,-80.596,NaN,NaN,NaN,NaN,0.42,89.917
86.274,1426.781,-8.375,10.593,-0.015,0.558,377.293,0.735,377.294,89.888,6.486,0.557,28.61,-80.596,NaN,NaN,NaN,NaN,0.42,89.917
86.703,1423.186,-8.381,10.746,-0.012,0.079,374.458,0.734,374.459,89.888,6.725,0.078,28.61,-80.596,NaN,NaN,NaN,NaN,0.42,89.917
87.132,1419.591,-8.386,10.729,0.005,0.202,371.582,0.734,371.583,89.887,6.692,0.202,28.61,-80.596,NaN,NaN,NaN,NaN,0.42,89.917
87.56,1416,-8.384,10.673,0.003,0.189,368.734,0.734,368.735,89.886,6.605,0.189,28.61,-80.596,NaN,NaN,NaN,NaN,0.42,89.917
87.988,1412.41,-8.383,10.623,0.006,0.298,365.923,0.734,365.924,89.885,6.525,0.298,28.61,-80.596,NaN,NaN,NaN,NaN,0.42,89.917
88.417,1408.821,-8.38,10.699,0.002,0.259,363.102,0.734,363.103,89.884,6.652,0.259,28.61,-80.596,NaN,NaN,NaN,NaN,0.42,89.917
88.845,1405.233,-8.379,10.768,2.741e-4,0.062,360.23,0.734,360.231,89.883,6.763,0.062,28.61,-80.596,NaN,NaN,NaN,NaN,0.42,89.917
89.273,1401.646,-8.379,10.751,0.004,0.075,357.341,0.733,357.341,89.882,6.737,0.075,28.61,-80.596,NaN,NaN,NaN,NaN,0.42,89.917
89.701,1398.061,-8.377,10.73,0.086,1.284,354.465,0.733,354.465,89.881,6.705,1.281,28.61,-80.596,NaN,NaN,NaN,NaN,0.42,89.917
90.129,1394.485,-8.341,11.053,-0.078,0.107,351.479,0.733,351.48,89.88,7.253,0.073,28.61,-80.596,NaN,NaN,NaN,NaN,0.42,89.917
90.558,1390.895,-8.374,11.058,0.004,0.061,348.37,0.733,348.371,89.879,7.222,0.061,28.61,-80.596,NaN,NaN,NaN,NaN,0.42,89.917
90.986,1387.314,-8.373,11.04,0.02,0.573,345.287,0.733,345.288,89.878,7.196,0.573,28.61,-80.596,NaN,NaN,NaN,NaN,0.42,89.917
91.413,1383.735,-8.364,11.195,-0.01,0.266,342.158,0.733,342.159,89.877,7.441,0.266,28.61,-80.596,NaN,NaN,NaN,NaN,0.42,89.917
91.841,1380.156,-8.368,11.123,0.001,0.164,338.998,0.732,338.999,89.876,7.327,0.164,28.61,-80.597,NaN,NaN,NaN,NaN,0.42,89.917
92.269,1376.578,-8.368,11.076,0.008,0.347,335.881,0.732,335.882,89.875,7.257,0.347,28.61,-80.597,NaN,NaN,NaN,NaN,0.42,89.917
92.696,1373.003,-8.364,10.977,0.007,0.432,332.811,0.732,332.812,89.874,7.108,0.432,28.61,-80.597,NaN,NaN,NaN,NaN,0.42,89.917
93.124,1369.428,-8.361,10.856,0.007,0.508,329.812,0.732,329.813,89.873,6.924,0.508,28.61,-80.597,NaN,NaN,NaN,NaN,0.42,89.917
93.551,1365.855,-8.358,10.993,-0.004,0.336,326.807,0.732,326.808,89.872,7.141,0.336,28.61,-80.597,NaN,NaN,NaN,NaN,0.42,89.917
93.979,1362.282,-8.36,11.088,-0.002,0.085,323.724,0.731,323.725,89.871,7.284,0.085,28.61,-80.597,NaN,NaN,NaN,NaN,0.42,89.917
94.406,1358.711,-8.361,11.065,0.004,0.105,320.62,0.731,320.621,89.869,7.248,0.105,28.61,-80.597,NaN,NaN,NaN,NaN,0.42,89.917
94.833,1355.141,-8.359,11.035,0.003,0.063,317.535,0.731,317.535,89.868,7.203,0.063,28.61,-80.597,NaN,NaN,NaN,NaN,0.42,89.917
95.26,1351.573,-8.358,11.016,0.004,0.066,314.465,0.731,314.466,89.867,7.176,0.066,28.61,-80.597,NaN,NaN,NaN,NaN,0.42,89.917
95.686,1348.006,-8.356,11.033,0.003,0.005,311.396,0.731,311.397,89.866,7.204,0.004,28.61,-80.597,NaN,NaN,NaN,NaN,0.42,89.917
96.113,1344.44,-8.355,11.033,0.018,0.535,308.321,0.731,308.322,89.864,7.206,0.534,28.61,-80.597,NaN,NaN,NaN,NaN,0.42,89.917
96.54,1340.877,-8.347,11.178,-0.008,0.233,305.198,0.73,305.199,89.863,7.434,0.233,28.61,-80.597,NaN,NaN,NaN,NaN,0.42,89.917
96.967,1337.313,-8.351,11.114,0.124,1.584,302.045,0.73,302.046,89.861,7.335,1.579,28.61,-80.597,NaN,NaN,NaN,NaN,0.42,89.917
97.393,1333.762,-8.298,10.641,-0.1,0.623,299.06,0.73,299.061,89.86,6.661,0.615,28.61,-80.597,NaN,NaN,NaN,NaN,0.42,89.917
97.823,1330.191,-8.341,10.512,-0.001,0.53,296.258,0.73,296.259,89.859,6.397,0.53,28.61,-80.597,NaN,NaN,NaN,NaN,0.42,89.917
98.249,1326.631,-8.341,10.376,-0.01,0.106,293.576,0.73,293.577,89.858,6.171,0.105,28.61,-80.597,NaN,NaN,NaN,NaN,0.42,89.917
98.676,1323.072,-8.346,10.406,0.021,0.6,290.934,0.729,290.935,89.856,6.216,0.6,28.61,-80.597,NaN,NaN,NaN,NaN,0.42,89.917
99.102,1319.517,-8.337,10.554,0.032,0.962,288.23,0.729,288.231,89.855,6.471,0.962,28.61,-80.597,NaN,NaN,NaN,NaN,0.42,89.917
99.529,1315.964,-8.323,10.799,-0.03,0.513,285.383,0.729,285.384,89.854,6.882,0.512,28.61,-80.597,NaN,NaN,NaN,NaN,0.42,89.917
99.956,1312.406,-8.336,10.671,0.015,0.703,282.49,0.729,282.491,89.852,6.663,0.703,28.61,-80.597,NaN,NaN,NaN,NaN,0.42,89.917
100.382,1308.854,-8.329,10.856,-0.022,0.028,279.586,0.729,279.587,89.851,6.962,0.018,28.61,-80.597,NaN,NaN,NaN,NaN,0.42,89.917
100.809,1305.3,-8.339,10.858,0.01,0.349,276.619,0.729,276.62,89.849,6.955,0.349,28.61,-80.597,NaN,NaN,NaN,NaN,0.42,89.917
101.234,1301.75,-8.334,10.951,0.027,0.763,273.625,0.728,273.626,89.847,7.103,0.763,28.61,-80.597,NaN,NaN,NaN,NaN,0.42,89.917
101.66,1298.203,-8.323,10.734,-0.026,0.028,270.669,0.728,270.67,89.846,6.779,0.01,28.61,-80.597,NaN,NaN,NaN,NaN,0.42,89.917
102.087,1294.652,-8.334,10.746,0.004,0.054,267.778,0.728,267.779,89.844,6.783,0.054,28.61,-80.597,NaN,NaN,NaN,NaN,0.42,89.917
102.512,1291.105,-8.333,10.73,0.114,1.501,264.896,0.728,264.897,89.843,6.76,1.496,28.61,-80.597,NaN,NaN,NaN,NaN,0.42,89.917
102.938,1287.57,-8.284,10.301,-0.071,0.84,262.155,0.728,262.156,89.841,6.123,0.837,28.61,-80.597,NaN,NaN,NaN,NaN,0.42,89.917
103.366,1284.018,-8.315,10.542,-0.023,0.43,259.458,0.728,259.459,89.839,6.481,0.429,28.61,-80.597,NaN,NaN,NaN,NaN,0.42,89.917
103.792,1280.473,-8.324,10.663,0.003,0.421,256.657,0.727,256.658,89.838,6.664,0.421,28.61,-80.597,NaN,NaN,NaN,NaN,0.42,89.917
104.217,1276.931,-8.323,10.775,-0.002,0.259,253.784,0.727,253.785,89.836,6.843,0.259,28.61,-80.597,NaN,NaN,NaN,NaN,0.42,89.917
104.643,1273.39,-8.324,10.706,0.058,1.072,250.896,0.727,250.897,89.834,6.733,1.071,28.61,-80.597,NaN,NaN,NaN,NaN,0.42,89.917
105.068,1269.855,-8.299,10.406,-0.038,0.571,248.13,0.727,248.131,89.832,6.277,0.57,28.61,-80.597,NaN,NaN,NaN,NaN,0.42,89.917
105.494,1266.313,-8.316,10.274,0.07,1.293,245.505,0.727,245.506,89.83,6.034,1.291,28.61,-80.597,NaN,NaN,NaN,NaN,0.42,89.917
105.92,1262.783,-8.286,10.583,-6.428e-4,1.256,242.821,0.727,242.822,89.829,6.584,1.256,28.61,-80.598,NaN,NaN,NaN,NaN,0.42,89.917
106.347,1259.247,-8.286,10.258,-0.073,0.263,240.126,0.726,240.127,89.827,6.048,0.252,28.61,-80.598,NaN,NaN,NaN,NaN,0.42,89.917
106.773,1255.705,-8.317,10.347,0.011,0.47,237.523,0.726,237.524,89.825,6.155,0.47,28.61,-80.598,NaN,NaN,NaN,NaN,0.42,89.917
107.198,1252.173,-8.312,10.226,-0.006,0.163,234.95,0.726,234.951,89.823,5.956,0.163,28.61,-80.598,NaN,NaN,NaN,NaN,0.42,89.917
107.623,1248.64,-8.315,10.268,0.024,0.656,232.404,0.726,232.406,89.821,6.025,0.656,28.61,-80.598,NaN,NaN,NaN,NaN,0.42,89.917
108.048,1245.111,-8.305,10.426,-0.011,0.371,229.787,0.726,229.788,89.819,6.304,0.371,28.61,-80.598,NaN,NaN,NaN,NaN,0.42,89.917
108.473,1241.58,-8.309,10.526,0.003,0.351,227.074,0.726,227.075,89.817,6.461,0.351,28.61,-80.598,NaN,NaN,NaN,NaN,0.42,89.917
108.897,1238.052,-8.308,10.434,2.569e-4,0.248,224.361,0.726,224.363,89.815,6.312,0.248,28.61,-80.598,NaN,NaN,NaN,NaN,0.42,89.917
109.322,1234.525,-8.308,10.371,0.006,0.336,221.704,0.725,221.705,89.813,6.207,0.336,28.61,-80.598,NaN,NaN,NaN,NaN,0.42,89.917
109.746,1230.999,-8.306,10.284,0.029,0.783,219.1,0.725,219.101,89.81,6.065,0.782,28.61,-80.598,NaN,NaN,NaN,NaN,0.42,89.917
110.171,1227.477,-8.293,10.474,0.028,1.05,216.455,0.725,216.457,89.808,6.397,1.05,28.61,-80.598,NaN,NaN,NaN,NaN,0.42,89.917
110.596,1223.956,-8.282,10.743,-0.049,0.243,213.643,0.725,213.644,89.806,6.843,0.238,28.61,-80.598,NaN,NaN,NaN,NaN,0.42,89.917
111.021,1220.429,-8.303,10.695,0.005,0.302,210.754,0.725,210.755,89.803,6.742,0.302,28.61,-80.598,NaN,NaN,NaN,NaN,0.42,89.917
111.445,1216.908,-8.3,10.613,-0.001,0.037,207.922,0.725,207.923,89.8,6.614,0.037,28.61,-80.598,NaN,NaN,NaN,NaN,0.42,89.917
111.869,1213.388,-8.301,10.623,0.007,0.268,205.114,0.724,205.115,89.798,6.629,0.268,28.61,-80.598,NaN,NaN,NaN,NaN,0.42,89.917
112.293,1209.87,-8.298,10.55,0.014,0.537,202.328,0.724,202.329,89.795,6.516,0.537,28.61,-80.598,NaN,NaN,NaN,NaN,0.42,89.917
112.717,1206.353,-8.292,10.407,-0.011,0.069,199.614,0.724,199.615,89.792,6.288,0.068,28.61,-80.598,NaN,NaN,NaN,NaN,0.42,89.917
113.141,1202.836,-8.297,10.393,0.003,0.067,196.953,0.724,196.955,89.789,6.259,0.067,28.61,-80.598,NaN,NaN,NaN,NaN,0.42,89.917
113.565,1199.321,-8.295,10.409,0.004,0.115,194.295,0.724,194.297,89.787,6.288,0.115,28.61,-80.598,NaN,NaN,NaN,NaN,0.42,89.917
113.988,1195.807,-8.293,10.378,0.037,0.828,191.642,0.724,191.643,89.784,6.239,0.828,28.61,-80.598,NaN,NaN,NaN,NaN,0.42,89.917
114.412,1192.298,-8.278,10.159,-0.02,0.46,189.074,0.723,189.075,89.781,5.889,0.46,28.61,-80.598,NaN,NaN,NaN,NaN,0.42,89.917
114.836,1188.785,-8.286,10.28,0.127,1.655,186.534,0.723,186.536,89.778,6.084,1.65,28.61,-80.598,NaN,NaN,NaN,NaN,0.42,89.917
115.26,1185.286,-8.232,10.667,-0.13,0.171,183.809,0.723,183.81,89.775,6.783,0.111,28.61,-80.598,NaN,NaN,NaN,NaN,0.42,89.917
115.686,1181.765,-8.288,10.74,0.066,1.121,180.907,0.723,180.909,89.771,6.83,1.119,28.61,-80.598,NaN,NaN,NaN,NaN,0.42,89.917
116.109,1178.263,-8.26,11.026,-0.059,0.076,177.916,0.723,177.918,89.767,7.304,0.047,28.61,-80.598,NaN,NaN,NaN,NaN,0.42,89.917
116.534,1174.751,-8.285,11.058,0.02,0.57,174.812,0.723,174.813,89.763,7.323,0.569,28.61,-80.598,NaN,NaN,NaN,NaN,0.42,89.917
116.957,1171.247,-8.277,11.213,-0.004,0.421,171.662,0.722,171.664,89.759,7.564,0.421,28.61,-80.598,NaN,NaN,NaN,NaN,0.42,89.917
117.38,1167.742,-8.279,11.094,0.018,0.677,168.497,0.722,168.499,89.754,7.386,0.677,28.61,-80.598,NaN,NaN,NaN,NaN,0.42,89.917
117.803,1164.241,-8.271,11.282,-0.02,0.03,165.311,0.722,165.313,89.75,7.672,0.022,28.61,-80.598,NaN,NaN,NaN,NaN,0.42,89.917
118.227,1160.737,-8.28,11.281,0.008,0.298,162.065,0.722,162.067,89.745,7.663,0.298,28.61,-80.598,NaN,NaN,NaN,NaN,0.42,89.917
118.65,1157.237,-8.276,11.194,-0.001,0.051,158.852,0.722,158.853,89.74,7.537,0.051,28.61,-80.598,NaN,NaN,NaN,NaN,0.42,89.917
119.072,1153.738,-8.277,11.208,0.016,0.511,155.66,0.722,155.662,89.734,7.558,0.511,28.61,-80.598,NaN,NaN,NaN,NaN,0.42,89.917
119.495,1150.241,-8.27,11.059,0.109,1.553,152.511,0.721,152.513,89.729,7.342,1.549,28.61,-80.598,NaN,NaN,NaN,NaN,0.42,89.917
119.918,1146.753,-8.224,10.599,-0.11,0.344,149.545,0.721,149.547,89.724,6.687,0.326,28.61,-80.598,NaN,NaN,NaN,NaN,0.42,89.917
120.343,1143.247,-8.27,10.549,-2.226e-4,0.179,146.732,0.721,146.734,89.718,6.548,0.179,28.61,-80.598,NaN,NaN,NaN,NaN,0.42,89.917
120.843,1139.112,-8.27,10.494,0.014,0.486,143.48,0.721,143.482,89.712,6.459,0.486,28.61,-80.599,NaN,NaN,NaN,NaN,0.42,89.917
121.265,1135.62,-8.264,10.617,-0.004,0.294,140.709,0.721,140.711,89.707,6.664,0.294,28.61,-80.599,NaN,NaN,NaN,NaN,0.42,89.917
121.688,1132.128,-8.266,10.696,0.021,0.66,137.867,0.72,137.869,89.701,6.788,0.66,28.61,-80.599,NaN,NaN,NaN,NaN,0.42,89.917
122.11,1128.638,-8.257,10.515,-0.011,0.401,135.059,0.72,135.061,89.694,6.51,0.4,28.61,-80.599,NaN,NaN,NaN,NaN,0.42,89.917
122.533,1125.148,-8.262,10.624,0.007,0.491,132.272,0.72,132.274,89.688,6.679,0.491,28.61,-80.599,NaN,NaN,NaN,NaN,0.42,89.917
122.955,1121.66,-8.259,10.492,-2.303e-4,0.412,129.495,0.72,129.497,89.681,6.472,0.412,28.61,-80.599,NaN,NaN,NaN,NaN,0.42,89.917
123.455,1117.53,-8.259,10.621,0.023,0.743,126.208,0.72,126.21,89.673,6.678,0.742,28.61,-80.599,NaN,NaN,NaN,NaN,0.42,89.917
123.877,1114.046,-8.249,10.419,-0.005,0.625,123.455,0.72,123.457,89.666,6.364,0.625,28.61,-80.599,NaN,NaN,NaN,NaN,0.42,89.917
124.3,1110.561,-8.251,10.584,0.033,0.993,120.711,0.719,120.713,89.659,6.629,0.993,28.61,-80.599,NaN,NaN,NaN,NaN,0.42,89.917
124.722,1107.08,-8.237,10.841,0.005,1.01,117.824,0.719,117.826,89.65,7.048,1.01,28.61,-80.599,NaN,NaN,NaN,NaN,0.42,89.917
125.145,1103.598,-8.235,10.566,-0.041,0.385,114.934,0.719,114.937,89.642,6.621,0.383,28.61,-80.599,NaN,NaN,NaN,NaN,0.42,89.917
125.568,1100.113,-8.252,10.479,0.04,0.939,112.17,0.719,112.172,89.633,6.459,0.938,28.61,-80.599,NaN,NaN,NaN,NaN,0.42,89.917
125.989,1096.637,-8.235,10.715,-0.004,0.858,109.362,0.719,109.365,89.623,6.855,0.858,28.61,-80.599,NaN,NaN,NaN,NaN,0.42,89.917
126.412,1093.157,-8.237,10.951,-0.006,0.75,106.39,0.719,106.392,89.613,7.217,0.75,28.61,-80.599,NaN,NaN,NaN,NaN,0.42,89.917
126.834,1089.679,-8.239,11.164,0.016,0.906,103.276,0.718,103.278,89.601,7.534,0.906,28.61,-80.599,NaN,NaN,NaN,NaN,0.42,89.917
127.256,1086.204,-8.232,10.905,-0.038,0.043,100.177,0.718,100.18,89.589,7.151,0.019,28.61,-80.599,NaN,NaN,NaN,NaN,0.42,89.917
127.678,1082.725,-8.248,10.922,0.033,0.772,97.156,0.718,97.159,89.577,7.16,0.771,28.61,-80.599,NaN,NaN,NaN,NaN,0.42,89.917
128.099,1079.254,-8.234,10.701,-0.023,0.279,94.209,0.718,94.212,89.563,6.835,0.278,28.61,-80.599,NaN,NaN,NaN,NaN,0.42,89.917
128.521,1075.778,-8.244,10.634,0.003,0.284,91.351,0.718,91.354,89.55,6.718,0.284,28.61,-80.599,NaN,NaN,NaN,NaN,0.42,89.917
128.942,1072.307,-8.243,10.558,0.004,0.322,88.547,0.718,88.55,89.536,6.598,0.322,28.61,-80.599,NaN,NaN,NaN,NaN,0.42,89.917
129.363,1068.836,-8.241,10.642,0.008,0.438,85.74,0.717,85.743,89.521,6.734,0.438,28.61,-80.599,NaN,NaN,NaN,NaN,0.42,89.917
129.784,1065.367,-8.237,10.524,-0.001,0.314,82.943,0.717,82.947,89.505,6.549,0.314,28.61,-80.599,NaN,NaN,NaN,NaN,0.42,89.917
130.205,1061.898,-8.238,10.442,3.979e-4,0.207,80.214,0.717,80.217,89.488,6.417,0.207,28.61,-80.599,NaN,NaN,NaN,NaN,0.42,89.917
130.626,1058.431,-8.238,10.389,0.054,1.029,77.531,0.717,77.534,89.47,6.33,1.027,28.61,-80.599,NaN,NaN,NaN,NaN,0.42,89.917
131.047,1054.97,-8.215,10.113,-0.026,0.679,74.959,0.717,74.962,89.452,5.897,0.678,28.61,-80.599,NaN,NaN,NaN,NaN,0.42,89.917
131.469,1051.502,-8.226,9.958,0.038,1.077,72.532,0.717,72.535,89.434,5.611,1.076,28.61,-80.599,NaN,NaN,NaN,NaN,0.42,89.917
131.89,1048.042,-8.21,10.207,-0.055,0.101,70.073,0.716,70.077,89.414,6.065,0.085,28.61,-80.599,NaN,NaN,NaN,NaN,0.42,89.917
132.312,1044.574,-8.233,10.247,0.016,0.514,67.508,0.716,67.512,89.392,6.1,0.514,28.61,-80.599,NaN,NaN,NaN,NaN,0.42,89.917
132.732,1041.114,-8.226,10.372,-0.01,0.027,64.898,0.716,64.902,89.368,6.317,0.025,28.61,-80.599,NaN,NaN,NaN,NaN,0.42,89.917
133.153,1037.653,-8.231,10.369,0.056,1.022,62.243,0.716,62.247,89.341,6.306,1.02,28.61,-80.599,NaN,NaN,NaN,NaN,0.42,89.917
133.573,1034.198,-8.207,10.617,-0.018,0.777,59.502,0.716,59.506,89.311,6.735,0.776,28.61,-80.599,NaN,NaN,NaN,NaN,0.42,89.917
133.995,1030.738,-8.215,10.833,-0.013,0.538,56.595,0.716,56.6,89.276,7.062,0.538,28.61,-80.599,NaN,NaN,NaN,NaN,0.42,89.917
134.415,1027.28,-8.22,10.986,0.051,1.118,53.576,0.715,53.58,89.235,7.288,1.117,28.61,-80.599,NaN,NaN,NaN,NaN,0.42,89.917
134.836,1023.829,-8.199,10.664,-0.059,0.114,50.61,0.715,50.615,89.19,6.819,0.097,28.61,-80.599,NaN,NaN,NaN,NaN,0.42,89.917
135.257,1020.369,-8.224,10.657,0.015,0.483,47.746,0.715,47.751,89.142,6.778,0.482,28.61,-80.6,NaN,NaN,NaN,NaN,0.42,89.917
135.677,1016.917,-8.217,10.782,0.05,1.08,44.857,0.715,44.862,89.087,6.981,1.079,28.61,-80.6,NaN,NaN,NaN,NaN,0.42,89.917
136.097,1013.468,-8.197,10.478,-0.054,0.172,42.019,0.715,42.025,89.025,6.527,0.164,28.61,-80.6,NaN,NaN,NaN,NaN,0.42,89.917
136.518,1010.012,-8.219,10.453,0.002,0.041,39.285,0.715,39.291,88.958,6.459,0.041,28.61,-80.6,NaN,NaN,NaN,NaN,0.42,89.917
136.938,1006.562,-8.218,10.442,0.003,0.037,36.577,0.714,36.584,88.881,6.441,0.037,28.61,-80.6,NaN,NaN,NaN,NaN,0.42,89.917
137.358,1003.114,-8.217,10.431,0.017,0.522,33.877,0.714,33.885,88.792,6.426,0.522,28.61,-80.6,NaN,NaN,NaN,NaN,0.42,89.917
137.777,999.667,-8.21,10.562,-0.01,0.096,31.135,0.714,31.143,88.686,6.645,0.095,28.61,-80.6,NaN,NaN,NaN,NaN,0.42,89.917
138.197,996.219,-8.214,10.591,0.037,0.822,28.337,0.714,28.346,88.557,6.685,0.821,28.61,-80.6,NaN,NaN,NaN,NaN,0.42,89.917
138.617,992.777,-8.199,10.799,2.754e-4,0.78,25.461,0.714,25.471,88.394,7.029,0.78,28.61,-80.6,NaN,NaN,NaN,NaN,0.42,89.917
139.037,989.333,-8.198,11.016,-0.028,0.034,22.439,0.714,22.45,88.178,7.357,0.02,28.61,-80.6,NaN,NaN,NaN,NaN,0.42,89.917
139.457,985.887,-8.21,11.03,0.009,0.338,19.347,0.713,19.36,87.888,7.365,0.338,28.61,-80.6,NaN,NaN,NaN,NaN,0.42,89.917
139.876,982.446,-8.206,10.933,-0.002,0.036,16.289,0.713,16.305,87.493,7.224,0.036,28.61,-80.6,NaN,NaN,NaN,NaN,0.42,89.917
140.295,979.005,-8.207,10.924,0.006,0.25,13.263,0.713,13.282,86.922,7.209,0.25,28.61,-80.6,NaN,NaN,NaN,NaN,0.42,89.917
140.714,975.566,-8.204,10.853,0.004,0.282,10.264,0.713,10.289,86.026,7.104,0.282,28.61,-80.6,NaN,NaN,NaN,NaN,0.42,89.917
141.133,972.128,-8.203,10.929,0.011,0.48,7.262,0.713,7.297,84.394,7.222,0.479,28.61,-80.6,NaN,NaN,NaN,NaN,0.42,89.917
141.553,968.692,-8.198,11.059,0.011,0.622,4.193,0.713,4.253,80.355,7.423,0.622,28.61,-80.6,NaN,NaN,NaN,NaN,0.42,89.917
141.972,965.257,-8.193,11.233,-0.009,0.378,1.027,0.712,1.25,55.26,7.684,0.377,28.61,-80.6,NaN,NaN,NaN,NaN,0.42,89.917
142.391,961.821,-8.197,11.128,0.015,0.614,-2.161,0.712,2.275,288.244,7.526,0.614,28.61,-80.6,NaN,NaN,NaN,NaN,0.42,89.917
142.81,958.389,-8.191,10.951,0.055,1.189,-5.259,0.712,5.307,277.71,7.268,1.188,28.61,-80.6,NaN,NaN,NaN,NaN,0.42,89.917
143.229,954.961,-8.168,10.609,-0.036,0.78,-8.201,0.712,8.232,274.961,6.771,0.779,28.61,-80.6,NaN,NaN,NaN,NaN,0.42,89.917
143.649,951.527,-8.183,10.415,0.021,0.979,-10.977,0.712,11,273.71,6.443,0.979,28.61,-80.6,NaN,NaN,NaN,NaN,0.42,89.917
144.068,948.098,-8.174,10.159,-0.043,0.226,-13.591,0.712,13.61,272.997,6.033,0.222,28.61,-80.6,NaN,NaN,NaN,NaN,0.42,89.917
144.488,944.666,-8.192,10.229,0.064,1.119,-16.142,0.711,16.157,272.523,6.126,1.117,28.61,-80.6,NaN,NaN,NaN,NaN,0.42,89.917
144.906,941.244,-8.165,10.495,-0.036,0.676,-18.803,0.711,18.816,272.166,6.593,0.675,28.61,-80.6,NaN,NaN,NaN,NaN,0.42,89.917
145.326,937.814,-8.181,10.687,-0.008,0.49,-21.629,0.711,21.64,271.883,6.877,0.49,28.61,-80.6,NaN,NaN,NaN,NaN,0.42,89.917
145.744,934.388,-8.184,10.822,9.367e-4,0.439,-24.551,0.711,24.561,271.659,7.082,0.439,28.61,-80.6,NaN,NaN,NaN,NaN,0.42,89.917
146.163,930.964,-8.183,10.943,-0.006,0.133,-27.553,0.711,27.562,271.478,7.265,0.133,28.61,-80.6,NaN,NaN,NaN,NaN,0.42,89.917
146.581,927.54,-8.186,10.982,0.01,0.395,-30.603,0.711,30.612,271.33,7.321,0.395,28.61,-80.6,NaN,NaN,NaN,NaN,0.42,89.917
146.999,924.119,-8.181,10.869,0.054,1.085,-33.629,0.71,33.637,271.21,7.156,1.084,28.61,-80.6,NaN,NaN,NaN,NaN,0.42,89.917
147.417,920.703,-8.159,10.559,0.005,1.099,-36.526,0.71,36.533,271.114,6.703,1.099,28.61,-80.6,NaN,NaN,NaN,NaN,0.42,89.917
147.836,917.284,-8.156,10.271,-0.014,0.931,-39.239,0.71,39.246,271.037,6.242,0.931,28.61,-80.6,NaN,NaN,NaN,NaN,0.42,89.917
148.255,913.865,-8.162,10.043,-0.032,0.422,-41.774,0.71,41.78,270.974,5.852,0.421,28.61,-80.6,NaN,NaN,NaN,NaN,0.42,89.917
148.674,910.445,-8.175,10.158,0.081,1.318,-44.26,0.71,44.266,270.919,6.028,1.315,28.61,-80.6,NaN,NaN,NaN,NaN,0.42,89.917
149.092,907.036,-8.142,10.467,-0.014,1.169,-46.894,0.71,46.899,270.867,6.578,1.169,28.61,-80.6,NaN,NaN,NaN,NaN,0.42,89.917
149.511,903.62,-8.147,10.786,-0.045,0.638,-49.756,0.709,49.761,270.817,7.068,0.636,28.61,-80.601,NaN,NaN,NaN,NaN,0.42,89.917
149.93,900.202,-8.166,10.628,0.12,1.667,-52.661,0.709,52.666,270.772,6.801,1.663,28.61,-80.601,NaN,NaN,NaN,NaN,0.42,89.917
150.348,896.8,-8.116,11.049,-0.108,0.703,-55.649,0.709,55.653,270.73,7.496,0.694,28.61,-80.601,NaN,NaN,NaN,NaN,0.42,89.917
150.769,893.379,-8.162,11.281,-0.015,0.345,-58.861,0.709,58.865,270.69,7.788,0.345,28.61,-80.601,NaN,NaN,NaN,NaN,0.42,89.917
151.186,889.968,-8.168,11.187,0.022,0.694,-62.085,0.709,62.089,270.654,7.644,0.694,28.61,-80.601,NaN,NaN,NaN,NaN,0.42,89.917
151.604,886.561,-8.159,10.985,-0.016,0.323,-65.215,0.709,65.218,270.623,7.354,0.323,28.61,-80.601,NaN,NaN,NaN,NaN,0.42,89.917
152.021,883.151,-8.166,10.9,-6.057e-4,0.164,-68.258,0.708,68.262,270.595,7.22,0.164,28.61,-80.601,NaN,NaN,NaN,NaN,0.42,89.917
152.439,879.745,-8.166,10.945,0.09,1.334,-71.284,0.708,71.288,270.569,7.288,1.331,28.61,-80.601,NaN,NaN,NaN,NaN,0.42,89.917
152.856,876.347,-8.128,10.555,-0.082,0.242,-74.208,0.708,74.211,270.547,6.733,0.227,28.61,-80.601,NaN,NaN,NaN,NaN,0.42,89.917
153.274,872.935,-8.163,10.642,0.056,1.054,-77.048,0.708,77.051,270.526,6.828,1.052,28.61,-80.601,NaN,NaN,NaN,NaN,0.42,89.917
153.691,869.537,-8.139,10.348,-0.05,0.238,-79.803,0.708,79.806,270.508,6.389,0.233,28.61,-80.601,NaN,NaN,NaN,NaN,0.42,89.917
154.109,866.131,-8.16,10.304,0.017,0.563,-82.454,0.708,82.457,270.492,6.292,0.563,28.61,-80.601,NaN,NaN,NaN,NaN,0.42,89.917
154.526,862.731,-8.153,10.444,0.089,1.431,-85.125,0.707,85.128,270.476,6.527,1.429,28.61,-80.601,NaN,NaN,NaN,NaN,0.42,89.917
154.943,859.339,-8.116,10.798,0.122,2.128,-87.971,0.707,87.974,270.461,7.122,2.124,28.61,-80.601,NaN,NaN,NaN,NaN,0.42,89.917
155.362,855.951,-8.065,11.368,-0.205,0.524,-91.14,0.707,91.142,270.444,8.012,0.483,28.61,-80.601,NaN,NaN,NaN,NaN,0.42,89.917
155.783,852.535,-8.151,11.288,0.154,1.825,-94.472,0.707,94.475,270.429,7.809,1.818,28.61,-80.601,NaN,NaN,NaN,NaN,0.42,89.917
156.2,849.152,-8.087,10.729,0.002,1.795,-97.568,0.707,97.57,270.415,7.051,1.795,28.61,-80.601,NaN,NaN,NaN,NaN,0.42,89.917
156.62,845.757,-8.086,10.249,-0.102,1.044,-100.37,0.707,100.372,270.403,6.297,1.039,28.61,-80.601,NaN,NaN,NaN,NaN,0.42,89.917
157.039,842.354,-8.129,10.555,-0.05,0.203,-103.105,0.706,103.107,270.393,6.734,0.197,28.61,-80.601,NaN,NaN,NaN,NaN,0.42,89.917
157.457,838.957,-8.149,10.624,0.001,0.03,-105.933,0.706,105.935,270.382,6.816,0.03,28.61,-80.601,NaN,NaN,NaN,NaN,0.42,89.917
157.873,835.565,-8.149,10.615,0.007,0.285,-108.767,0.706,108.769,270.372,6.803,0.285,28.61,-80.601,NaN,NaN,NaN,NaN,0.42,89.917
158.289,832.175,-8.146,10.538,0.028,0.756,-111.573,0.706,111.575,270.362,6.685,0.756,28.61,-80.601,NaN,NaN,NaN,NaN,0.42,89.917
158.705,828.788,-8.134,10.332,-0.026,0.043,-114.289,0.706,114.291,270.354,6.37,0.035,28.61,-80.601,NaN,NaN,NaN,NaN,0.42,89.917
159.122,825.398,-8.145,10.349,0.003,0.005,-116.946,0.706,116.948,270.346,6.385,0.003,28.61,-80.601,NaN,NaN,NaN,NaN,0.42,89.917
159.538,822.011,-8.143,10.347,0.033,0.773,-119.601,0.705,119.603,270.338,6.384,0.772,28.61,-80.601,NaN,NaN,NaN,NaN,0.42,89.917
159.954,818.627,-8.129,10.141,-0.024,0.239,-122.189,0.705,122.191,270.331,6.063,0.238,28.61,-80.601,NaN,NaN,NaN,NaN,0.42,89.917
160.37,815.24,-8.139,10.209,0.003,0.231,-124.734,0.705,124.736,270.324,6.162,0.231,28.61,-80.601,NaN,NaN,NaN,NaN,0.42,89.917
160.786,811.857,-8.138,10.15,0.04,0.881,-127.275,0.705,127.277,270.317,6.066,0.88,28.61,-80.601,NaN,NaN,NaN,NaN,0.42,89.917
161.201,808.477,-8.122,10.36,-0.024,0.48,-129.873,0.705,129.874,270.311,6.431,0.48,28.61,-80.601,NaN,NaN,NaN,NaN,0.42,89.917
161.618,805.094,-8.132,10.493,0.029,0.865,-132.592,0.705,132.594,270.304,6.631,0.864,28.61,-80.601,NaN,NaN,NaN,NaN,0.42,89.917
162.033,801.716,-8.119,10.714,0.052,1.318,-135.423,0.704,135.425,270.298,6.99,1.317,28.61,-80.601,NaN,NaN,NaN,NaN,0.42,89.917
162.45,798.341,-8.098,10.348,-0.082,0.199,-138.219,0.704,138.221,270.292,6.443,0.181,28.61,-80.601,NaN,NaN,NaN,NaN,0.42,89.917
162.867,794.955,-8.132,10.422,0.002,0.024,-140.922,0.704,140.924,270.286,6.518,0.024,28.61,-80.601,NaN,NaN,NaN,NaN,0.42,89.917
163.282,791.578,-8.131,10.428,0.084,1.276,-143.631,0.704,143.633,270.281,6.528,1.273,28.61,-80.601,NaN,NaN,NaN,NaN,0.42,89.917
163.697,788.21,-8.096,10.077,-0.069,0.406,-146.232,0.704,146.234,270.276,6,0.4,28.61,-80.601,NaN,NaN,NaN,NaN,0.42,89.917
164.114,784.829,-8.125,10.2,-0.003,0.201,-148.768,0.704,148.769,270.271,6.166,0.201,28.61,-80.602,NaN,NaN,NaN,NaN,0.42,89.917
164.529,781.455,-8.126,10.151,0.031,0.767,-151.311,0.704,151.312,270.266,6.083,0.766,28.61,-80.602,NaN,NaN,NaN,NaN,0.42,89.917
164.944,778.085,-8.113,10.334,0.014,0.889,-153.901,0.703,153.903,270.262,6.401,0.889,28.61,-80.602,NaN,NaN,NaN,NaN,0.42,89.917
165.36,774.714,-8.108,10.563,-0.014,0.671,-156.638,0.703,156.639,270.257,6.77,0.671,28.61,-80.602,NaN,NaN,NaN,NaN,0.42,89.917
165.776,771.343,-8.114,10.391,0.038,1.07,-159.394,0.703,159.396,270.253,6.491,1.069,28.61,-80.602,NaN,NaN,NaN,NaN,0.42,89.917
166.191,767.977,-8.098,10.662,-0.024,0.772,-162.182,0.703,162.183,270.248,6.935,0.772,28.61,-80.602,NaN,NaN,NaN,NaN,0.42,89.917
166.607,764.606,-8.108,10.464,0.015,0.916,-165,0.703,165.001,270.244,6.614,0.916,28.61,-80.602,NaN,NaN,NaN,NaN,0.42,89.917
167.022,761.241,-8.102,10.222,-0.037,0.214,-167.668,0.703,167.669,270.24,6.234,0.211,28.61,-80.602,NaN,NaN,NaN,NaN,0.42,89.917
167.438,757.871,-8.117,10.288,0.011,0.454,-170.276,0.702,170.277,270.236,6.321,0.454,28.61,-80.602,NaN,NaN,NaN,NaN,0.42,89.917
167.852,754.507,-8.112,10.17,-0.005,0.19,-172.857,0.702,172.859,270.233,6.133,0.19,28.61,-80.602,NaN,NaN,NaN,NaN,0.42,89.917
168.267,751.143,-8.114,10.124,0.05,0.98,-175.384,0.702,175.386,270.229,6.054,0.979,28.61,-80.602,NaN,NaN,NaN,NaN,0.42,89.917
168.681,747.785,-8.094,10.356,-0.037,0.402,-177.977,0.702,177.979,270.226,6.46,0.4,28.61,-80.602,NaN,NaN,NaN,NaN,0.42,89.917
169.097,744.42,-8.109,10.472,0.016,0.64,-180.695,0.702,180.696,270.223,6.626,0.64,28.61,-80.602,NaN,NaN,NaN,NaN,0.42,89.917
169.511,741.061,-8.103,10.301,-0.002,0.56,-183.386,0.702,183.387,270.219,6.361,0.56,28.61,-80.602,NaN,NaN,NaN,NaN,0.42,89.917
169.926,737.701,-8.103,10.16,0.01,0.663,-185.975,0.702,185.976,270.216,6.129,0.663,28.61,-80.602,NaN,NaN,NaN,NaN,0.42,89.917
170.34,734.344,-8.099,10.325,-0.017,0.221,-188.572,0.701,188.573,270.213,6.404,0.221,28.61,-80.602,NaN,NaN,NaN,NaN,0.42,89.917
170.754,730.985,-8.106,10.274,0.017,0.563,-191.207,0.701,191.209,270.21,6.312,0.563,28.61,-80.602,NaN,NaN,NaN,NaN,0.42,89.917
171.168,727.631,-8.099,10.413,-0.013,0.047,-193.869,0.701,193.87,270.207,6.545,0.045,28.61,-80.602,NaN,NaN,NaN,NaN,0.42,89.917
171.583,724.275,-8.105,10.406,0.007,0.267,-196.576,0.701,196.578,270.204,6.527,0.267,28.61,-80.602,NaN,NaN,NaN,NaN,0.42,89.917
171.997,720.921,-8.102,10.473,0.004,0.307,-199.3,0.701,199.301,270.201,6.637,0.307,28.61,-80.602,NaN,NaN,NaN,NaN,0.42,89.917
172.41,717.569,-8.1,10.392,0.024,0.705,-202.021,0.701,202.022,270.199,6.51,0.704,28.61,-80.602,NaN,NaN,NaN,NaN,0.42,89.917
172.824,714.219,-8.09,10.569,-0.013,0.43,-204.775,0.7,204.776,270.196,6.802,0.43,28.61,-80.602,NaN,NaN,NaN,NaN,0.42,89.917
173.238,710.868,-8.095,10.689,0.021,0.737,-207.629,0.7,207.63,270.193,6.98,0.737,28.61,-80.602,NaN,NaN,NaN,NaN,0.42,89.917
173.652,707.52,-8.087,10.485,-0.008,0.56,-210.453,0.7,210.454,270.191,6.675,0.56,28.61,-80.602,NaN,NaN,NaN,NaN,0.42,89.917
174.066,704.171,-8.09,10.637,-0.004,0.408,-213.265,0.7,213.266,270.188,6.907,0.408,28.61,-80.602,NaN,NaN,NaN,NaN,0.42,89.917
174.48,700.823,-8.092,10.749,0.011,0.565,-216.158,0.7,216.159,270.185,7.075,0.564,28.61,-80.602,NaN,NaN,NaN,NaN,0.42,89.917
174.893,697.478,-8.087,10.9,-0.003,0.435,-219.132,0.7,219.133,270.183,7.309,0.435,28.61,-80.602,NaN,NaN,NaN,NaN,0.42,89.917
175.307,694.132,-8.089,10.782,-0.006,0.008,-222.117,0.699,222.119,270.18,7.129,0.005,28.61,-80.602,NaN,NaN,NaN,NaN,0.42,89.917
175.721,690.788,-8.091,10.785,0.016,0.507,-225.065,0.699,225.066,270.178,7.131,0.507,28.61,-80.602,NaN,NaN,NaN,NaN,0.42,89.917
176.134,687.446,-8.085,10.92,0.033,0.928,-228.054,0.699,228.055,270.176,7.34,0.927,28.61,-80.602,NaN,NaN,NaN,NaN,0.42,89.917
176.547,684.107,-8.071,10.655,-0.038,0.21,-231.009,0.699,231.01,270.173,6.957,0.206,28.61,-80.602,NaN,NaN,NaN,NaN,0.42,89.917
176.961,680.763,-8.087,10.612,0.025,0.695,-233.871,0.699,233.872,270.171,6.871,0.694,28.61,-80.602,NaN,NaN,NaN,NaN,0.42,89.917
177.374,677.425,-8.076,10.42,-0.018,0.25,-236.65,0.699,236.651,270.169,6.585,0.25,28.61,-80.602,NaN,NaN,NaN,NaN,0.42,89.917
177.787,674.085,-8.084,10.361,0.013,0.507,-239.351,0.698,239.352,270.167,6.482,0.506,28.61,-80.602,NaN,NaN,NaN,NaN,0.42,89.917
178.2,670.749,-8.078,10.489,-0.01,0.057,-242.07,0.698,242.071,270.165,6.691,0.057,28.61,-80.602,NaN,NaN,NaN,NaN,0.42,89.917
178.613,667.411,-8.082,10.477,0.047,0.939,-244.829,0.698,244.83,270.163,6.667,0.938,28.61,-80.603,NaN,NaN,NaN,NaN,0.42,89.917
179.026,664.08,-8.063,10.22,-0.023,0.591,-247.5,0.698,247.501,270.162,6.28,0.59,28.61,-80.603,NaN,NaN,NaN,NaN,0.42,89.917
179.44,660.744,-8.072,10.379,0.047,1.112,-250.148,0.698,250.149,270.16,6.524,1.111,28.61,-80.603,NaN,NaN,NaN,NaN,0.42,89.917
179.852,657.414,-8.053,10.082,-0.059,0.099,-252.747,0.698,252.748,270.158,6.066,0.079,28.61,-80.603,NaN,NaN,NaN,NaN,0.42,89.917
180.266,654.077,-8.077,10.081,0.008,0.324,-255.25,0.698,255.251,270.157,6.033,0.324,28.61,-80.603,NaN,NaN,NaN,NaN,0.42,89.917
180.679,650.747,-8.074,9.999,0.058,1.09,-257.711,0.697,257.712,270.155,5.899,1.088,28.61,-80.603,NaN,NaN,NaN,NaN,0.42,89.917
181.091,647.421,-8.05,10.252,-0.046,0.448,-260.237,0.697,260.238,270.154,6.348,0.446,28.61,-80.603,NaN,NaN,NaN,NaN,0.42,89.917
181.505,644.088,-8.069,10.154,0.103,1.492,-262.824,0.697,262.825,270.152,6.164,1.488,28.61,-80.603,NaN,NaN,NaN,NaN,0.42,89.917
181.917,640.769,-8.027,10.505,-0.002,1.446,-265.493,0.697,265.494,270.15,6.778,1.446,28.61,-80.603,NaN,NaN,NaN,NaN,0.42,89.917
182.332,637.442,-8.027,10.902,-0.101,0.191,-268.426,0.697,268.427,270.149,7.377,0.162,28.61,-80.603,NaN,NaN,NaN,NaN,0.42,89.917
182.746,634.108,-8.069,10.978,0.003,0.149,-271.497,0.697,271.498,270.147,7.444,0.149,28.61,-80.603,NaN,NaN,NaN,NaN,0.42,89.917
183.158,630.783,-8.068,11.019,0.058,1.061,-274.577,0.696,274.578,270.145,7.506,1.059,28.61,-80.603,NaN,NaN,NaN,NaN,0.42,89.917
183.57,627.464,-8.044,10.709,-0.05,0.261,-277.579,0.696,277.58,270.144,7.069,0.256,28.61,-80.603,NaN,NaN,NaN,NaN,0.42,89.917
183.983,624.137,-8.064,10.794,0.037,0.853,-280.521,0.696,280.522,270.142,7.175,0.852,28.61,-80.603,NaN,NaN,NaN,NaN,0.42,89.917
184.395,620.819,-8.049,11.019,-0.031,0.208,-283.549,0.696,283.55,270.141,7.526,0.205,28.61,-80.603,NaN,NaN,NaN,NaN,0.42,89.917
184.807,617.496,-8.062,11.087,0.035,0.817,-286.671,0.696,286.672,270.139,7.611,0.816,28.61,-80.603,NaN,NaN,NaN,NaN,0.42,89.917
185.219,614.179,-8.048,10.848,-0.008,0.664,-289.735,0.696,289.736,270.138,7.275,0.664,28.61,-80.603,NaN,NaN,NaN,NaN,0.42,89.917
185.632,610.86,-8.051,10.669,0.011,0.775,-292.679,0.695,292.679,270.136,7.001,0.775,28.61,-80.603,NaN,NaN,NaN,NaN,0.42,89.917
186.044,607.544,-8.047,10.459,0.027,1.039,-295.497,0.695,295.498,270.135,6.682,1.038,28.61,-80.603,NaN,NaN,NaN,NaN,0.42,89.917
186.456,604.23,-8.035,10.729,-0.01,0.906,-298.339,0.695,298.34,270.133,7.109,0.906,28.61,-80.603,NaN,NaN,NaN,NaN,0.42,89.917
186.868,600.913,-8.039,10.488,0.025,1.12,-301.195,0.695,301.196,270.132,6.736,1.12,28.61,-80.603,NaN,NaN,NaN,NaN,0.42,89.917
187.281,597.601,-8.029,10.19,-0.06,0.101,-303.877,0.695,303.878,270.131,6.274,0.081,28.61,-80.603,NaN,NaN,NaN,NaN,0.42,89.917
187.693,594.283,-8.054,10.23,0.003,0.038,-306.473,0.695,306.473,270.13,6.307,0.038,28.61,-80.603,NaN,NaN,NaN,NaN,0.42,89.917
188.104,590.971,-8.053,10.239,0.009,0.349,-309.07,0.694,309.071,270.129,6.323,0.349,28.61,-80.603,NaN,NaN,NaN,NaN,0.42,89.917
188.516,587.661,-8.049,10.148,0.015,0.598,-311.64,0.694,311.641,270.128,6.18,0.598,28.61,-80.603,NaN,NaN,NaN,NaN,0.42,89.917
188.927,584.352,-8.043,10.294,-0.013,0.212,-314.232,0.694,314.233,270.127,6.426,0.212,28.61,-80.603,NaN,NaN,NaN,NaN,0.42,89.917
189.338,581.042,-8.048,10.353,0.072,1.192,-316.894,0.694,316.894,270.125,6.513,1.19,28.61,-80.603,NaN,NaN,NaN,NaN,0.42,89.917
189.749,577.74,-8.019,10.029,-0.017,1.003,-319.47,0.694,319.471,270.124,6.024,1.002,28.61,-80.603,NaN,NaN,NaN,NaN,0.42,89.917
190.162,574.432,-8.026,10.288,-0.048,0.062,-322.039,0.694,322.04,270.123,6.437,0.04,28.61,-80.603,NaN,NaN,NaN,NaN,0.42,89.917
190.574,571.122,-8.045,10.314,0.013,0.436,-324.694,0.694,324.695,270.122,6.454,0.436,28.61,-80.603,NaN,NaN,NaN,NaN,0.42,89.917
190.984,567.818,-8.04,10.423,0.011,0.595,-327.382,0.693,327.383,270.121,6.633,0.595,28.61,-80.603,NaN,NaN,NaN,NaN,0.42,89.917
191.395,564.515,-8.035,10.577,-0.01,0.317,-330.158,0.693,330.159,270.12,6.877,0.317,28.61,-80.603,NaN,NaN,NaN,NaN,0.42,89.917
191.806,561.212,-8.039,10.495,0.022,0.684,-332.958,0.693,332.959,270.119,6.747,0.684,28.61,-80.603,NaN,NaN,NaN,NaN,0.42,89.917
192.217,557.912,-8.03,10.31,0.05,1.189,-335.671,0.693,335.672,270.118,6.466,1.188,28.61,-80.603,NaN,NaN,NaN,NaN,0.42,89.917
192.628,554.615,-8.01,10.608,-0.068,0.102,-338.429,0.693,338.43,270.117,6.954,0.077,28.61,-80.603,NaN,NaN,NaN,NaN,0.42,89.917
193.04,551.31,-8.038,10.649,0.199,2.021,-341.301,0.693,341.301,270.116,6.986,2.011,28.61,-80.603,NaN,NaN,NaN,NaN,0.42,89.917
193.45,548.028,-7.956,10.062,-0.097,1.375,-343.999,0.692,343.999,270.115,6.161,1.372,28.61,-80.604,NaN,NaN,NaN,NaN,0.42,89.917
193.865,544.722,-7.996,10.451,0.016,1.47,-346.67,0.692,346.671,270.114,6.729,1.47,28.61,-80.604,NaN,NaN,NaN,NaN,0.42,89.917
194.277,541.427,-7.989,10.846,-0.103,0.22,-349.569,0.692,349.57,270.113,7.335,0.194,28.61,-80.604,NaN,NaN,NaN,NaN,0.42,89.917
194.69,538.123,-8.032,10.824,0.147,1.725,-352.579,0.692,352.579,270.112,7.256,1.719,28.61,-80.604,NaN,NaN,NaN,NaN,0.42,89.917
195.1,534.841,-7.972,10.318,-0.111,0.783,-355.41,0.692,355.411,270.112,6.551,0.775,28.61,-80.604,NaN,NaN,NaN,NaN,0.42,89.917
195.513,531.538,-8.018,10.559,-0.027,0.096,-358.183,0.692,358.183,270.111,6.871,0.092,28.61,-80.604,NaN,NaN,NaN,NaN,0.42,89.917
195.924,528.243,-8.029,10.543,0.102,1.417,-360.996,0.691,360.997,270.11,6.833,1.414,28.61,-80.604,NaN,NaN,NaN,NaN,0.42,89.917
196.334,524.96,-7.987,10.897,-0.065,0.779,-363.916,0.691,363.917,270.109,7.413,0.777,28.61,-80.604,NaN,NaN,NaN,NaN,0.42,89.917
196.745,521.664,-8.014,11.136,-0.028,0.064,-367.036,0.691,367.037,270.108,7.733,0.058,28.61,-80.604,NaN,NaN,NaN,NaN,0.42,89.917
197.156,518.373,-8.025,11.128,0.076,1.213,-370.205,0.691,370.206,270.107,7.709,1.211,28.61,-80.604,NaN,NaN,NaN,NaN,0.42,89.917
197.566,515.091,-7.994,10.767,-0.027,0.918,-373.263,0.691,373.263,270.106,7.213,0.918,28.61,-80.604,NaN,NaN,NaN,NaN,0.42,89.917
197.977,511.801,-8.005,10.527,-0.035,0.304,-376.151,0.691,376.152,270.105,6.836,0.302,28.61,-80.604,NaN,NaN,NaN,NaN,0.42,89.917
198.387,508.512,-8.02,10.457,0.007,0.412,-378.932,0.69,378.933,270.104,6.712,0.411,28.61,-80.604,NaN,NaN,NaN,NaN,0.42,89.917
198.797,505.227,-8.017,10.564,-6.589e-4,0.311,-381.716,0.69,381.717,270.104,6.88,0.311,28.61,-80.604,NaN,NaN,NaN,NaN,0.42,89.917
199.207,501.943,-8.017,10.648,0.002,0.274,-384.561,0.69,384.561,270.103,7.008,0.274,28.61,-80.604,NaN,NaN,NaN,NaN,0.42,89.917
199.616,498.66,-8.016,10.721,0.035,0.841,-387.453,0.69,387.454,270.102,7.12,0.84,28.61,-80.604,NaN,NaN,NaN,NaN,0.42,89.917
200.026,495.381,-8.002,10.942,-0.032,0.13,-390.439,0.69,390.44,270.101,7.464,0.126,28.61,-80.604,NaN,NaN,NaN,NaN,0.42,89.917
200.436,492.097,-8.015,10.917,0.003,0.083,-393.489,0.69,393.489,270.1,7.412,0.083,28.61,-80.604,NaN,NaN,NaN,NaN,0.42,89.917
200.845,488.817,-8.014,10.893,0.014,0.477,-396.515,0.689,396.516,270.1,7.378,0.477,28.61,-80.604,NaN,NaN,NaN,NaN,0.42,89.917
201.254,485.539,-8.008,11.022,0.013,0.652,-399.574,0.689,399.575,270.099,7.573,0.652,28.61,-80.604,NaN,NaN,NaN,NaN,0.42,89.917
201.664,482.262,-8.002,10.836,0.099,1.542,-402.62,0.689,402.62,270.098,7.306,1.539,28.61,-80.604,NaN,NaN,NaN,NaN,0.42,89.917
202.073,478.994,-7.962,10.391,-0.113,0.166,-405.482,0.689,405.483,270.097,6.676,0.122,28.61,-80.604,NaN,NaN,NaN,NaN,0.42,89.917
202.485,475.709,-8.008,10.394,0.008,0.309,-408.219,0.689,408.219,270.097,6.626,0.309,28.61,-80.604,NaN,NaN,NaN,NaN,0.42,89.917
202.893,472.434,-8.005,10.473,0.016,0.589,-410.954,0.689,410.955,270.096,6.753,0.589,28.61,-80.604,NaN,NaN,NaN,NaN,0.42,89.917
203.302,469.162,-7.999,10.314,-5.706e-4,0.52,-413.666,0.688,413.667,270.095,6.512,0.52,28.61,-80.604,NaN,NaN,NaN,NaN,0.42,89.917
203.711,465.89,-7.999,10.45,-0.011,0.052,-416.374,0.688,416.375,270.095,6.725,0.051,28.61,-80.604,NaN,NaN,NaN,NaN,0.42,89.917
204.12,462.617,-8.003,10.467,0.003,0.079,-419.128,0.688,419.129,270.094,6.746,0.079,28.61,-80.604,NaN,NaN,NaN,NaN,0.42,89.917
204.529,459.347,-8.002,10.445,0.009,0.357,-421.878,0.688,421.879,270.093,6.713,0.357,28.61,-80.604,NaN,NaN,NaN,NaN,0.42,89.917
204.938,456.079,-7.998,10.536,0.008,0.48,-424.651,0.688,424.651,270.093,6.859,0.48,28.61,-80.604,NaN,NaN,NaN,NaN,0.42,89.917
205.346,452.811,-7.995,10.662,0.095,1.446,-427.494,0.688,427.494,270.092,7.055,1.443,28.61,-80.604,NaN,NaN,NaN,NaN,0.42,89.917
205.755,449.552,-7.956,11.034,-0.094,0.375,-430.497,0.688,430.498,270.092,7.645,0.363,28.61,-80.604,NaN,NaN,NaN,NaN,0.42,89.917
206.165,446.278,-7.994,11.165,0.046,0.993,-433.667,0.687,433.667,270.091,7.794,0.991,28.61,-80.604,NaN,NaN,NaN,NaN,0.42,89.917
206.574,443.016,-7.975,10.872,6.675e-4,0.964,-436.767,0.687,436.768,270.09,7.389,0.964,28.61,-80.604,NaN,NaN,NaN,NaN,0.42,89.917
206.983,439.752,-7.975,10.608,-0.012,0.794,-439.711,0.687,439.711,270.09,6.995,0.794,28.61,-80.605,NaN,NaN,NaN,NaN,0.42,89.917
207.392,436.488,-7.98,10.4,0.001,0.769,-442.506,0.687,442.506,270.089,6.67,0.769,28.61,-80.605,NaN,NaN,NaN,NaN,0.42,89.917
207.801,433.226,-7.98,10.201,-0.027,0.057,-445.168,0.687,445.168,270.088,6.355,0.05,28.61,-80.605,NaN,NaN,NaN,NaN,0.42,89.917
208.21,429.963,-7.99,10.197,0.017,0.523,-447.761,0.687,447.761,270.088,6.335,0.522,28.61,-80.605,NaN,NaN,NaN,NaN,0.42,89.917
208.618,426.705,-7.984,10.325,0.014,0.698,-450.389,0.686,450.389,270.087,6.548,0.698,28.61,-80.605,NaN,NaN,NaN,NaN,0.42,89.917
209.026,423.447,-7.978,10.504,-0.016,0.319,-453.119,0.686,453.12,270.087,6.832,0.318,28.61,-80.605,NaN,NaN,NaN,NaN,0.42,89.917
209.434,420.188,-7.985,10.425,0.07,1.2,-455.883,0.686,455.883,270.086,6.703,1.198,28.61,-80.605,NaN,NaN,NaN,NaN,0.42,89.917
209.842,416.937,-7.956,10.095,-0.056,0.498,-458.517,0.686,458.518,270.086,6.214,0.495,28.61,-80.605,NaN,NaN,NaN,NaN,0.42,89.917
210.251,413.677,-7.979,10.239,-0.009,0.067,-461.101,0.686,461.102,270.085,6.416,0.067,28.61,-80.605,NaN,NaN,NaN,NaN,0.42,89.917
210.659,410.422,-7.983,10.225,0.003,0.015,-463.713,0.686,463.713,270.085,6.389,0.015,28.61,-80.605,NaN,NaN,NaN,NaN,0.42,89.917
211.067,407.168,-7.982,10.22,0.06,1.066,-466.315,0.685,466.316,270.084,6.383,1.065,28.61,-80.605,NaN,NaN,NaN,NaN,0.42,89.917
211.474,403.921,-7.957,10.478,-0.026,0.741,-469.005,0.685,469.005,270.084,6.817,0.741,28.61,-80.605,NaN,NaN,NaN,NaN,0.42,89.917
211.883,400.667,-7.968,10.291,-0.006,0.601,-471.728,0.685,471.729,270.083,6.514,0.601,28.61,-80.605,NaN,NaN,NaN,NaN,0.42,89.917
212.291,397.416,-7.97,10.14,-0.015,0.054,-474.336,0.685,474.336,270.083,6.269,0.052,28.61,-80.605,NaN,NaN,NaN,NaN,0.42,89.917
212.699,394.166,-7.976,10.132,0.04,0.86,-476.887,0.685,476.888,270.082,6.248,0.859,28.61,-80.605,NaN,NaN,NaN,NaN,0.42,89.917
213.106,390.921,-7.96,9.907,-0.033,0.123,-479.36,0.685,479.361,270.082,5.898,0.119,28.61,-80.605,NaN,NaN,NaN,NaN,0.42,89.917
213.514,387.671,-7.974,9.889,0.018,0.545,-481.756,0.685,481.757,270.081,5.849,0.545,28.61,-80.605,NaN,NaN,NaN,NaN,0.42,89.917
213.921,384.426,-7.966,10.016,0.234,2.275,-484.183,0.684,484.183,270.081,6.071,2.263,28.61,-80.605,NaN,NaN,NaN,NaN,0.42,89.917
214.328,381.2,-7.871,10.529,-0.185,1.064,-486.844,0.684,486.844,270.081,6.993,1.048,28.61,-80.605,NaN,NaN,NaN,NaN,0.42,89.917
214.74,377.94,-7.947,10.876,-0.035,0.595,-489.815,0.684,489.815,270.08,7.425,0.594,28.61,-80.605,NaN,NaN,NaN,NaN,0.42,89.917
215.148,374.694,-7.961,10.722,-0.007,0.402,-492.795,0.684,492.796,270.08,7.182,0.402,28.61,-80.605,NaN,NaN,NaN,NaN,0.42,89.917
215.556,371.451,-7.964,10.616,0.162,1.851,-495.687,0.684,495.687,270.079,7.019,1.843,28.61,-80.605,NaN,NaN,NaN,NaN,0.42,89.917
215.963,368.224,-7.898,11.079,-0.161,0.243,-498.696,0.684,498.696,270.079,7.769,0.182,28.61,-80.605,NaN,NaN,NaN,NaN,0.42,89.917
216.373,364.97,-7.965,11.074,0.152,1.755,-501.867,0.683,501.868,270.078,7.694,1.749,28.61,-80.605,NaN,NaN,NaN,NaN,0.42,89.917
216.78,361.744,-7.903,10.546,-0.061,1.303,-504.852,0.683,504.852,270.078,6.983,1.301,28.61,-80.605,NaN,NaN,NaN,NaN,0.42,89.917
217.189,358.501,-7.928,10.22,0.027,1.479,-507.604,0.683,507.604,270.077,6.45,1.479,28.61,-80.605,NaN,NaN,NaN,NaN,0.42,89.917
217.598,355.266,-7.917,9.841,0.106,2.087,-510.114,0.683,510.115,270.077,5.846,2.084,28.61,-80.605,NaN,NaN,NaN,NaN,0.42,89.917
218.006,352.039,-7.873,9.324,-0.207,0.295,-512.329,0.683,512.33,270.076,4.994,0.21,28.61,-80.605,NaN,NaN,NaN,NaN,0.42,89.917
218.417,348.786,-7.958,9.35,0.121,1.556,-514.364,0.683,514.364,270.076,4.908,1.551,28.61,-80.605,NaN,NaN,NaN,NaN,0.42,89.917
218.824,345.563,-7.909,9.655,0.082,2.008,-516.486,0.683,516.486,270.076,5.538,2.006,28.61,-80.605,NaN,NaN,NaN,NaN,0.42,89.917
219.232,342.337,-7.875,10.122,-0.177,0.607,-518.917,0.682,518.918,270.075,6.358,0.58,28.61,-80.605,NaN,NaN,NaN,NaN,0.42,89.917
219.643,339.09,-7.948,10.031,-0.01,0.264,-521.478,0.682,521.478,270.075,6.12,0.264,28.61,-80.605,NaN,NaN,NaN,NaN,0.42,89.917
220.049,335.858,-7.952,9.97,0.07,1.188,-523.944,0.682,523.944,270.075,6.013,1.186,28.61,-80.605,NaN,NaN,NaN,NaN,0.42,89.917
220.455,332.634,-7.924,10.245,-0.066,0.164,-526.484,0.682,526.484,270.074,6.494,0.15,28.61,-80.605,NaN,NaN,NaN,NaN,0.42,89.917
220.863,329.4,-7.951,10.228,0.005,0.236,-529.118,0.682,529.118,270.074,6.433,0.236,28.61,-80.605,NaN,NaN,NaN,NaN,0.42,89.917
221.269,326.173,-7.949,10.286,0.004,0.29,-531.749,0.682,531.749,270.073,6.529,0.29,28.61,-80.605,NaN,NaN,NaN,NaN,0.42,89.917
221.675,322.946,-7.947,10.211,0.002,0.245,-534.375,0.682,534.376,270.073,6.411,0.245,28.61,-80.605,NaN,NaN,NaN,NaN,0.42,89.917
222.081,319.721,-7.946,10.148,0.042,0.912,-536.957,0.681,536.958,270.073,6.312,0.911,28.61,-80.606,NaN,NaN,NaN,NaN,0.42,89.917
222.486,316.499,-7.929,9.909,0.019,1.067,-539.444,0.681,539.444,270.072,5.942,1.067,28.61,-80.606,NaN,NaN,NaN,NaN,0.42,89.917
222.893,313.277,-7.922,9.649,-0.045,0.437,-541.772,0.681,541.772,270.072,5.508,0.434,28.61,-80.606,NaN,NaN,NaN,NaN,0.42,89.917
223.3,310.051,-7.94,9.564,0.067,1.214,-543.976,0.681,543.977,270.072,5.332,1.212,28.61,-80.606,NaN,NaN,NaN,NaN,0.42,89.917
223.706,306.835,-7.913,9.275,-0.041,0.757,-546.04,0.681,546.04,270.071,4.84,0.756,28.61,-80.606,NaN,NaN,NaN,NaN,0.42,89.917
224.113,303.61,-7.929,9.454,0.131,1.791,-548.072,0.681,548.073,270.071,5.147,1.786,28.61,-80.606,NaN,NaN,NaN,NaN,0.42,89.917
224.519,300.402,-7.876,9.825,0.132,2.434,-550.31,0.681,550.31,270.071,5.872,2.431,28.61,-80.606,NaN,NaN,NaN,NaN,0.42,89.917
224.927,297.194,-7.822,10.408,-0.282,0.282,-552.912,0.681,552.913,270.071,6.866,0.003,28.61,-80.606,NaN,NaN,NaN,NaN,0.42,89.917
225.339,293.952,-7.938,10.495,0.049,0.932,-555.736,0.68,555.737,270.07,6.865,0.931,28.61,-80.606,NaN,NaN,NaN,NaN,0.42,89.917
225.744,290.74,-7.919,10.237,-0.031,0.44,-558.441,0.68,558.442,270.07,6.487,0.439,28.61,-80.606,NaN,NaN,NaN,NaN,0.42,89.917
226.15,287.522,-7.931,10.36,-0.007,0.077,-561.112,0.68,561.112,270.069,6.666,0.076,28.61,-80.606,NaN,NaN,NaN,NaN,0.42,89.917
226.555,284.306,-7.934,10.382,0.008,0.311,-563.82,0.68,563.82,270.069,6.697,0.311,28.61,-80.606,NaN,NaN,NaN,NaN,0.42,89.917
226.96,281.093,-7.931,10.299,0.047,0.98,-566.507,0.68,566.508,270.069,6.571,0.979,28.61,-80.606,NaN,NaN,NaN,NaN,0.42,89.917
227.365,277.885,-7.912,10.542,0.016,1.101,-569.249,0.68,569.25,270.068,6.967,1.101,28.61,-80.606,NaN,NaN,NaN,NaN,0.42,89.917
227.771,274.674,-7.905,10.247,-0.055,0.262,-571.987,0.679,571.987,270.068,6.521,0.256,28.61,-80.606,NaN,NaN,NaN,NaN,0.42,89.917
228.177,271.459,-7.928,10.199,0.002,0.188,-574.614,0.679,574.614,270.068,6.417,0.188,28.61,-80.606,NaN,NaN,NaN,NaN,0.42,89.917
228.582,268.25,-7.927,10.247,0.099,1.4,-577.227,0.679,577.228,270.067,6.493,1.397,28.61,-80.606,NaN,NaN,NaN,NaN,0.42,89.917
228.987,265.049,-7.887,10.584,-0.086,0.401,-579.97,0.679,579.97,270.067,7.058,0.391,28.61,-80.606,NaN,NaN,NaN,NaN,0.42,89.917
229.394,261.834,-7.922,10.717,0.03,0.829,-582.873,0.679,582.873,270.067,7.217,0.828,28.61,-80.606,NaN,NaN,NaN,NaN,0.42,89.917
229.799,258.63,-7.91,10.485,-0.027,0.316,-585.726,0.679,585.727,270.066,6.882,0.315,28.61,-80.606,NaN,NaN,NaN,NaN,0.42,89.917
230.204,255.422,-7.921,10.577,-2.993e-4,0.186,-588.541,0.679,588.542,270.066,7.01,0.186,28.61,-80.606,NaN,NaN,NaN,NaN,0.42,89.917
230.608,252.218,-7.921,10.527,0.095,1.376,-591.362,0.678,591.362,270.066,6.934,1.373,28.61,-80.606,NaN,NaN,NaN,NaN,0.42,89.917
231.013,249.022,-7.882,10.873,-0.091,0.105,-594.279,0.678,594.279,270.065,7.49,0.054,28.61,-80.606,NaN,NaN,NaN,NaN,0.42,89.917
231.419,245.812,-7.919,10.885,0.016,0.498,-597.318,0.678,597.318,270.065,7.468,0.498,28.61,-80.606,NaN,NaN,NaN,NaN,0.42,89.917
231.824,242.611,-7.913,10.743,0.029,0.874,-600.296,0.678,600.297,270.065,7.266,0.873,28.61,-80.606,NaN,NaN,NaN,NaN,0.42,89.917
232.228,239.413,-7.901,10.499,-0.033,0.218,-603.164,0.678,603.165,270.064,6.913,0.215,28.61,-80.606,NaN,NaN,NaN,NaN,0.42,89.917
232.633,236.21,-7.914,10.566,0.002,0.17,-605.981,0.678,605.982,270.064,7,0.17,28.61,-80.606,NaN,NaN,NaN,NaN,0.42,89.917
233.037,233.012,-7.914,10.611,0.132,1.631,-608.825,0.677,608.825,270.064,7.069,1.625,28.61,-80.606,NaN,NaN,NaN,NaN,0.42,89.917
233.441,229.825,-7.86,10.144,-0.089,0.869,-611.549,0.677,611.549,270.063,6.412,0.864,28.61,-80.606,NaN,NaN,NaN,NaN,0.42,89.917
233.848,226.621,-7.896,10.397,-0.014,0.646,-614.228,0.677,614.228,270.063,6.764,0.646,28.61,-80.606,NaN,NaN,NaN,NaN,0.42,89.917
234.253,223.424,-7.902,10.573,0.003,0.654,-617.018,0.677,617.019,270.063,7.025,0.654,28.61,-80.606,NaN,NaN,NaN,NaN,0.42,89.917
234.657,220.229,-7.901,10.398,-0.016,0.222,-619.805,0.677,619.806,270.063,6.761,0.221,28.61,-80.606,NaN,NaN,NaN,NaN,0.42,89.917
235.061,217.034,-7.907,10.345,0.059,1.08,-622.52,0.677,622.52,270.062,6.671,1.078,28.61,-80.606,NaN,NaN,NaN,NaN,0.42,89.917
235.465,213.846,-7.883,10.614,-0.055,0.063,-625.302,0.676,625.302,270.062,7.107,0.03,28.61,-80.606,NaN,NaN,NaN,NaN,0.42,89.917
235.87,210.65,-7.906,10.622,0.049,0.958,-628.177,0.676,628.177,270.062,7.095,0.956,28.61,-80.606,NaN,NaN,NaN,NaN,0.42,89.917
236.274,207.463,-7.886,10.353,-0.029,0.518,-630.962,0.676,630.963,270.061,6.708,0.517,28.61,-80.606,NaN,NaN,NaN,NaN,0.42,89.917
236.678,204.271,-7.898,10.499,0.007,0.592,-633.718,0.676,633.718,270.061,6.918,0.592,28.61,-80.606,NaN,NaN,NaN,NaN,0.42,89.917
237.082,201.082,-7.895,10.656,0.002,0.576,-636.559,0.676,636.56,270.061,7.157,0.576,28.61,-80.607,NaN,NaN,NaN,NaN,0.42,89.917
237.486,197.895,-7.894,10.813,0.047,1.105,-639.496,0.676,639.497,270.061,7.389,1.104,28.61,-80.607,NaN,NaN,NaN,NaN,0.42,89.917
237.889,194.711,-7.875,10.499,-0.033,0.701,-642.389,0.676,642.39,270.06,6.943,0.7,28.61,-80.607,NaN,NaN,NaN,NaN,0.42,89.917
238.294,191.523,-7.888,10.324,0.059,1.271,-645.141,0.675,645.142,270.06,6.66,1.269,28.61,-80.607,NaN,NaN,NaN,NaN,0.42,89.917
238.698,188.342,-7.865,9.982,-0.075,0.246,-647.727,0.675,647.727,270.06,6.148,0.235,28.61,-80.607,NaN,NaN,NaN,NaN,0.42,89.917
239.103,185.152,-7.895,9.948,0.018,0.583,-650.197,0.675,650.197,270.059,6.053,0.583,28.61,-80.607,NaN,NaN,NaN,NaN,0.42,89.917
239.506,181.971,-7.888,10.087,0.012,0.719,-652.684,0.675,652.685,270.059,6.288,0.719,28.61,-80.607,NaN,NaN,NaN,NaN,0.42,89.917
239.909,178.789,-7.883,10.267,-0.023,0.069,-655.279,0.675,655.28,270.059,6.578,0.065,28.61,-80.607,NaN,NaN,NaN,NaN,0.42,89.917
240.313,175.606,-7.892,10.257,0.005,0.211,-657.928,0.675,657.929,270.059,6.551,0.211,28.61,-80.607,NaN,NaN,NaN,NaN,0.42,89.917
240.716,172.427,-7.89,10.31,0.043,0.914,-660.585,0.674,660.586,270.059,6.636,0.913,28.61,-80.607,NaN,NaN,NaN,NaN,0.42,89.917
241.118,169.251,-7.873,10.538,-0.038,0.136,-663.333,0.674,663.334,270.058,7.004,0.13,28.61,-80.607,NaN,NaN,NaN,NaN,0.42,89.917
241.522,166.07,-7.889,10.514,0.014,0.48,-666.15,0.674,666.15,270.058,6.952,0.48,28.61,-80.607,NaN,NaN,NaN,NaN,0.42,89.917
241.925,162.893,-7.883,10.639,0.009,0.583,-668.989,0.674,668.989,270.058,7.145,0.583,28.61,-80.607,NaN,NaN,NaN,NaN,0.42,89.917
242.328,159.718,-7.88,10.796,0.004,0.594,-671.915,0.674,671.915,270.057,7.38,0.594,28.61,-80.607,NaN,NaN,NaN,NaN,0.42,89.917
242.731,156.543,-7.878,10.96,0.018,0.805,-674.937,0.674,674.938,270.057,7.619,0.805,28.61,-80.607,NaN,NaN,NaN,NaN,0.42,89.917
243.134,153.37,-7.871,11.183,0.063,1.369,-678.073,0.674,678.073,270.057,7.944,1.368,28.61,-80.607,NaN,NaN,NaN,NaN,0.42,89.917
243.537,150.201,-7.845,10.779,-0.086,0.302,-681.164,0.673,681.165,270.057,7.392,0.29,28.61,-80.607,NaN,NaN,NaN,NaN,0.42,89.917
243.941,147.022,-7.88,10.725,0.042,0.922,-684.13,0.673,684.13,270.056,7.275,0.921,28.61,-80.607,NaN,NaN,NaN,NaN,0.42,89.917
244.344,143.854,-7.863,10.968,0.02,1.088,-687.133,0.673,687.133,270.056,7.646,1.088,28.61,-80.607,NaN,NaN,NaN,NaN,0.42,89.917
244.747,140.685,-7.855,10.661,-0.024,0.807,-690.127,0.673,690.127,270.056,7.207,0.807,28.61,-80.607,NaN,NaN,NaN,NaN,0.42,89.917
245.151,137.513,-7.865,10.451,0.077,1.468,-692.969,0.673,692.97,270.056,6.882,1.466,28.61,-80.607,NaN,NaN,NaN,NaN,0.42,89.917
245.553,134.351,-7.834,10.047,-0.102,0.222,-695.623,0.673,695.623,270.055,6.291,0.197,28.61,-80.607,NaN,NaN,NaN,NaN,0.42,89.917
245.958,131.175,-7.875,10.03,0.024,0.67,-698.15,0.672,698.151,270.055,6.211,0.67,28.61,-80.607,NaN,NaN,NaN,NaN,0.42,89.917
246.36,128.01,-7.866,9.858,0.045,1.133,-700.594,0.672,700.594,270.055,5.942,1.133,28.61,-80.607,NaN,NaN,NaN,NaN,0.42,89.917
246.762,124.848,-7.848,9.575,-0.005,1.057,-702.894,0.672,702.894,270.055,5.486,1.057,28.61,-80.607,NaN,NaN,NaN,NaN,0.42,89.917
247.166,121.682,-7.85,9.827,-0.023,0.769,-705.192,0.672,705.192,270.055,5.912,0.769,28.61,-80.607,NaN,NaN,NaN,NaN,0.42,89.917
247.569,118.517,-7.859,10.024,-0.015,0.493,-707.637,0.672,707.638,270.054,6.222,0.493,28.61,-80.607,NaN,NaN,NaN,NaN,0.42,89.917
247.971,115.352,-7.865,10.153,0.006,0.558,-710.181,0.672,710.181,270.054,6.42,0.558,28.61,-80.607,NaN,NaN,NaN,NaN,0.42,89.917
248.373,112.191,-7.862,10.294,0.041,1.037,-712.807,0.672,712.808,270.054,6.645,1.036,28.61,-80.607,NaN,NaN,NaN,NaN,0.42,89.917
248.775,109.033,-7.846,10.555,-0.048,0.253,-715.563,0.671,715.563,270.054,7.061,0.249,28.61,-80.607,NaN,NaN,NaN,NaN,0.42,89.917
249.178,105.869,-7.865,10.503,0.004,0.276,-718.386,0.671,718.387,270.054,6.961,0.276,28.61,-80.607,NaN,NaN,NaN,NaN,0.42,89.917
249.58,102.71,-7.864,10.429,-2.364e-4,0.118,-721.16,0.671,721.16,270.053,6.85,0.118,28.61,-80.607,NaN,NaN,NaN,NaN,0.42,89.917
249.981,99.552,-7.864,10.46,0.003,0.123,-723.921,0.671,723.921,270.053,6.897,0.123,28.61,-80.607,NaN,NaN,NaN,NaN,0.42,89.917
250.383,96.395,-7.863,10.492,0.002,0.084,-726.7,0.671,726.7,270.053,6.947,0.084,28.61,-80.607,NaN,NaN,NaN,NaN,0.42,89.917
250.784,93.239,-7.862,10.513,0.015,0.495,-729.496,0.671,729.496,270.053,6.98,0.494,28.61,-80.607,NaN,NaN,NaN,NaN,0.42,89.917
251.186,90.085,-7.856,10.378,0.128,1.678,-732.257,0.67,732.258,270.052,6.782,1.673,28.61,-80.608,NaN,NaN,NaN,NaN,0.42,89.917
251.587,86.941,-7.804,9.911,-0.13,0.345,-734.846,0.67,734.846,270.052,6.11,0.32,28.61,-80.608,NaN,NaN,NaN,NaN,0.42,89.917
251.991,83.776,-7.856,9.874,0.065,1.157,-737.289,0.67,737.289,270.052,5.981,1.155,28.61,-80.608,NaN,NaN,NaN,NaN,0.42,89.917
252.393,80.629,-7.83,9.579,-0.062,0.193,-739.596,0.67,739.596,270.052,5.517,0.183,28.61,-80.608,NaN,NaN,NaN,NaN,0.42,89.917
252.795,77.472,-7.855,9.557,0.037,0.84,-741.802,0.67,741.802,270.052,5.444,0.839,28.61,-80.608,NaN,NaN,NaN,NaN,0.42,89.917
253.196,74.325,-7.841,9.741,0.022,1.043,-744.053,0.67,744.053,270.052,5.78,1.043,28.61,-80.608,NaN,NaN,NaN,NaN,0.42,89.917
253.598,71.177,-7.832,9.988,-0.051,0.127,-746.459,0.67,746.459,270.051,6.199,0.116,28.61,-80.608,NaN,NaN,NaN,NaN,0.42,89.917
254,68.024,-7.852,10.033,0.035,0.811,-748.961,0.67,748.961,270.051,6.246,0.81,28.61,-80.608,NaN,NaN,NaN,NaN,0.42,89.917
254.401,64.879,-7.838,9.823,-0.014,0.561,-751.4,0.669,751.4,270.051,5.921,0.561,28.61,-80.608,NaN,NaN,NaN,NaN,0.42,89.917
254.802,61.73,-7.844,9.694,0.016,0.75,-753.732,0.669,753.732,270.051,5.696,0.75,28.61,-80.608,NaN,NaN,NaN,NaN,0.42,89.917
255.203,58.586,-7.838,9.869,-0.014,0.481,-756.077,0.669,756.077,270.051,5.997,0.481,28.61,-80.608,NaN,NaN,NaN,NaN,0.42,89.917
255.605,55.439,-7.843,9.757,-0.009,0.048,-758.445,0.669,758.445,270.051,5.804,0.047,28.61,-80.608,NaN,NaN,NaN,NaN,0.42,89.917
256.006,52.294,-7.847,9.749,0.027,0.688,-760.768,0.669,760.768,270.05,5.785,0.687,28.61,-80.608,NaN,NaN,NaN,NaN,0.42,89.917
256.406,49.153,-7.836,9.906,0.107,1.61,-763.14,0.669,763.141,270.05,6.06,1.606,28.61,-80.608,NaN,NaN,NaN,NaN,0.42,89.917
256.807,46.02,-7.793,10.28,-0.124,0.149,-765.7,0.669,765.7,270.05,6.705,0.082,28.61,-80.608,NaN,NaN,NaN,NaN,0.42,89.917
257.21,42.868,-7.843,10.297,0.003,0.042,-768.396,0.668,768.396,270.05,6.672,0.042,28.61,-80.608,NaN,NaN,NaN,NaN,0.42,89.917
257.611,39.728,-7.842,10.285,0.102,1.412,-771.064,0.668,771.064,270.05,6.655,1.408,28.61,-80.608,NaN,NaN,NaN,NaN,0.42,89.917
258.011,36.596,-7.801,10.629,-0.092,0.297,-773.841,0.668,773.841,270.049,7.219,0.283,28.61,-80.608,NaN,NaN,NaN,NaN,0.42,89.917
258.413,33.45,-7.838,10.579,0.062,1.122,-776.722,0.668,776.722,270.049,7.105,1.121,28.61,-80.608,NaN,NaN,NaN,NaN,0.42,89.917
258.814,30.318,-7.813,10.264,-0.034,0.718,-779.477,0.668,779.477,270.049,6.656,0.717,28.61,-80.608,NaN,NaN,NaN,NaN,0.42,89.917
259.215,27.178,-7.827,10.463,0.016,0.881,-782.207,0.668,782.207,270.049,6.944,0.881,28.61,-80.608,NaN,NaN,NaN,NaN,0.42,89.917
259.616,24.043,-7.821,10.228,-0.021,0.551,-784.918,0.668,784.918,270.049,6.591,0.551,28.61,-80.608,NaN,NaN,NaN,NaN,0.42,89.917
260.017,20.907,-7.829,10.093,-0.012,0.064,-787.516,0.667,787.516,270.049,6.37,0.063,28.61,-80.608,NaN,NaN,NaN,NaN,0.42,89.917
260.417,17.772,-7.834,10.081,0.003,0.011,-790.061,0.667,790.061,270.048,6.345,0.011,28.61,-80.608,NaN,NaN,NaN,NaN,0.42,89.917
260.817,14.639,-7.833,10.083,0.003,0.053,-792.6,0.667,792.6,270.048,6.35,0.053,28.61,-80.608,NaN,NaN,NaN,NaN,0.42,89.917
261.217,11.507,-7.832,10.096,0.031,0.746,-795.143,0.667,795.143,270.048,6.371,0.745,28.61,-80.608,NaN,NaN,NaN,NaN,0.42,89.917
261.617,8.378,-7.819,10.277,-0.008,0.586,-797.75,0.667,797.75,270.048,6.669,0.586,28.61,-80.608,NaN,NaN,NaN,NaN,0.42,89.917
262.017,5.247,-7.823,10.129,-0.004,0.458,-800.372,0.667,800.373,270.048,6.434,0.458,28.61,-80.608,NaN,NaN,NaN,NaN,0.42,89.917
262.417,2.117,-7.824,10.014,0.065,1.204,-802.91,0.667,802.91,270.048,6.251,1.202,28.61,-80.608,NaN,NaN,NaN,NaN,0.42,89.917
262.688,0,-7.807,10.207,-0.014,0.834,-804.647,0.666,804.647,270.047,6.576,0.834,28.61,-80.608,NaN,NaN,NaN,NaN,0.42,89.917
